task,algorithm,seed,normalized_HV,IGD_plus,dimension
DTLZ1_D14,MF-BCL-SAEA,1,0.793811409353442,0.014965927890278063,14
DTLZ1_D14,MF-BCL-SAEA,2,0.7819700518559856,0.01554175404116526,14
DTLZ1_D14,MF-BCL-SAEA,3,0.7831209338205938,0.017918973724018055,14
DTLZ1_D14,MF-BCL-SAEA,4,0.8082486513623247,0.015456705828172738,14
DTLZ1_D14,MF-BCL-SAEA,5,0.7746711946869489,0.019699324079607106,14
DTLZ1_D14,MF-BCL-SAEA,6,0.7805968806362551,0.01848956439340441,14
DTLZ1_D14,MF-BCL-SAEA,7,0.7836583779426851,0.015877926301215674,14
DTLZ1_D14,MF-BCL-SAEA,8,0.7994713678955863,0.01586694164640784,14
DTLZ1_D14,MF-BCL-SAEA,9,0.7807564556756114,0.019022597399601507,14
DTLZ1_D14,MF-BCL-SAEA,10,0.788130306443741,0.01287536839717214,14
DTLZ1_D14,MF-BCL-SAEA,11,0.7798659910437488,0.01593830959666067,14
DTLZ1_D14,MF-BCL-SAEA,12,0.7927368852548443,0.018162749588715065,14
DTLZ1_D14,MF-BCL-SAEA,13,0.790964980552267,0.01966492852887922,14
DTLZ1_D14,MF-BCL-SAEA,14,0.7948025656556565,0.016333219658044625,14
DTLZ1_D14,MF-BCL-SAEA,15,0.7992869303006996,0.015629251446905624,14
DTLZ1_D14,MF-BCL-SAEA,16,0.7941946005406225,0.0140435205587647,14
DTLZ1_D14,MF-BCL-SAEA,17,0.7961529417003761,0.017980513071411984,14
DTLZ1_D14,MF-BCL-SAEA,18,0.7846998501079108,0.013525699891019479,14
DTLZ1_D14,MF-BCL-SAEA,19,0.7860983707942475,0.01592176951101455,14
DTLZ1_D14,MF-BCL-SAEA,20,0.7925849072028055,0.0168545941983436,14
DTLZ1_D14,MF-EMTO,1,0.761509036571211,0.022080134067220775,14
DTLZ1_D14,MF-EMTO,2,0.8112074846211806,0.012570624524083696,14
DTLZ1_D14,MF-EMTO,3,0.7602578238198319,0.016449339728041693,14
DTLZ1_D14,MF-EMTO,4,0.7883372628267067,0.015677550642136506,14
DTLZ1_D14,MF-EMTO,5,0.7797532810706278,0.016652587176726623,14
DTLZ1_D14,MF-EMTO,6,0.787915853979927,0.016007265604240057,14
DTLZ1_D14,MF-EMTO,7,0.8059401737162754,0.015162937872851293,14
DTLZ1_D14,MF-EMTO,8,0.7651371060136266,0.017096207238121792,14
DTLZ1_D14,MF-EMTO,9,0.79086581766113,0.021148667828625387,14
DTLZ1_D14,MF-EMTO,10,0.7434393485350099,0.02137115041470307,14
DTLZ1_D14,MF-EMTO,11,0.7518808444147235,0.019986656367609483,14
DTLZ1_D14,MF-EMTO,12,0.7741641297152417,0.018271233160615973,14
DTLZ1_D14,MF-EMTO,13,0.7782551633956424,0.016829380724331884,14
DTLZ1_D14,MF-EMTO,14,0.7612380439000153,0.02032818119068589,14
DTLZ1_D14,MF-EMTO,15,0.7950293670279875,0.017515767987716577,14
DTLZ1_D14,MF-EMTO,16,0.7519344488036716,0.02071957353648164,14
DTLZ1_D14,MF-EMTO,17,0.7774668718779146,0.019093478665632595,14
DTLZ1_D14,MF-EMTO,18,0.7656963974590372,0.017813727849271276,14
DTLZ1_D14,MF-EMTO,19,0.7925231515085536,0.016379348265389965,14
DTLZ1_D14,MF-EMTO,20,0.7573281173357087,0.01860085941851794,14
DTLZ1_D14,qNEHVI,1,0.8034939050863349,0.015230827511999948,14
DTLZ1_D14,qNEHVI,2,0.7826349967579144,0.017243420326923442,14
DTLZ1_D14,qNEHVI,3,0.7566925259777456,0.0208686493460804,14
DTLZ1_D14,qNEHVI,4,0.7555929102472645,0.018936747463425687,14
DTLZ1_D14,qNEHVI,5,0.7878181121744331,0.014634548061254679,14
DTLZ1_D14,qNEHVI,6,0.7836621470999375,0.01591469896532047,14
DTLZ1_D14,qNEHVI,7,0.7757253951048537,0.019503848976479603,14
DTLZ1_D14,qNEHVI,8,0.7830488210188766,0.015693353626834525,14
DTLZ1_D14,qNEHVI,9,0.7713130522361895,0.01686319148278098,14
DTLZ1_D14,qNEHVI,10,0.7450822317771298,0.02374590772357853,14
DTLZ1_D14,qNEHVI,11,0.7338196071751256,0.021534942236335432,14
DTLZ1_D14,qNEHVI,12,0.7692407755742908,0.01777226473589115,14
DTLZ1_D14,qNEHVI,13,0.7790835995131713,0.01851214212353146,14
DTLZ1_D14,qNEHVI,14,0.7676660686576865,0.018757800159790592,14
DTLZ1_D14,qNEHVI,15,0.7476813969543257,0.019971159431499883,14
DTLZ1_D14,qNEHVI,16,0.8145823174187902,0.017778197982477515,14
DTLZ1_D14,qNEHVI,17,0.7909956534961267,0.01668958628863658,14
DTLZ1_D14,qNEHVI,18,0.7733912475450447,0.01909722325169982,14
DTLZ1_D14,qNEHVI,19,0.7514403685820791,0.020101307043071528,14
DTLZ1_D14,qNEHVI,20,0.7812695959217644,0.02090095695124868,14
DTLZ1_D14,LC-SAEA,1,0.760934235156509,0.01822996202870623,14
DTLZ1_D14,LC-SAEA,2,0.7594591524300303,0.021740900874918118,14
DTLZ1_D14,LC-SAEA,3,0.7708367555082076,0.019558504504728538,14
DTLZ1_D14,LC-SAEA,4,0.727515488533728,0.020938248068084322,14
DTLZ1_D14,LC-SAEA,5,0.7587113490648241,0.018638111333986386,14
DTLZ1_D14,LC-SAEA,6,0.761482997884239,0.01663392718384067,14
DTLZ1_D14,LC-SAEA,7,0.7507996568486552,0.01978150902681465,14
DTLZ1_D14,LC-SAEA,8,0.7762095337672196,0.018566494915288494,14
DTLZ1_D14,LC-SAEA,9,0.7874704882852572,0.017039346649977746,14
DTLZ1_D14,LC-SAEA,10,0.7619994390026622,0.02091604191613877,14
DTLZ1_D14,LC-SAEA,11,0.7770180198598524,0.016982050576663864,14
DTLZ1_D14,LC-SAEA,12,0.7310956069532413,0.022412050774526987,14
DTLZ1_D14,LC-SAEA,13,0.7211640861881725,0.0213456646027516,14
DTLZ1_D14,LC-SAEA,14,0.7783851344545983,0.018957711072000352,14
DTLZ1_D14,LC-SAEA,15,0.7775444987819516,0.017060175315332653,14
DTLZ1_D14,LC-SAEA,16,0.769663634937784,0.018539669847342212,14
DTLZ1_D14,LC-SAEA,17,0.7426373464045761,0.017602137256507125,14
DTLZ1_D14,LC-SAEA,18,0.7700502977833054,0.016807323420927858,14
DTLZ1_D14,LC-SAEA,19,0.7470038580486508,0.020948248768841046,14
DTLZ1_D14,LC-SAEA,20,0.7653674445159794,0.01906123956812652,14
DTLZ1_D14,C-SAEA,1,0.758381669246158,0.0192846694318197,14
DTLZ1_D14,C-SAEA,2,0.7648372409130896,0.02106151631918973,14
DTLZ1_D14,C-SAEA,3,0.7306865730167948,0.022021960571783815,14
DTLZ1_D14,C-SAEA,4,0.7573410680640587,0.01863189193601474,14
DTLZ1_D14,C-SAEA,5,0.755443364499048,0.019440172058242167,14
DTLZ1_D14,C-SAEA,6,0.7705270557476401,0.019582510834775156,14
DTLZ1_D14,C-SAEA,7,0.7242204791864312,0.022437404029819686,14
DTLZ1_D14,C-SAEA,8,0.7813035584579876,0.015102548905409104,14
DTLZ1_D14,C-SAEA,9,0.741229675136872,0.02077021561495842,14
DTLZ1_D14,C-SAEA,10,0.7300476795039696,0.02007989275613524,14
DTLZ1_D14,C-SAEA,11,0.7640019440996598,0.019847733452538974,14
DTLZ1_D14,C-SAEA,12,0.7764134528236888,0.0163891608892722,14
DTLZ1_D14,C-SAEA,13,0.7350277914848279,0.022879064606028603,14
DTLZ1_D14,C-SAEA,14,0.7502603842659787,0.02341931870530256,14
DTLZ1_D14,C-SAEA,15,0.6868969268254296,0.026370574915420265,14
DTLZ1_D14,C-SAEA,16,0.7336486022305692,0.02071924068300222,14
DTLZ1_D14,C-SAEA,17,0.7764983423046011,0.01691493889564449,14
DTLZ1_D14,C-SAEA,18,0.7296558417898297,0.02043556931507933,14
DTLZ1_D14,C-SAEA,19,0.759672738735875,0.017968085896877983,14
DTLZ1_D14,C-SAEA,20,0.7790304981903394,0.021297194713656188,14
DTLZ1_D14,MOEA/D-GP,1,0.7222251561047042,0.020547291281057832,14
DTLZ1_D14,MOEA/D-GP,2,0.7182376367933981,0.022298972471587544,14
DTLZ1_D14,MOEA/D-GP,3,0.7316102220253935,0.023044023243147065,14
DTLZ1_D14,MOEA/D-GP,4,0.7317564971453102,0.020166665672390012,14
DTLZ1_D14,MOEA/D-GP,5,0.7483071273154431,0.01885091471951544,14
DTLZ1_D14,MOEA/D-GP,6,0.715239231068688,0.02198318463844878,14
DTLZ1_D14,MOEA/D-GP,7,0.7414048161277801,0.018702842531674008,14
DTLZ1_D14,MOEA/D-GP,8,0.7276353138041639,0.02379635278991811,14
DTLZ1_D14,MOEA/D-GP,9,0.7390753651357564,0.020856491305370397,14
DTLZ1_D14,MOEA/D-GP,10,0.7522988393660143,0.016231153817457412,14
DTLZ1_D14,MOEA/D-GP,11,0.746509954963324,0.018920058217029818,14
DTLZ1_D14,MOEA/D-GP,12,0.758787357101354,0.02161936031889287,14
DTLZ1_D14,MOEA/D-GP,13,0.7402781924008276,0.020651525530670692,14
DTLZ1_D14,MOEA/D-GP,14,0.7316583982353251,0.020542495717049917,14
DTLZ1_D14,MOEA/D-GP,15,0.7480884264803468,0.02181352572019956,14
DTLZ1_D14,MOEA/D-GP,16,0.7466782164863449,0.020487720273841117,14
DTLZ1_D14,MOEA/D-GP,17,0.7250781603767317,0.02105924991878751,14
DTLZ1_D14,MOEA/D-GP,18,0.7155928771102403,0.021468741947269523,14
DTLZ1_D14,MOEA/D-GP,19,0.7494445206798711,0.019681465968111555,14
DTLZ1_D14,MOEA/D-GP,20,0.7356975732528319,0.022234146799923443,14
DTLZ1_D14,SMS-EGO,1,0.7130639862685092,0.021569930446060242,14
DTLZ1_D14,SMS-EGO,2,0.7820724126733446,0.01739417738154875,14
DTLZ1_D14,SMS-EGO,3,0.6981391601896965,0.023514946314968217,14
DTLZ1_D14,SMS-EGO,4,0.7230289334797573,0.02017244700956782,14
DTLZ1_D14,SMS-EGO,5,0.7366457134315179,0.01929924357540962,14
DTLZ1_D14,SMS-EGO,6,0.7418608025357796,0.02038943910734411,14
DTLZ1_D14,SMS-EGO,7,0.7263252661685482,0.023257309888450768,14
DTLZ1_D14,SMS-EGO,8,0.7630093720704744,0.02039755183709908,14
DTLZ1_D14,SMS-EGO,9,0.7274621929403993,0.02176866429203843,14
DTLZ1_D14,SMS-EGO,10,0.7462472903974202,0.022189808459162037,14
DTLZ1_D14,SMS-EGO,11,0.7409491108307289,0.021189204957943984,14
DTLZ1_D14,SMS-EGO,12,0.7501703652085593,0.018493645061566637,14
DTLZ1_D14,SMS-EGO,13,0.730858803057502,0.023760186887292353,14
DTLZ1_D14,SMS-EGO,14,0.7201433311485296,0.02307743773558576,14
DTLZ1_D14,SMS-EGO,15,0.7123165617299917,0.022222910598983184,14
DTLZ1_D14,SMS-EGO,16,0.7171251390676016,0.022085992016636802,14
DTLZ1_D14,SMS-EGO,17,0.7669610277735911,0.021100584011309723,14
DTLZ1_D14,SMS-EGO,18,0.72137167420025,0.025814614901373475,14
DTLZ1_D14,SMS-EGO,19,0.7525910481576484,0.01936948946341056,14
DTLZ1_D14,SMS-EGO,20,0.7209226309730586,0.02304208317477792,14
DTLZ1_D14,ParEGO,1,0.7458344330319147,0.021447826062374876,14
DTLZ1_D14,ParEGO,2,0.7289367221554798,0.02256449090990943,14
DTLZ1_D14,ParEGO,3,0.7140944202104871,0.0271352571397278,14
DTLZ1_D14,ParEGO,4,0.7127006444877729,0.024425369135769207,14
DTLZ1_D14,ParEGO,5,0.7472310226246629,0.021068286990163068,14
DTLZ1_D14,ParEGO,6,0.7326765139770949,0.01770268384980883,14
DTLZ1_D14,ParEGO,7,0.7305769195787334,0.022454149877225358,14
DTLZ1_D14,ParEGO,8,0.7218732607612647,0.021257613559673066,14
DTLZ1_D14,ParEGO,9,0.7164881735571353,0.022458713928047946,14
DTLZ1_D14,ParEGO,10,0.7305882862776092,0.021628342828047244,14
DTLZ1_D14,ParEGO,11,0.7515345955856814,0.020512536435836923,14
DTLZ1_D14,ParEGO,12,0.6982098340037044,0.02258793915367919,14
DTLZ1_D14,ParEGO,13,0.7216220541344415,0.02561550629047587,14
DTLZ1_D14,ParEGO,14,0.751182126758689,0.022866208964436124,14
DTLZ1_D14,ParEGO,15,0.7581088259039827,0.02272983137801105,14
DTLZ1_D14,ParEGO,16,0.7147783871899346,0.024426156839425478,14
DTLZ1_D14,ParEGO,17,0.7528208538913457,0.01993661626879223,14
DTLZ1_D14,ParEGO,18,0.7425592401782267,0.018047535200278308,14
DTLZ1_D14,ParEGO,19,0.7380035192501386,0.022882920907934378,14
DTLZ1_D14,ParEGO,20,0.7114954749309623,0.02303039168316182,14
DTLZ1_D14,HF-NSGA-II,1,0.7046973201465299,0.0222783601051369,14
DTLZ1_D14,HF-NSGA-II,2,0.7057626344554341,0.02199835581817302,14
DTLZ1_D14,HF-NSGA-II,3,0.7075018199395222,0.02405015442022334,14
DTLZ1_D14,HF-NSGA-II,4,0.7209869128701955,0.024042232923138396,14
DTLZ1_D14,HF-NSGA-II,5,0.7408661281170166,0.020501116646017253,14
DTLZ1_D14,HF-NSGA-II,6,0.7435489393844213,0.020086564621455843,14
DTLZ1_D14,HF-NSGA-II,7,0.7020405830284978,0.022301252648129627,14
DTLZ1_D14,HF-NSGA-II,8,0.7160654904867002,0.02524043926383642,14
DTLZ1_D14,HF-NSGA-II,9,0.6894043972247226,0.02062393490979612,14
DTLZ1_D14,HF-NSGA-II,10,0.724215918239363,0.02142811169573236,14
DTLZ1_D14,HF-NSGA-II,11,0.720678281924009,0.01948201039499998,14
DTLZ1_D14,HF-NSGA-II,12,0.7310804594925062,0.01999545417606494,14
DTLZ1_D14,HF-NSGA-II,13,0.7326252562725148,0.0207944834341415,14
DTLZ1_D14,HF-NSGA-II,14,0.7200931460052347,0.021781641808058375,14
DTLZ1_D14,HF-NSGA-II,15,0.7335768961231104,0.0213809649186866,14
DTLZ1_D14,HF-NSGA-II,16,0.7075153024456572,0.021847818851699546,14
DTLZ1_D14,HF-NSGA-II,17,0.6955661799253201,0.023209754610877317,14
DTLZ1_D14,HF-NSGA-II,18,0.7054228750783609,0.023614907622606235,14
DTLZ1_D14,HF-NSGA-II,19,0.7142155103475646,0.02051886734328096,14
DTLZ1_D14,HF-NSGA-II,20,0.694317603407177,0.024635004380127737,14
DTLZ2_D14,MF-BCL-SAEA,1,0.8330270842164138,0.012190905330671895,14
DTLZ2_D14,MF-BCL-SAEA,2,0.8506805841403067,0.00960836159606604,14
DTLZ2_D14,MF-BCL-SAEA,3,0.8347654641955708,0.013179182643798432,14
DTLZ2_D14,MF-BCL-SAEA,4,0.8571769074167813,0.011198357367022281,14
DTLZ2_D14,MF-BCL-SAEA,5,0.8364246409033402,0.015092002616332142,14
DTLZ2_D14,MF-BCL-SAEA,6,0.8438010638045245,0.010961278192740818,14
DTLZ2_D14,MF-BCL-SAEA,7,0.8590460554540156,0.010214954161318105,14
DTLZ2_D14,MF-BCL-SAEA,8,0.8654159250220346,0.011028080946717811,14
DTLZ2_D14,MF-BCL-SAEA,9,0.8514227751984673,0.012960773259154812,14
DTLZ2_D14,MF-BCL-SAEA,10,0.851303986315083,0.012460121423124484,14
DTLZ2_D14,MF-BCL-SAEA,11,0.8687386460702909,0.007488353676382575,14
DTLZ2_D14,MF-BCL-SAEA,12,0.8323502099889631,0.013570239486858425,14
DTLZ2_D14,MF-BCL-SAEA,13,0.8551834586843968,0.010483234317111005,14
DTLZ2_D14,MF-BCL-SAEA,14,0.8410342791362938,0.012474666782607956,14
DTLZ2_D14,MF-BCL-SAEA,15,0.8630384597943475,0.008745665148725074,14
DTLZ2_D14,MF-BCL-SAEA,16,0.8380826940771473,0.015319119187435198,14
DTLZ2_D14,MF-BCL-SAEA,17,0.8646325990250985,0.013325876670755289,14
DTLZ2_D14,MF-BCL-SAEA,18,0.8376953932521236,0.013081198016798315,14
DTLZ2_D14,MF-BCL-SAEA,19,0.8560898409124598,0.012273975130597461,14
DTLZ2_D14,MF-BCL-SAEA,20,0.8802206110525226,0.007857804062041817,14
DTLZ2_D14,MF-EMTO,1,0.8431683600696595,0.012361973707398286,14
DTLZ2_D14,MF-EMTO,2,0.8553604287964116,0.010373501722272617,14
DTLZ2_D14,MF-EMTO,3,0.8185167655806501,0.015216922673765124,14
DTLZ2_D14,MF-EMTO,4,0.827534608866011,0.014744006184529777,14
DTLZ2_D14,MF-EMTO,5,0.8521850098349623,0.01035970322720109,14
DTLZ2_D14,MF-EMTO,6,0.8459293126370215,0.012087049718398581,14
DTLZ2_D14,MF-EMTO,7,0.8362986569433517,0.016832331589164837,14
DTLZ2_D14,MF-EMTO,8,0.7922743699686753,0.014893975040436222,14
DTLZ2_D14,MF-EMTO,9,0.8409551060451829,0.01386467229111167,14
DTLZ2_D14,MF-EMTO,10,0.8230213628551626,0.012291470964493074,14
DTLZ2_D14,MF-EMTO,11,0.818439847530662,0.01346334626501711,14
DTLZ2_D14,MF-EMTO,12,0.8190757359709506,0.013816272960854175,14
DTLZ2_D14,MF-EMTO,13,0.8343728121461544,0.010775995204164819,14
DTLZ2_D14,MF-EMTO,14,0.8478245817298189,0.01288879543050711,14
DTLZ2_D14,MF-EMTO,15,0.8279436279425718,0.012014240192800854,14
DTLZ2_D14,MF-EMTO,16,0.8500778677920814,0.011557620964972135,14
DTLZ2_D14,MF-EMTO,17,0.8305506730945454,0.013354127199264303,14
DTLZ2_D14,MF-EMTO,18,0.8273130256277547,0.012225401422106843,14
DTLZ2_D14,MF-EMTO,19,0.8093928016320369,0.01448529146109433,14
DTLZ2_D14,MF-EMTO,20,0.8325388817712187,0.013656367672695518,14
DTLZ2_D14,qNEHVI,1,0.8502622545281666,0.013092402841665537,14
DTLZ2_D14,qNEHVI,2,0.8288945096229479,0.0130879110459821,14
DTLZ2_D14,qNEHVI,3,0.8001031635211044,0.014383684179792185,14
DTLZ2_D14,qNEHVI,4,0.8319686795879375,0.012117863433887897,14
DTLZ2_D14,qNEHVI,5,0.8348726872026785,0.01091988915855439,14
DTLZ2_D14,qNEHVI,6,0.8356523462582994,0.01292351028565348,14
DTLZ2_D14,qNEHVI,7,0.8412336460840327,0.01432299361919481,14
DTLZ2_D14,qNEHVI,8,0.8123314532517956,0.01623103812342373,14
DTLZ2_D14,qNEHVI,9,0.8709393893399969,0.012203924624821465,14
DTLZ2_D14,qNEHVI,10,0.8280866379494081,0.012690390971094078,14
DTLZ2_D14,qNEHVI,11,0.8307419246391742,0.015885185049960907,14
DTLZ2_D14,qNEHVI,12,0.8093516510036676,0.016020269437579,14
DTLZ2_D14,qNEHVI,13,0.8496590889326857,0.012545825778759413,14
DTLZ2_D14,qNEHVI,14,0.8401854694213627,0.0133062717616657,14
DTLZ2_D14,qNEHVI,15,0.819754776784128,0.013848419966810495,14
DTLZ2_D14,qNEHVI,16,0.8076738467332645,0.01792507024151039,14
DTLZ2_D14,qNEHVI,17,0.7910016424724062,0.01660220228037248,14
DTLZ2_D14,qNEHVI,18,0.801052586773591,0.015187722931887249,14
DTLZ2_D14,qNEHVI,19,0.8549681392261713,0.011187719608287294,14
DTLZ2_D14,qNEHVI,20,0.8513297509012167,0.013317582925491922,14
DTLZ2_D14,LC-SAEA,1,0.8123468847257166,0.01868151903854709,14
DTLZ2_D14,LC-SAEA,2,0.8426761770815506,0.014401631758978652,14
DTLZ2_D14,LC-SAEA,3,0.8364265208075314,0.013938600199249218,14
DTLZ2_D14,LC-SAEA,4,0.8220308100647893,0.012263039037799735,14
DTLZ2_D14,LC-SAEA,5,0.793033838170038,0.016559608428035468,14
DTLZ2_D14,LC-SAEA,6,0.8009464704270907,0.013426711725781401,14
DTLZ2_D14,LC-SAEA,7,0.8299800833312497,0.014167773378199279,14
DTLZ2_D14,LC-SAEA,8,0.818815398549561,0.01375723370793055,14
DTLZ2_D14,LC-SAEA,9,0.7951345375015636,0.014147148169703666,14
DTLZ2_D14,LC-SAEA,10,0.8209964739791835,0.013584935378159496,14
DTLZ2_D14,LC-SAEA,11,0.7977954116196677,0.016719539144076857,14
DTLZ2_D14,LC-SAEA,12,0.7962154177530741,0.01752069004292053,14
DTLZ2_D14,LC-SAEA,13,0.799669983418679,0.014005388267009181,14
DTLZ2_D14,LC-SAEA,14,0.8098887717476642,0.015203414816453042,14
DTLZ2_D14,LC-SAEA,15,0.8045996684149607,0.013986641407846185,14
DTLZ2_D14,LC-SAEA,16,0.8041148236591994,0.011847531198186559,14
DTLZ2_D14,LC-SAEA,17,0.8155180837511021,0.017497859963133095,14
DTLZ2_D14,LC-SAEA,18,0.8318168485448404,0.01231621821879825,14
DTLZ2_D14,LC-SAEA,19,0.8239945020615084,0.012643442269646265,14
DTLZ2_D14,LC-SAEA,20,0.8098349276595846,0.013278790861783421,14
DTLZ2_D14,C-SAEA,1,0.8352103724902206,0.011917604875760398,14
DTLZ2_D14,C-SAEA,2,0.8266537025778748,0.01318161741622263,14
DTLZ2_D14,C-SAEA,3,0.8074037947546653,0.01592116100402793,14
DTLZ2_D14,C-SAEA,4,0.7931170769639977,0.020841267084182873,14
DTLZ2_D14,C-SAEA,5,0.8202670028435276,0.014556719208721033,14
DTLZ2_D14,C-SAEA,6,0.8032048174605544,0.015199096868768042,14
DTLZ2_D14,C-SAEA,7,0.7799922731880734,0.018353356363551256,14
DTLZ2_D14,C-SAEA,8,0.7867668124455888,0.015437646292130716,14
DTLZ2_D14,C-SAEA,9,0.8306547923608941,0.014806517253502014,14
DTLZ2_D14,C-SAEA,10,0.8156313491253708,0.01385850784274261,14
DTLZ2_D14,C-SAEA,11,0.8148075822047154,0.014591038588999065,14
DTLZ2_D14,C-SAEA,12,0.8240586069369839,0.014504129925868255,14
DTLZ2_D14,C-SAEA,13,0.8220047673953959,0.013593963820863496,14
DTLZ2_D14,C-SAEA,14,0.8245721508160093,0.012703748453596661,14
DTLZ2_D14,C-SAEA,15,0.8003883466299601,0.015936464816021595,14
DTLZ2_D14,C-SAEA,16,0.8206323664743385,0.014511132457731182,14
DTLZ2_D14,C-SAEA,17,0.8277188535473999,0.01288043000727252,14
DTLZ2_D14,C-SAEA,18,0.8183295595461744,0.015992437444448653,14
DTLZ2_D14,C-SAEA,19,0.8109581223320317,0.01588939116890217,14
DTLZ2_D14,C-SAEA,20,0.8043020970692264,0.015362731883657697,14
DTLZ2_D14,MOEA/D-GP,1,0.7872163237061892,0.015169623850375877,14
DTLZ2_D14,MOEA/D-GP,2,0.7987868473675406,0.01472287010644087,14
DTLZ2_D14,MOEA/D-GP,3,0.809951231361889,0.016238583379612096,14
DTLZ2_D14,MOEA/D-GP,4,0.79868603857527,0.014828682841859552,14
DTLZ2_D14,MOEA/D-GP,5,0.8205655421797051,0.017668148639641328,14
DTLZ2_D14,MOEA/D-GP,6,0.8016030248355362,0.013926091099742554,14
DTLZ2_D14,MOEA/D-GP,7,0.7540557941302042,0.01939466070516747,14
DTLZ2_D14,MOEA/D-GP,8,0.8302895581172318,0.012062417479951511,14
DTLZ2_D14,MOEA/D-GP,9,0.7793573319063546,0.02025196795877027,14
DTLZ2_D14,MOEA/D-GP,10,0.8121541734546034,0.016171002495523543,14
DTLZ2_D14,MOEA/D-GP,11,0.7993616968741177,0.012347621931817605,14
DTLZ2_D14,MOEA/D-GP,12,0.8212473355705208,0.014684170444290939,14
DTLZ2_D14,MOEA/D-GP,13,0.8039943645851192,0.016450496208254523,14
DTLZ2_D14,MOEA/D-GP,14,0.8006952955353235,0.016215802003845845,14
DTLZ2_D14,MOEA/D-GP,15,0.7924381222211533,0.014082606722303045,14
DTLZ2_D14,MOEA/D-GP,16,0.8304029776545557,0.014528955157249255,14
DTLZ2_D14,MOEA/D-GP,17,0.7879418128802943,0.015347881665321788,14
DTLZ2_D14,MOEA/D-GP,18,0.8070587141255811,0.014863723758983696,14
DTLZ2_D14,MOEA/D-GP,19,0.8241989889797106,0.01293941634756694,14
DTLZ2_D14,MOEA/D-GP,20,0.8169015351600497,0.015833128731107256,14
DTLZ2_D14,SMS-EGO,1,0.8125754139251073,0.01299412688721277,14
DTLZ2_D14,SMS-EGO,2,0.7758154701946076,0.016941750167761897,14
DTLZ2_D14,SMS-EGO,3,0.7968406507304725,0.015334011688183907,14
DTLZ2_D14,SMS-EGO,4,0.8077985344941744,0.015195166556509905,14
DTLZ2_D14,SMS-EGO,5,0.8261909392033557,0.012959707732428955,14
DTLZ2_D14,SMS-EGO,6,0.8332928158115094,0.012459256638034743,14
DTLZ2_D14,SMS-EGO,7,0.8106777265668137,0.015361595610449192,14
DTLZ2_D14,SMS-EGO,8,0.8002782232646288,0.019157981290501752,14
DTLZ2_D14,SMS-EGO,9,0.7978411026006506,0.017642044811352734,14
DTLZ2_D14,SMS-EGO,10,0.7837006738454866,0.018852007515847632,14
DTLZ2_D14,SMS-EGO,11,0.7966093742124547,0.01755962319548693,14
DTLZ2_D14,SMS-EGO,12,0.8068581511851963,0.0158695331683375,14
DTLZ2_D14,SMS-EGO,13,0.8182197898865107,0.013916896192885973,14
DTLZ2_D14,SMS-EGO,14,0.7870180736035928,0.019583439719104503,14
DTLZ2_D14,SMS-EGO,15,0.8158789573377453,0.014228498814982539,14
DTLZ2_D14,SMS-EGO,16,0.7932770026234023,0.015268082069247749,14
DTLZ2_D14,SMS-EGO,17,0.8279302201457127,0.013183002646647858,14
DTLZ2_D14,SMS-EGO,18,0.7987002000619503,0.015009655621030026,14
DTLZ2_D14,SMS-EGO,19,0.8239460668958554,0.014131256364956142,14
DTLZ2_D14,SMS-EGO,20,0.8169240693474178,0.014462480732191989,14
DTLZ2_D14,ParEGO,1,0.8052361514465597,0.015277358818641238,14
DTLZ2_D14,ParEGO,2,0.8032518080099665,0.01450424404225034,14
DTLZ2_D14,ParEGO,3,0.7766558239163901,0.014696158793769551,14
DTLZ2_D14,ParEGO,4,0.7926430254731708,0.015868346708517483,14
DTLZ2_D14,ParEGO,5,0.7777631037637633,0.019041873266827748,14
DTLZ2_D14,ParEGO,6,0.8079420885929753,0.013964450336527722,14
DTLZ2_D14,ParEGO,7,0.8023611835608236,0.014635978715387738,14
DTLZ2_D14,ParEGO,8,0.772023245567088,0.017854124916377046,14
DTLZ2_D14,ParEGO,9,0.8009892059694808,0.016272550501086225,14
DTLZ2_D14,ParEGO,10,0.7816099105166141,0.015423717385695068,14
DTLZ2_D14,ParEGO,11,0.7713140202259017,0.017394435050502914,14
DTLZ2_D14,ParEGO,12,0.8011983673713456,0.018238343827655414,14
DTLZ2_D14,ParEGO,13,0.8011683011688071,0.018036569617504564,14
DTLZ2_D14,ParEGO,14,0.8194418342607506,0.015831962521310774,14
DTLZ2_D14,ParEGO,15,0.7808226912406824,0.016710216338272996,14
DTLZ2_D14,ParEGO,16,0.744395353865137,0.020547377390899388,14
DTLZ2_D14,ParEGO,17,0.7940299305989436,0.01845394967254158,14
DTLZ2_D14,ParEGO,18,0.7970801656919954,0.014860646288988625,14
DTLZ2_D14,ParEGO,19,0.7569920136625872,0.019647450697660475,14
DTLZ2_D14,ParEGO,20,0.7939663549932217,0.0138303766739856,14
DTLZ2_D14,HF-NSGA-II,1,0.7663248889932823,0.020075920148078935,14
DTLZ2_D14,HF-NSGA-II,2,0.7927219608621324,0.0146654610038295,14
DTLZ2_D14,HF-NSGA-II,3,0.7645567318317386,0.020299675232568714,14
DTLZ2_D14,HF-NSGA-II,4,0.7925657890687006,0.017532278741029292,14
DTLZ2_D14,HF-NSGA-II,5,0.8018449960689421,0.015803306692405077,14
DTLZ2_D14,HF-NSGA-II,6,0.7774355323717381,0.017500549351961898,14
DTLZ2_D14,HF-NSGA-II,7,0.7875279608564377,0.01623901902556497,14
DTLZ2_D14,HF-NSGA-II,8,0.7786483963339483,0.016510068907849458,14
DTLZ2_D14,HF-NSGA-II,9,0.7958883619622557,0.016201960858647554,14
DTLZ2_D14,HF-NSGA-II,10,0.7949673202121048,0.01324971012325116,14
DTLZ2_D14,HF-NSGA-II,11,0.74051535739732,0.02030661037217534,14
DTLZ2_D14,HF-NSGA-II,12,0.7856893289753728,0.0174934176115358,14
DTLZ2_D14,HF-NSGA-II,13,0.7941168124721949,0.01484557798469618,14
DTLZ2_D14,HF-NSGA-II,14,0.7782880963570271,0.018413839826216253,14
DTLZ2_D14,HF-NSGA-II,15,0.7758686848016331,0.016098674877436697,14
DTLZ2_D14,HF-NSGA-II,16,0.7706515290212536,0.017855791517964733,14
DTLZ2_D14,HF-NSGA-II,17,0.8043094695583821,0.01608141010336796,14
DTLZ2_D14,HF-NSGA-II,18,0.7588380959353227,0.01890317056263472,14
DTLZ2_D14,HF-NSGA-II,19,0.79682703356947,0.013873892331691713,14
DTLZ2_D14,HF-NSGA-II,20,0.7563894717237605,0.019552110900729325,14
DTLZ3_D14,MF-BCL-SAEA,1,0.9087276213113235,0.0023610609908468897,14
DTLZ3_D14,MF-BCL-SAEA,2,0.8934968099221888,0.007595779352275461,14
DTLZ3_D14,MF-BCL-SAEA,3,0.89026621807649,0.00781564621124767,14
DTLZ3_D14,MF-BCL-SAEA,4,0.885492770765006,0.011254792589170863,14
DTLZ3_D14,MF-BCL-SAEA,5,0.8895534944213543,0.008224697535692736,14
DTLZ3_D14,MF-BCL-SAEA,6,0.8993276364285326,0.0052688488552685145,14
DTLZ3_D14,MF-BCL-SAEA,7,0.8897637028689941,0.009784909976486018,14
DTLZ3_D14,MF-BCL-SAEA,8,0.8847271808145802,0.010157996101968282,14
DTLZ3_D14,MF-BCL-SAEA,9,0.8814517281305296,0.008891709271107837,14
DTLZ3_D14,MF-BCL-SAEA,10,0.8987584002363691,0.009393593300192783,14
DTLZ3_D14,MF-BCL-SAEA,11,0.8891832024692351,0.006856262091115332,14
DTLZ3_D14,MF-BCL-SAEA,12,0.9036269026013334,0.00885165633902196,14
DTLZ3_D14,MF-BCL-SAEA,13,0.9005454584665383,0.008655723139358092,14
DTLZ3_D14,MF-BCL-SAEA,14,0.9191421422582415,0.0045245645901072305,14
DTLZ3_D14,MF-BCL-SAEA,15,0.8950395840316061,0.00910664281955649,14
DTLZ3_D14,MF-BCL-SAEA,16,0.8711972823606259,0.012341588211289773,14
DTLZ3_D14,MF-BCL-SAEA,17,0.8960923007080146,0.008814977715937975,14
DTLZ3_D14,MF-BCL-SAEA,18,0.9041410769384404,0.007210388946198247,14
DTLZ3_D14,MF-BCL-SAEA,19,0.8712336727126435,0.01188224303860157,14
DTLZ3_D14,MF-BCL-SAEA,20,0.9090068428850646,0.00909702049987358,14
DTLZ3_D14,MF-EMTO,1,0.8581543944944134,0.009745334644597085,14
DTLZ3_D14,MF-EMTO,2,0.8701377580490786,0.00948456193817319,14
DTLZ3_D14,MF-EMTO,3,0.8518191609614733,0.009773252860951522,14
DTLZ3_D14,MF-EMTO,4,0.8714548825628918,0.01135014005452162,14
DTLZ3_D14,MF-EMTO,5,0.8403069913367112,0.01298921097469984,14
DTLZ3_D14,MF-EMTO,6,0.8862110724810813,0.008169984794216125,14
DTLZ3_D14,MF-EMTO,7,0.838257888670955,0.013801169068040343,14
DTLZ3_D14,MF-EMTO,8,0.8907839805263267,0.00938921067473057,14
DTLZ3_D14,MF-EMTO,9,0.8793826354179941,0.009411245292856247,14
DTLZ3_D14,MF-EMTO,10,0.8968835927549184,0.007179118220970843,14
DTLZ3_D14,MF-EMTO,11,0.8724787814771013,0.009915392763180954,14
DTLZ3_D14,MF-EMTO,12,0.8645396608752671,0.01078830289468074,14
DTLZ3_D14,MF-EMTO,13,0.8407904522941021,0.011457575984786845,14
DTLZ3_D14,MF-EMTO,14,0.8640647098791238,0.010083967611883415,14
DTLZ3_D14,MF-EMTO,15,0.8604972500262177,0.011833102302260283,14
DTLZ3_D14,MF-EMTO,16,0.8911151114550709,0.010141179286891733,14
DTLZ3_D14,MF-EMTO,17,0.8618463584308592,0.011233256388600182,14
DTLZ3_D14,MF-EMTO,18,0.8664864860253931,0.01078905074726413,14
DTLZ3_D14,MF-EMTO,19,0.881991029373312,0.011238246241820155,14
DTLZ3_D14,MF-EMTO,20,0.8510614151217987,0.011438835275983047,14
DTLZ3_D14,qNEHVI,1,0.8884380200312307,0.008626124844066317,14
DTLZ3_D14,qNEHVI,2,0.875342129479653,0.011848986495711134,14
DTLZ3_D14,qNEHVI,3,0.8664453831188028,0.010254133353442975,14
DTLZ3_D14,qNEHVI,4,0.8575628762553892,0.009326782758364342,14
DTLZ3_D14,qNEHVI,5,0.8432246542372756,0.01479802505783246,14
DTLZ3_D14,qNEHVI,6,0.8857690686304813,0.010869708967841785,14
DTLZ3_D14,qNEHVI,7,0.8590391603564332,0.011184813711588661,14
DTLZ3_D14,qNEHVI,8,0.8561161061937523,0.010138826892151719,14
DTLZ3_D14,qNEHVI,9,0.8556288769898087,0.01169326329612161,14
DTLZ3_D14,qNEHVI,10,0.8747889968584763,0.011304121193313003,14
DTLZ3_D14,qNEHVI,11,0.8716061429378837,0.011929181667264257,14
DTLZ3_D14,qNEHVI,12,0.8568715969422851,0.011316211752013427,14
DTLZ3_D14,qNEHVI,13,0.852986902719182,0.013219629027446814,14
DTLZ3_D14,qNEHVI,14,0.8598319429789598,0.010894960465726198,14
DTLZ3_D14,qNEHVI,15,0.8728466899954834,0.01323756770534498,14
DTLZ3_D14,qNEHVI,16,0.8773127181383809,0.01022908321714286,14
DTLZ3_D14,qNEHVI,17,0.8909925722632587,0.0050419966356865156,14
DTLZ3_D14,qNEHVI,18,0.8794137114347906,0.009391998230739064,14
DTLZ3_D14,qNEHVI,19,0.8579058059986664,0.0109973821125913,14
DTLZ3_D14,qNEHVI,20,0.8444754986211346,0.012796670507370364,14
DTLZ3_D14,LC-SAEA,1,0.8642353495791333,0.013805413483958386,14
DTLZ3_D14,LC-SAEA,2,0.8517983649006743,0.012903291496983679,14
DTLZ3_D14,LC-SAEA,3,0.8679796276497338,0.010083840268540189,14
DTLZ3_D14,LC-SAEA,4,0.8657270411428242,0.009708623867319029,14
DTLZ3_D14,LC-SAEA,5,0.8466427721814339,0.011750036798210883,14
DTLZ3_D14,LC-SAEA,6,0.8531909636959799,0.01115230385024505,14
DTLZ3_D14,LC-SAEA,7,0.8539690133903558,0.010564831202686892,14
DTLZ3_D14,LC-SAEA,8,0.8724225698989131,0.009326226766989318,14
DTLZ3_D14,LC-SAEA,9,0.8509541311531366,0.014712007243461925,14
DTLZ3_D14,LC-SAEA,10,0.866002253284996,0.00949606531306187,14
DTLZ3_D14,LC-SAEA,11,0.8680619491302629,0.009124230010148076,14
DTLZ3_D14,LC-SAEA,12,0.8500814338863404,0.013074253881914083,14
DTLZ3_D14,LC-SAEA,13,0.8756861366891275,0.008494997486093942,14
DTLZ3_D14,LC-SAEA,14,0.8775608285083767,0.008382385725957167,14
DTLZ3_D14,LC-SAEA,15,0.8551165649141955,0.008490265070466168,14
DTLZ3_D14,LC-SAEA,16,0.8713384352078964,0.009471715034245376,14
DTLZ3_D14,LC-SAEA,17,0.8381379722995692,0.012009900584739861,14
DTLZ3_D14,LC-SAEA,18,0.8223397510943622,0.015431376842751535,14
DTLZ3_D14,LC-SAEA,19,0.8454081219477935,0.009390903040382429,14
DTLZ3_D14,LC-SAEA,20,0.8701894749884164,0.010670596592507261,14
DTLZ3_D14,C-SAEA,1,0.8735178280819808,0.010439730884487948,14
DTLZ3_D14,C-SAEA,2,0.8755756128565002,0.009156071326931779,14
DTLZ3_D14,C-SAEA,3,0.8780576750472927,0.0098090774540254,14
DTLZ3_D14,C-SAEA,4,0.8595049624412513,0.010720323228191959,14
DTLZ3_D14,C-SAEA,5,0.8732588553039633,0.011684438820525582,14
DTLZ3_D14,C-SAEA,6,0.8352517163406473,0.0105764204339145,14
DTLZ3_D14,C-SAEA,7,0.839447936995285,0.011748754010343481,14
DTLZ3_D14,C-SAEA,8,0.8638469087746415,0.014673942095107723,14
DTLZ3_D14,C-SAEA,9,0.8647129549734054,0.008426002355595619,14
DTLZ3_D14,C-SAEA,10,0.8177893217573345,0.012407222911098598,14
DTLZ3_D14,C-SAEA,11,0.8758544713161885,0.008746246159689735,14
DTLZ3_D14,C-SAEA,12,0.8557707299796813,0.013328359711523026,14
DTLZ3_D14,C-SAEA,13,0.8421420351355635,0.013429775147458339,14
DTLZ3_D14,C-SAEA,14,0.8401319721376431,0.01276801231175939,14
DTLZ3_D14,C-SAEA,15,0.8595499559395191,0.010805301116415252,14
DTLZ3_D14,C-SAEA,16,0.8126084143971537,0.015140547873025774,14
DTLZ3_D14,C-SAEA,17,0.8660340203804661,0.010601147129274978,14
DTLZ3_D14,C-SAEA,18,0.8505824608125945,0.01288471573147722,14
DTLZ3_D14,C-SAEA,19,0.848838949823095,0.011843647298352668,14
DTLZ3_D14,C-SAEA,20,0.8636999660240787,0.012672215290882385,14
DTLZ3_D14,MOEA/D-GP,1,0.852024898741398,0.010938377461065962,14
DTLZ3_D14,MOEA/D-GP,2,0.852487914782981,0.010783930028293703,14
DTLZ3_D14,MOEA/D-GP,3,0.8526079891989736,0.010273926034857026,14
DTLZ3_D14,MOEA/D-GP,4,0.8388821627120102,0.014111947081544944,14
DTLZ3_D14,MOEA/D-GP,5,0.8452295915265972,0.01297241051295565,14
DTLZ3_D14,MOEA/D-GP,6,0.8392372531274643,0.014401192315090077,14
DTLZ3_D14,MOEA/D-GP,7,0.8112096198653367,0.017021923253334667,14
DTLZ3_D14,MOEA/D-GP,8,0.8650050925870463,0.010465242828849359,14
DTLZ3_D14,MOEA/D-GP,9,0.8562122003906593,0.011480978049936467,14
DTLZ3_D14,MOEA/D-GP,10,0.8695517858982486,0.008333768645983477,14
DTLZ3_D14,MOEA/D-GP,11,0.8246987839533035,0.014261504074059461,14
DTLZ3_D14,MOEA/D-GP,12,0.8485466161988319,0.013222872119096077,14
DTLZ3_D14,MOEA/D-GP,13,0.8697881170195236,0.011794444245847144,14
DTLZ3_D14,MOEA/D-GP,14,0.8548974750931467,0.01102033873303999,14
DTLZ3_D14,MOEA/D-GP,15,0.8479346214456354,0.00976393214170173,14
DTLZ3_D14,MOEA/D-GP,16,0.8075461787596176,0.015165207137585247,14
DTLZ3_D14,MOEA/D-GP,17,0.8566396936718155,0.010712790584706174,14
DTLZ3_D14,MOEA/D-GP,18,0.8271190088125834,0.01448654793497345,14
DTLZ3_D14,MOEA/D-GP,19,0.8466254775571168,0.009984574027479848,14
DTLZ3_D14,MOEA/D-GP,20,0.8201027880959936,0.014115080386828125,14
DTLZ3_D14,SMS-EGO,1,0.8513724501441716,0.011961482551189647,14
DTLZ3_D14,SMS-EGO,2,0.8341855064743992,0.01292864839640349,14
DTLZ3_D14,SMS-EGO,3,0.8344522352613004,0.01389889067488035,14
DTLZ3_D14,SMS-EGO,4,0.8310494674109371,0.014619407296041465,14
DTLZ3_D14,SMS-EGO,5,0.8430121695337581,0.012191614659768805,14
DTLZ3_D14,SMS-EGO,6,0.8511786324537753,0.011828327329863572,14
DTLZ3_D14,SMS-EGO,7,0.8497320995413826,0.010567054994290425,14
DTLZ3_D14,SMS-EGO,8,0.8469616277680669,0.010524487174685085,14
DTLZ3_D14,SMS-EGO,9,0.8238672012121809,0.015140403838181524,14
DTLZ3_D14,SMS-EGO,10,0.8327066669339993,0.013208782131936398,14
DTLZ3_D14,SMS-EGO,11,0.8568689878231563,0.013053442291402711,14
DTLZ3_D14,SMS-EGO,12,0.8665849115728785,0.01198635784212204,14
DTLZ3_D14,SMS-EGO,13,0.8082315538366558,0.016325116318976124,14
DTLZ3_D14,SMS-EGO,14,0.8180807226855045,0.014929571084775235,14
DTLZ3_D14,SMS-EGO,15,0.8474688623681322,0.01171276988760432,14
DTLZ3_D14,SMS-EGO,16,0.8438714980797652,0.012423479098826243,14
DTLZ3_D14,SMS-EGO,17,0.8237046986447492,0.015609947466009121,14
DTLZ3_D14,SMS-EGO,18,0.8417647221773609,0.013532931048173045,14
DTLZ3_D14,SMS-EGO,19,0.8299162770521307,0.013654392313653627,14
DTLZ3_D14,SMS-EGO,20,0.8176246315385516,0.015346609366530019,14
DTLZ3_D14,ParEGO,1,0.8524368840519865,0.012412846055904201,14
DTLZ3_D14,ParEGO,2,0.8686517289048683,0.008465013270216495,14
DTLZ3_D14,ParEGO,3,0.8265759054754203,0.012821522934760698,14
DTLZ3_D14,ParEGO,4,0.8337303209270577,0.012487824966766072,14
DTLZ3_D14,ParEGO,5,0.8310480051678948,0.017345175256875966,14
DTLZ3_D14,ParEGO,6,0.8232035137218642,0.015512807827661982,14
DTLZ3_D14,ParEGO,7,0.8234523692630153,0.01448998134061624,14
DTLZ3_D14,ParEGO,8,0.8348150247324245,0.012916398774236516,14
DTLZ3_D14,ParEGO,9,0.8290621397405357,0.013995965948750176,14
DTLZ3_D14,ParEGO,10,0.8012859512311289,0.015021310423365193,14
DTLZ3_D14,ParEGO,11,0.8425236281425398,0.013080863260323924,14
DTLZ3_D14,ParEGO,12,0.8247578304467342,0.013502080687380272,14
DTLZ3_D14,ParEGO,13,0.8348230386641646,0.011659044172533342,14
DTLZ3_D14,ParEGO,14,0.819944149309765,0.017302482275723036,14
DTLZ3_D14,ParEGO,15,0.8300409515934292,0.01480575625076802,14
DTLZ3_D14,ParEGO,16,0.8283570359341563,0.01342312984452841,14
DTLZ3_D14,ParEGO,17,0.8264592854381303,0.017075548537130794,14
DTLZ3_D14,ParEGO,18,0.8258393823944324,0.014052230275418237,14
DTLZ3_D14,ParEGO,19,0.8365199095383741,0.017283739293360124,14
DTLZ3_D14,ParEGO,20,0.8032879536847466,0.019601096491792556,14
DTLZ3_D14,HF-NSGA-II,1,0.834255932606267,0.014163574625611181,14
DTLZ3_D14,HF-NSGA-II,2,0.8038445863818731,0.013879064431586204,14
DTLZ3_D14,HF-NSGA-II,3,0.7954510010899003,0.01495210329928466,14
DTLZ3_D14,HF-NSGA-II,4,0.7997437095860643,0.016804521813993403,14
DTLZ3_D14,HF-NSGA-II,5,0.8318287229322899,0.0140120409143865,14
DTLZ3_D14,HF-NSGA-II,6,0.8021125580594008,0.01689134804308328,14
DTLZ3_D14,HF-NSGA-II,7,0.7823737032471141,0.01714904794008572,14
DTLZ3_D14,HF-NSGA-II,8,0.8180402646651013,0.015226649301453973,14
DTLZ3_D14,HF-NSGA-II,9,0.863427039814664,0.008182718914397164,14
DTLZ3_D14,HF-NSGA-II,10,0.8119534516949439,0.018780394915093857,14
DTLZ3_D14,HF-NSGA-II,11,0.8145925915379196,0.01576281204712591,14
DTLZ3_D14,HF-NSGA-II,12,0.8261578112105777,0.012268746677440963,14
DTLZ3_D14,HF-NSGA-II,13,0.8262485054065711,0.01668639831972709,14
DTLZ3_D14,HF-NSGA-II,14,0.8173554669195036,0.014217623631879143,14
DTLZ3_D14,HF-NSGA-II,15,0.8164902577604628,0.01570456834906639,14
DTLZ3_D14,HF-NSGA-II,16,0.8255469835262509,0.014849454245370774,14
DTLZ3_D14,HF-NSGA-II,17,0.8214995323760821,0.015254631564658469,14
DTLZ3_D14,HF-NSGA-II,18,0.8144827551889137,0.013803392570793325,14
DTLZ3_D14,HF-NSGA-II,19,0.7996896299552775,0.018688917625946384,14
DTLZ3_D14,HF-NSGA-II,20,0.8385894299112522,0.012446183235367312,14
DTLZ4_D14,MF-BCL-SAEA,1,0.8882188506537749,0.00748476982312581,14
DTLZ4_D14,MF-BCL-SAEA,2,0.881560788883046,0.01017156578969315,14
DTLZ4_D14,MF-BCL-SAEA,3,0.9006276904107224,0.006956231039061285,14
DTLZ4_D14,MF-BCL-SAEA,4,0.8953693746636342,0.008259846954299748,14
DTLZ4_D14,MF-BCL-SAEA,5,0.9078441662568337,0.006943997898204281,14
DTLZ4_D14,MF-BCL-SAEA,6,0.8852887227134842,0.01106340147077509,14
DTLZ4_D14,MF-BCL-SAEA,7,0.8739613917388872,0.007324752580907683,14
DTLZ4_D14,MF-BCL-SAEA,8,0.8881170186508591,0.00864480776407463,14
DTLZ4_D14,MF-BCL-SAEA,9,0.891365458918858,0.010447890054382916,14
DTLZ4_D14,MF-BCL-SAEA,10,0.8908971970469288,0.00977550766268612,14
DTLZ4_D14,MF-BCL-SAEA,11,0.873052470710374,0.010562741501080126,14
DTLZ4_D14,MF-BCL-SAEA,12,0.8881402935061108,0.010896826455928113,14
DTLZ4_D14,MF-BCL-SAEA,13,0.8923386877824729,0.011305911986527743,14
DTLZ4_D14,MF-BCL-SAEA,14,0.8942466657450494,0.009618751916978387,14
DTLZ4_D14,MF-BCL-SAEA,15,0.8992389471836996,0.010421123270165665,14
DTLZ4_D14,MF-BCL-SAEA,16,0.8695662239485505,0.007388499514096588,14
DTLZ4_D14,MF-BCL-SAEA,17,0.8971301881686771,0.007854234221728273,14
DTLZ4_D14,MF-BCL-SAEA,18,0.8799946114125995,0.008244633407373568,14
DTLZ4_D14,MF-BCL-SAEA,19,0.9135911628093023,0.0071891304159588726,14
DTLZ4_D14,MF-BCL-SAEA,20,0.888614667727632,0.00970199962521783,14
DTLZ4_D14,MF-EMTO,1,0.8629505664787746,0.010038629582270829,14
DTLZ4_D14,MF-EMTO,2,0.9053235258733351,0.008145274789441442,14
DTLZ4_D14,MF-EMTO,3,0.8769998693374947,0.00982895345879969,14
DTLZ4_D14,MF-EMTO,4,0.89200628818981,0.010937407287915823,14
DTLZ4_D14,MF-EMTO,5,0.8681702181371269,0.009106109502849577,14
DTLZ4_D14,MF-EMTO,6,0.875430371219733,0.011772104487233181,14
DTLZ4_D14,MF-EMTO,7,0.8706990402844961,0.009556237120208979,14
DTLZ4_D14,MF-EMTO,8,0.8539205998149907,0.0124537313582551,14
DTLZ4_D14,MF-EMTO,9,0.8968835869859488,0.008590588662065097,14
DTLZ4_D14,MF-EMTO,10,0.8748656810412158,0.012362004244412996,14
DTLZ4_D14,MF-EMTO,11,0.9022258863635765,0.010556273542913216,14
DTLZ4_D14,MF-EMTO,12,0.835318077862918,0.013436173176291791,14
DTLZ4_D14,MF-EMTO,13,0.858119585897174,0.013935765301448667,14
DTLZ4_D14,MF-EMTO,14,0.8469231303658945,0.014012246899216823,14
DTLZ4_D14,MF-EMTO,15,0.8620520527688401,0.012826775382184623,14
DTLZ4_D14,MF-EMTO,16,0.8587094320668449,0.010597786779692102,14
DTLZ4_D14,MF-EMTO,17,0.8841468239942922,0.0124451199872022,14
DTLZ4_D14,MF-EMTO,18,0.8625688412501835,0.011370340700919553,14
DTLZ4_D14,MF-EMTO,19,0.8828557222110783,0.008992384641826098,14
DTLZ4_D14,MF-EMTO,20,0.8714726845149011,0.010439951174873513,14
DTLZ4_D14,qNEHVI,1,0.8256246778914329,0.015422656778640794,14
DTLZ4_D14,qNEHVI,2,0.8857467344290701,0.008017099246343062,14
DTLZ4_D14,qNEHVI,3,0.84629672930026,0.013068710525515087,14
DTLZ4_D14,qNEHVI,4,0.8365731395332966,0.015270486510078443,14
DTLZ4_D14,qNEHVI,5,0.8340215168306583,0.013974629403707476,14
DTLZ4_D14,qNEHVI,6,0.8649514439996505,0.014087159101699357,14
DTLZ4_D14,qNEHVI,7,0.8598556681965083,0.012601919011999125,14
DTLZ4_D14,qNEHVI,8,0.8507694645107726,0.011436346659656888,14
DTLZ4_D14,qNEHVI,9,0.8818285009099026,0.007976794083293172,14
DTLZ4_D14,qNEHVI,10,0.896247137898539,0.008985430927341446,14
DTLZ4_D14,qNEHVI,11,0.8420667219872443,0.013028101127918228,14
DTLZ4_D14,qNEHVI,12,0.870405140408577,0.014520200892517475,14
DTLZ4_D14,qNEHVI,13,0.8626793166089345,0.009777113417200159,14
DTLZ4_D14,qNEHVI,14,0.8616627364762839,0.014697071571827447,14
DTLZ4_D14,qNEHVI,15,0.8587186564477617,0.01289154854540404,14
DTLZ4_D14,qNEHVI,16,0.8715422750363577,0.008591748117249524,14
DTLZ4_D14,qNEHVI,17,0.8422043744113443,0.013194998900293952,14
DTLZ4_D14,qNEHVI,18,0.87713266635911,0.00983406996022003,14
DTLZ4_D14,qNEHVI,19,0.8739646020940098,0.01185020296325686,14
DTLZ4_D14,qNEHVI,20,0.8631463073572317,0.01137679499086006,14
DTLZ4_D14,LC-SAEA,1,0.8655940329892421,0.010898487677076471,14
DTLZ4_D14,LC-SAEA,2,0.8576045026574035,0.009814976961041305,14
DTLZ4_D14,LC-SAEA,3,0.8255133558522146,0.013927038155420556,14
DTLZ4_D14,LC-SAEA,4,0.8588527550756326,0.013266189236972547,14
DTLZ4_D14,LC-SAEA,5,0.8544065071189145,0.013293454491793082,14
DTLZ4_D14,LC-SAEA,6,0.8305262747353591,0.014205417842063722,14
DTLZ4_D14,LC-SAEA,7,0.858274308093213,0.01344734072900619,14
DTLZ4_D14,LC-SAEA,8,0.8343930391962843,0.01157926463210011,14
DTLZ4_D14,LC-SAEA,9,0.8280512820576805,0.015577507739011131,14
DTLZ4_D14,LC-SAEA,10,0.8424475380928982,0.011581076039784007,14
DTLZ4_D14,LC-SAEA,11,0.8703416029757638,0.008261641997136332,14
DTLZ4_D14,LC-SAEA,12,0.8745304002948135,0.012024436468928828,14
DTLZ4_D14,LC-SAEA,13,0.8588062143987375,0.009245827257314845,14
DTLZ4_D14,LC-SAEA,14,0.863989269834902,0.010515200084576633,14
DTLZ4_D14,LC-SAEA,15,0.8267001847566257,0.012824419150146012,14
DTLZ4_D14,LC-SAEA,16,0.8497256447667334,0.012039954858381035,14
DTLZ4_D14,LC-SAEA,17,0.8561098632859278,0.009887396890264636,14
DTLZ4_D14,LC-SAEA,18,0.8582660237584685,0.009551810920630057,14
DTLZ4_D14,LC-SAEA,19,0.8255615445541986,0.011172309329187873,14
DTLZ4_D14,LC-SAEA,20,0.8608515372524186,0.013032181377159969,14
DTLZ4_D14,C-SAEA,1,0.8693346688858871,0.010189850779040832,14
DTLZ4_D14,C-SAEA,2,0.8750238665457065,0.009686095083879492,14
DTLZ4_D14,C-SAEA,3,0.8296426148892225,0.016723264997955293,14
DTLZ4_D14,C-SAEA,4,0.8246274810782869,0.013861563913580725,14
DTLZ4_D14,C-SAEA,5,0.8501959330445563,0.011255221250251952,14
DTLZ4_D14,C-SAEA,6,0.8720431590355215,0.00806684840627746,14
DTLZ4_D14,C-SAEA,7,0.8436228114521207,0.012436752594686256,14
DTLZ4_D14,C-SAEA,8,0.840245002302119,0.011284262335953008,14
DTLZ4_D14,C-SAEA,9,0.866061887188756,0.0122946128207789,14
DTLZ4_D14,C-SAEA,10,0.8354277931738001,0.014108582418118874,14
DTLZ4_D14,C-SAEA,11,0.8504896107845958,0.0117560214566053,14
DTLZ4_D14,C-SAEA,12,0.8320921319356775,0.01131565228982407,14
DTLZ4_D14,C-SAEA,13,0.8442317044033332,0.012435802219781878,14
DTLZ4_D14,C-SAEA,14,0.8656645571656073,0.01044784401651083,14
DTLZ4_D14,C-SAEA,15,0.8314123823889824,0.013865014825005169,14
DTLZ4_D14,C-SAEA,16,0.8458864300189008,0.010139633530352736,14
DTLZ4_D14,C-SAEA,17,0.8376921821647062,0.014642795227199443,14
DTLZ4_D14,C-SAEA,18,0.8513419608370194,0.010570864383737034,14
DTLZ4_D14,C-SAEA,19,0.8278453002039766,0.015599214602387473,14
DTLZ4_D14,C-SAEA,20,0.8880563998152766,0.006447452156712757,14
DTLZ4_D14,MOEA/D-GP,1,0.8492452248983504,0.013804057033654286,14
DTLZ4_D14,MOEA/D-GP,2,0.8375558235790745,0.013591872219816916,14
DTLZ4_D14,MOEA/D-GP,3,0.8446095321038978,0.011444030799994587,14
DTLZ4_D14,MOEA/D-GP,4,0.8551746547368838,0.010625100818935314,14
DTLZ4_D14,MOEA/D-GP,5,0.8495467489216688,0.013154594573159269,14
DTLZ4_D14,MOEA/D-GP,6,0.8439537847377846,0.012101722812078726,14
DTLZ4_D14,MOEA/D-GP,7,0.8410124405216713,0.013344640509875294,14
DTLZ4_D14,MOEA/D-GP,8,0.846478414458193,0.01423744683069085,14
DTLZ4_D14,MOEA/D-GP,9,0.8120804758841765,0.016749545203251615,14
DTLZ4_D14,MOEA/D-GP,10,0.8659076563882618,0.010448693042165716,14
DTLZ4_D14,MOEA/D-GP,11,0.8398958508059237,0.015000238252033121,14
DTLZ4_D14,MOEA/D-GP,12,0.8058891669221255,0.016729169831141824,14
DTLZ4_D14,MOEA/D-GP,13,0.8437583861908697,0.013912265075271667,14
DTLZ4_D14,MOEA/D-GP,14,0.8376041395435797,0.010935403692958577,14
DTLZ4_D14,MOEA/D-GP,15,0.8490874147171643,0.012982659113001864,14
DTLZ4_D14,MOEA/D-GP,16,0.8446924453936374,0.011502549828184602,14
DTLZ4_D14,MOEA/D-GP,17,0.8368153477944039,0.013979965391304786,14
DTLZ4_D14,MOEA/D-GP,18,0.8357283466466905,0.010739656415132685,14
DTLZ4_D14,MOEA/D-GP,19,0.8447216325648169,0.01062607012736344,14
DTLZ4_D14,MOEA/D-GP,20,0.8153166658105527,0.014504142115474012,14
DTLZ4_D14,SMS-EGO,1,0.8628964583959051,0.008608629144233123,14
DTLZ4_D14,SMS-EGO,2,0.8411252326098974,0.01183101962282092,14
DTLZ4_D14,SMS-EGO,3,0.8222328915407535,0.013996452325873389,14
DTLZ4_D14,SMS-EGO,4,0.8291541722894902,0.015043715887738358,14
DTLZ4_D14,SMS-EGO,5,0.8261372945077594,0.014547565394271477,14
DTLZ4_D14,SMS-EGO,6,0.785510013901046,0.016791348079684194,14
DTLZ4_D14,SMS-EGO,7,0.8069362596290095,0.013277269580868356,14
DTLZ4_D14,SMS-EGO,8,0.8160918239895075,0.013851124773888706,14
DTLZ4_D14,SMS-EGO,9,0.810484020933238,0.015535867987440097,14
DTLZ4_D14,SMS-EGO,10,0.8474242197702611,0.011749827646736388,14
DTLZ4_D14,SMS-EGO,11,0.8132618818329511,0.013795986472361093,14
DTLZ4_D14,SMS-EGO,12,0.8409232518446832,0.011430663230448194,14
DTLZ4_D14,SMS-EGO,13,0.8347873057930183,0.012357066104770838,14
DTLZ4_D14,SMS-EGO,14,0.8603360788302239,0.009348833700744146,14
DTLZ4_D14,SMS-EGO,15,0.8397736162323695,0.01077825369137024,14
DTLZ4_D14,SMS-EGO,16,0.8244313209425208,0.013736637771819266,14
DTLZ4_D14,SMS-EGO,17,0.82544372102209,0.014783558254860208,14
DTLZ4_D14,SMS-EGO,18,0.8334738410901373,0.014442453972910102,14
DTLZ4_D14,SMS-EGO,19,0.8429495393652819,0.011239860000451202,14
DTLZ4_D14,SMS-EGO,20,0.8348124188775521,0.013639692555731454,14
DTLZ4_D14,ParEGO,1,0.8177198288264331,0.012252011380781233,14
DTLZ4_D14,ParEGO,2,0.8279192379365399,0.01627020025690106,14
DTLZ4_D14,ParEGO,3,0.8361355108458708,0.011904819039667674,14
DTLZ4_D14,ParEGO,4,0.8278706688189017,0.012668635735712155,14
DTLZ4_D14,ParEGO,5,0.7988910042459896,0.015144086041838334,14
DTLZ4_D14,ParEGO,6,0.8236407121774699,0.013080398763395153,14
DTLZ4_D14,ParEGO,7,0.8461229037239294,0.012244627242489392,14
DTLZ4_D14,ParEGO,8,0.831793634989789,0.012419638172855456,14
DTLZ4_D14,ParEGO,9,0.8193071801795571,0.01567347072021881,14
DTLZ4_D14,ParEGO,10,0.8256528486486376,0.012111437203691289,14
DTLZ4_D14,ParEGO,11,0.8239915502373789,0.013753555559763889,14
DTLZ4_D14,ParEGO,12,0.82590726790033,0.013302457248987888,14
DTLZ4_D14,ParEGO,13,0.8397169385655995,0.013123504835653747,14
DTLZ4_D14,ParEGO,14,0.8181015992305695,0.017429417041913895,14
DTLZ4_D14,ParEGO,15,0.8214868059309222,0.01482256277597666,14
DTLZ4_D14,ParEGO,16,0.8122404116305628,0.011762019682245245,14
DTLZ4_D14,ParEGO,17,0.8332320289969037,0.009717456374336566,14
DTLZ4_D14,ParEGO,18,0.8097246363400473,0.013277248854252806,14
DTLZ4_D14,ParEGO,19,0.8171442695940744,0.013977411628571561,14
DTLZ4_D14,ParEGO,20,0.8869099533508288,0.007158682123500793,14
DTLZ4_D14,HF-NSGA-II,1,0.8180871437599992,0.014328562450303221,14
DTLZ4_D14,HF-NSGA-II,2,0.8237839086739567,0.015330803705191206,14
DTLZ4_D14,HF-NSGA-II,3,0.7889532958192524,0.014993842535339422,14
DTLZ4_D14,HF-NSGA-II,4,0.820653609810879,0.013530527664440113,14
DTLZ4_D14,HF-NSGA-II,5,0.8121851459501837,0.01772625233832519,14
DTLZ4_D14,HF-NSGA-II,6,0.8053086521635032,0.01689790070500866,14
DTLZ4_D14,HF-NSGA-II,7,0.806833994964941,0.015535484601779379,14
DTLZ4_D14,HF-NSGA-II,8,0.8119832524088884,0.016946048795571732,14
DTLZ4_D14,HF-NSGA-II,9,0.8039464972429989,0.01873107542666341,14
DTLZ4_D14,HF-NSGA-II,10,0.8082491761634331,0.01451872169446481,14
DTLZ4_D14,HF-NSGA-II,11,0.837714157089983,0.011752996943954288,14
DTLZ4_D14,HF-NSGA-II,12,0.8047921777943908,0.014643973338752331,14
DTLZ4_D14,HF-NSGA-II,13,0.8254517473267609,0.016491264210466955,14
DTLZ4_D14,HF-NSGA-II,14,0.8035915297509899,0.012324714275447944,14
DTLZ4_D14,HF-NSGA-II,15,0.8251813157769422,0.014950987533412141,14
DTLZ4_D14,HF-NSGA-II,16,0.8309500849978009,0.013003874590513163,14
DTLZ4_D14,HF-NSGA-II,17,0.7860560058401963,0.018735994203316564,14
DTLZ4_D14,HF-NSGA-II,18,0.7933245060766845,0.015335383534380515,14
DTLZ4_D14,HF-NSGA-II,19,0.8350891317955468,0.008998938210992968,14
DTLZ4_D14,HF-NSGA-II,20,0.8265613236073353,0.014272176886165172,14
DTLZ5_D14,MF-BCL-SAEA,1,0.849695425460575,0.014020536921095905,14
DTLZ5_D14,MF-BCL-SAEA,2,0.8588883039409102,0.012591230216941153,14
DTLZ5_D14,MF-BCL-SAEA,3,0.8569352683563661,0.011378729974757331,14
DTLZ5_D14,MF-BCL-SAEA,4,0.8162062692729803,0.016369572315983565,14
DTLZ5_D14,MF-BCL-SAEA,5,0.86586065591922,0.014421458233677596,14
DTLZ5_D14,MF-BCL-SAEA,6,0.8566230279985819,0.010738200985607918,14
DTLZ5_D14,MF-BCL-SAEA,7,0.8692639859328042,0.0087929466848021,14
DTLZ5_D14,MF-BCL-SAEA,8,0.847841069018726,0.01320484558207988,14
DTLZ5_D14,MF-BCL-SAEA,9,0.8582169333999323,0.01294957412138715,14
DTLZ5_D14,MF-BCL-SAEA,10,0.8585005628269848,0.012019652622674263,14
DTLZ5_D14,MF-BCL-SAEA,11,0.8290499222184509,0.013003421044154818,14
DTLZ5_D14,MF-BCL-SAEA,12,0.858369890743943,0.009205510507236472,14
DTLZ5_D14,MF-BCL-SAEA,13,0.8504604880614546,0.008056861125288858,14
DTLZ5_D14,MF-BCL-SAEA,14,0.8514709816839439,0.012275586486196631,14
DTLZ5_D14,MF-BCL-SAEA,15,0.8584133998091529,0.009708685782250216,14
DTLZ5_D14,MF-BCL-SAEA,16,0.8357341089654906,0.011039744999472828,14
DTLZ5_D14,MF-BCL-SAEA,17,0.8477298118428747,0.013350614664541391,14
DTLZ5_D14,MF-BCL-SAEA,18,0.8527385600469539,0.012500331250412295,14
DTLZ5_D14,MF-BCL-SAEA,19,0.8603362559233998,0.011127759293188395,14
DTLZ5_D14,MF-BCL-SAEA,20,0.8551026342212255,0.010391853279767061,14
DTLZ5_D14,MF-EMTO,1,0.8268644218157017,0.0136244614977518,14
DTLZ5_D14,MF-EMTO,2,0.8473925613979624,0.011300730256961631,14
DTLZ5_D14,MF-EMTO,3,0.8635280438280661,0.009872931807829017,14
DTLZ5_D14,MF-EMTO,4,0.8011186340305635,0.017881941723611617,14
DTLZ5_D14,MF-EMTO,5,0.8655183553786522,0.013318942885318019,14
DTLZ5_D14,MF-EMTO,6,0.8036333427323994,0.016689537638638733,14
DTLZ5_D14,MF-EMTO,7,0.8212041953071396,0.013681497139046634,14
DTLZ5_D14,MF-EMTO,8,0.8163434523094684,0.013495742770134427,14
DTLZ5_D14,MF-EMTO,9,0.8444777790564463,0.014232741150429247,14
DTLZ5_D14,MF-EMTO,10,0.8239087730072066,0.013231433286707792,14
DTLZ5_D14,MF-EMTO,11,0.8158047981156494,0.014447930142327547,14
DTLZ5_D14,MF-EMTO,12,0.8617190899771683,0.013176650859469782,14
DTLZ5_D14,MF-EMTO,13,0.8399319417344135,0.012489120266797066,14
DTLZ5_D14,MF-EMTO,14,0.8079072200572666,0.01694708666079386,14
DTLZ5_D14,MF-EMTO,15,0.8093989908725995,0.015091005148964314,14
DTLZ5_D14,MF-EMTO,16,0.8125125137966942,0.015688599794178613,14
DTLZ5_D14,MF-EMTO,17,0.7937623828862155,0.01576346845574351,14
DTLZ5_D14,MF-EMTO,18,0.8520675231745484,0.01296752706673357,14
DTLZ5_D14,MF-EMTO,19,0.814283251723838,0.01516335745189499,14
DTLZ5_D14,MF-EMTO,20,0.8323442610710414,0.015284605397582257,14
DTLZ5_D14,qNEHVI,1,0.8090811874155411,0.013084889919738414,14
DTLZ5_D14,qNEHVI,2,0.8195701378299193,0.013767013352393605,14
DTLZ5_D14,qNEHVI,3,0.8398293927749823,0.013606017691833413,14
DTLZ5_D14,qNEHVI,4,0.8268810050199836,0.013624249057189178,14
DTLZ5_D14,qNEHVI,5,0.8010212647636504,0.018161193826293137,14
DTLZ5_D14,qNEHVI,6,0.8135164098605723,0.014218202665952941,14
DTLZ5_D14,qNEHVI,7,0.8647099281481607,0.011780612859040826,14
DTLZ5_D14,qNEHVI,8,0.8290582259275748,0.016289294597819467,14
DTLZ5_D14,qNEHVI,9,0.8472228486928135,0.013971249635426498,14
DTLZ5_D14,qNEHVI,10,0.7895339451863785,0.016570274585231057,14
DTLZ5_D14,qNEHVI,11,0.8476709700027028,0.012476603558004857,14
DTLZ5_D14,qNEHVI,12,0.8235040925145816,0.011900685729413375,14
DTLZ5_D14,qNEHVI,13,0.8227650556291254,0.013575553773082361,14
DTLZ5_D14,qNEHVI,14,0.791495992865385,0.015464316374449689,14
DTLZ5_D14,qNEHVI,15,0.7940478479549212,0.014453995651319738,14
DTLZ5_D14,qNEHVI,16,0.8777916369181208,0.009353051828281961,14
DTLZ5_D14,qNEHVI,17,0.8349980648341645,0.011922440265537924,14
DTLZ5_D14,qNEHVI,18,0.8494269380359474,0.011747773728241684,14
DTLZ5_D14,qNEHVI,19,0.8466020257282254,0.011781757401795954,14
DTLZ5_D14,qNEHVI,20,0.8288707145518023,0.012374762430268674,14
DTLZ5_D14,LC-SAEA,1,0.8097395633797109,0.013937827894213517,14
DTLZ5_D14,LC-SAEA,2,0.8441904987571717,0.011161232774730547,14
DTLZ5_D14,LC-SAEA,3,0.7999049758976773,0.01543031413377882,14
DTLZ5_D14,LC-SAEA,4,0.7874850128364949,0.020044212026753737,14
DTLZ5_D14,LC-SAEA,5,0.8099907855134576,0.013969981907656859,14
DTLZ5_D14,LC-SAEA,6,0.8237356912469138,0.011696906044220525,14
DTLZ5_D14,LC-SAEA,7,0.8424474458941084,0.014062027486614549,14
DTLZ5_D14,LC-SAEA,8,0.8047549871326678,0.016788529284207807,14
DTLZ5_D14,LC-SAEA,9,0.7937909440680649,0.014889268875336996,14
DTLZ5_D14,LC-SAEA,10,0.8279211883200623,0.011364734495592527,14
DTLZ5_D14,LC-SAEA,11,0.810513631660357,0.015933155591464396,14
DTLZ5_D14,LC-SAEA,12,0.8241568640451608,0.01595004183117379,14
DTLZ5_D14,LC-SAEA,13,0.8250278100496249,0.01299304766712721,14
DTLZ5_D14,LC-SAEA,14,0.8305244512660843,0.01387772154225138,14
DTLZ5_D14,LC-SAEA,15,0.828047542813276,0.01427661221136855,14
DTLZ5_D14,LC-SAEA,16,0.8207207805157748,0.014843830852994322,14
DTLZ5_D14,LC-SAEA,17,0.7969216595321845,0.019125858589852118,14
DTLZ5_D14,LC-SAEA,18,0.8375458658076737,0.01157188007683477,14
DTLZ5_D14,LC-SAEA,19,0.804956974436388,0.016598544676535206,14
DTLZ5_D14,LC-SAEA,20,0.8368856529389062,0.010523856400833404,14
DTLZ5_D14,C-SAEA,1,0.8164136039654285,0.015750228106125648,14
DTLZ5_D14,C-SAEA,2,0.7975272557360644,0.014806942166576815,14
DTLZ5_D14,C-SAEA,3,0.8114846643788177,0.016766429767528096,14
DTLZ5_D14,C-SAEA,4,0.8190828496825208,0.016458603136907533,14
DTLZ5_D14,C-SAEA,5,0.8381412304179607,0.014199975815837115,14
DTLZ5_D14,C-SAEA,6,0.8172140267928534,0.012521513464157709,14
DTLZ5_D14,C-SAEA,7,0.8095182612567107,0.01656634002098868,14
DTLZ5_D14,C-SAEA,8,0.7978796707002672,0.015068228513192262,14
DTLZ5_D14,C-SAEA,9,0.7920716424553566,0.016343287238149023,14
DTLZ5_D14,C-SAEA,10,0.8016659940166667,0.017856348814625358,14
DTLZ5_D14,C-SAEA,11,0.8235491483212128,0.016418586391057397,14
DTLZ5_D14,C-SAEA,12,0.8111095604529979,0.015308917278852746,14
DTLZ5_D14,C-SAEA,13,0.7967176959392746,0.017114710621124136,14
DTLZ5_D14,C-SAEA,14,0.808920809941483,0.013394229159749974,14
DTLZ5_D14,C-SAEA,15,0.8314917058105968,0.015890027774205936,14
DTLZ5_D14,C-SAEA,16,0.7961964030460729,0.016478023701764107,14
DTLZ5_D14,C-SAEA,17,0.7897628689056714,0.019324211697550144,14
DTLZ5_D14,C-SAEA,18,0.8242535892996166,0.012024308480058614,14
DTLZ5_D14,C-SAEA,19,0.8155651403600773,0.01485954227989968,14
DTLZ5_D14,C-SAEA,20,0.8021965112521785,0.016275089242226003,14
DTLZ5_D14,MOEA/D-GP,1,0.8117026699804475,0.016024709358633434,14
DTLZ5_D14,MOEA/D-GP,2,0.8222365872102443,0.015204277767482809,14
DTLZ5_D14,MOEA/D-GP,3,0.7930405059144997,0.014449350709658686,14
DTLZ5_D14,MOEA/D-GP,4,0.7800254739518089,0.017316116040198525,14
DTLZ5_D14,MOEA/D-GP,5,0.8445779418169556,0.015432404640533037,14
DTLZ5_D14,MOEA/D-GP,6,0.7884351853676793,0.015875454491491074,14
DTLZ5_D14,MOEA/D-GP,7,0.8199478787167659,0.012750941699130526,14
DTLZ5_D14,MOEA/D-GP,8,0.8094384867919624,0.015623784152991137,14
DTLZ5_D14,MOEA/D-GP,9,0.7900107822828801,0.018647191006266998,14
DTLZ5_D14,MOEA/D-GP,10,0.7930836447517063,0.01671646540180289,14
DTLZ5_D14,MOEA/D-GP,11,0.8261670936496702,0.012238205436105301,14
DTLZ5_D14,MOEA/D-GP,12,0.8086744041351368,0.015619318598751628,14
DTLZ5_D14,MOEA/D-GP,13,0.8114263299788218,0.017867246860047124,14
DTLZ5_D14,MOEA/D-GP,14,0.7966066275560112,0.015280098611528604,14
DTLZ5_D14,MOEA/D-GP,15,0.7967369073716417,0.016353520320222675,14
DTLZ5_D14,MOEA/D-GP,16,0.7924497797247951,0.019650635172876817,14
DTLZ5_D14,MOEA/D-GP,17,0.8194252091963433,0.013753537543880541,14
DTLZ5_D14,MOEA/D-GP,18,0.7895327559210237,0.016079348224067057,14
DTLZ5_D14,MOEA/D-GP,19,0.8042355074035741,0.015795506684588498,14
DTLZ5_D14,MOEA/D-GP,20,0.7847650238444244,0.018666386349713918,14
DTLZ5_D14,SMS-EGO,1,0.8108671335900646,0.012831075867598615,14
DTLZ5_D14,SMS-EGO,2,0.7976323203104095,0.01812324665711406,14
DTLZ5_D14,SMS-EGO,3,0.7720898747388868,0.019260444854655244,14
DTLZ5_D14,SMS-EGO,4,0.7908265059254278,0.01952012675836464,14
DTLZ5_D14,SMS-EGO,5,0.7926088610941229,0.014325939253399287,14
DTLZ5_D14,SMS-EGO,6,0.7929781818155044,0.015232296136251062,14
DTLZ5_D14,SMS-EGO,7,0.7895850687337697,0.01785897757516543,14
DTLZ5_D14,SMS-EGO,8,0.7996415769694047,0.01506196288709654,14
DTLZ5_D14,SMS-EGO,9,0.8107144152087321,0.01538689613671024,14
DTLZ5_D14,SMS-EGO,10,0.8179014343888052,0.014043380373641463,14
DTLZ5_D14,SMS-EGO,11,0.7712493537321097,0.016625531133873273,14
DTLZ5_D14,SMS-EGO,12,0.7782366692329169,0.01723244660834639,14
DTLZ5_D14,SMS-EGO,13,0.7949912691944183,0.01914016530162892,14
DTLZ5_D14,SMS-EGO,14,0.787229295430384,0.015793637994082396,14
DTLZ5_D14,SMS-EGO,15,0.7772468119279745,0.01767804055975986,14
DTLZ5_D14,SMS-EGO,16,0.794147052984967,0.020276802181415057,14
DTLZ5_D14,SMS-EGO,17,0.7902889036711779,0.014607870609127941,14
DTLZ5_D14,SMS-EGO,18,0.8400155315645981,0.014737412510938483,14
DTLZ5_D14,SMS-EGO,19,0.8129511738958473,0.014518420833945549,14
DTLZ5_D14,SMS-EGO,20,0.8045244057082218,0.015503515075909293,14
DTLZ5_D14,ParEGO,1,0.8013894349795614,0.018318453180276854,14
DTLZ5_D14,ParEGO,2,0.8009131484674886,0.012665346287644952,14
DTLZ5_D14,ParEGO,3,0.7518681675953299,0.021091311262566702,14
DTLZ5_D14,ParEGO,4,0.7986029695398236,0.014717369920268349,14
DTLZ5_D14,ParEGO,5,0.7759862128694791,0.020421955719602036,14
DTLZ5_D14,ParEGO,6,0.7698481372664407,0.018924999444188396,14
DTLZ5_D14,ParEGO,7,0.7968924823231733,0.016581679022390907,14
DTLZ5_D14,ParEGO,8,0.7978935306636765,0.015474337182428846,14
DTLZ5_D14,ParEGO,9,0.7858997867178661,0.020025410798946562,14
DTLZ5_D14,ParEGO,10,0.7994358363320087,0.016904389087157974,14
DTLZ5_D14,ParEGO,11,0.8011302694582163,0.01541478935046715,14
DTLZ5_D14,ParEGO,12,0.7751603679867322,0.016742594444087707,14
DTLZ5_D14,ParEGO,13,0.7798671037167317,0.018851119487918365,14
DTLZ5_D14,ParEGO,14,0.7806974749214205,0.017172614417135523,14
DTLZ5_D14,ParEGO,15,0.7698058523119241,0.01815595595864651,14
DTLZ5_D14,ParEGO,16,0.7778766911985319,0.016078284100462296,14
DTLZ5_D14,ParEGO,17,0.7750255054717546,0.01962984373747374,14
DTLZ5_D14,ParEGO,18,0.7934408419891572,0.01527594829435095,14
DTLZ5_D14,ParEGO,19,0.7699449300850617,0.01885655642433053,14
DTLZ5_D14,ParEGO,20,0.7791137472800576,0.018938917373284746,14
DTLZ5_D14,HF-NSGA-II,1,0.7925295285720834,0.015172249524940484,14
DTLZ5_D14,HF-NSGA-II,2,0.7604940672717103,0.01920929222673014,14
DTLZ5_D14,HF-NSGA-II,3,0.7872543310720355,0.015958503744935387,14
DTLZ5_D14,HF-NSGA-II,4,0.7723726142273268,0.018212440848504836,14
DTLZ5_D14,HF-NSGA-II,5,0.7875995326321065,0.017324702547575958,14
DTLZ5_D14,HF-NSGA-II,6,0.7890072029130614,0.015982953994342623,14
DTLZ5_D14,HF-NSGA-II,7,0.7510955740306962,0.019897557285597178,14
DTLZ5_D14,HF-NSGA-II,8,0.7850361609745006,0.01682587375835705,14
DTLZ5_D14,HF-NSGA-II,9,0.7729753735594705,0.018295598028901912,14
DTLZ5_D14,HF-NSGA-II,10,0.7503225911349832,0.017975658272132083,14
DTLZ5_D14,HF-NSGA-II,11,0.7979884469376792,0.017009224288902523,14
DTLZ5_D14,HF-NSGA-II,12,0.7859881618835977,0.014064011031133743,14
DTLZ5_D14,HF-NSGA-II,13,0.7908732766645638,0.0156957993613305,14
DTLZ5_D14,HF-NSGA-II,14,0.7728343010211448,0.016407535112538913,14
DTLZ5_D14,HF-NSGA-II,15,0.7552575015054958,0.01774020241934641,14
DTLZ5_D14,HF-NSGA-II,16,0.7715399060396548,0.01739025057961117,14
DTLZ5_D14,HF-NSGA-II,17,0.7449423204591521,0.019051780642787328,14
DTLZ5_D14,HF-NSGA-II,18,0.7928891935221596,0.018196124760479982,14
DTLZ5_D14,HF-NSGA-II,19,0.7645476983111462,0.018952169774211644,14
DTLZ5_D14,HF-NSGA-II,20,0.7714415470047807,0.020883727116476944,14
DTLZ6_D14,MF-BCL-SAEA,1,0.8179721701895762,0.014096300383530675,14
DTLZ6_D14,MF-BCL-SAEA,2,0.806953409940718,0.014437250461543004,14
DTLZ6_D14,MF-BCL-SAEA,3,0.8097832232559793,0.014564504368812724,14
DTLZ6_D14,MF-BCL-SAEA,4,0.8045624460020387,0.017010673024610214,14
DTLZ6_D14,MF-BCL-SAEA,5,0.7953907872093102,0.01721360781949887,14
DTLZ6_D14,MF-BCL-SAEA,6,0.8090339953303016,0.014890916828307496,14
DTLZ6_D14,MF-BCL-SAEA,7,0.8074831902657267,0.015222620264562408,14
DTLZ6_D14,MF-BCL-SAEA,8,0.7815739644951024,0.018494351226696838,14
DTLZ6_D14,MF-BCL-SAEA,9,0.7854951557517207,0.020696063800679062,14
DTLZ6_D14,MF-BCL-SAEA,10,0.7950557399277828,0.017159277279769784,14
DTLZ6_D14,MF-BCL-SAEA,11,0.7968791857698769,0.01689436359767878,14
DTLZ6_D14,MF-BCL-SAEA,12,0.7877940300019145,0.01639655328214586,14
DTLZ6_D14,MF-BCL-SAEA,13,0.807741855591813,0.018500814746153844,14
DTLZ6_D14,MF-BCL-SAEA,14,0.7845524058777461,0.01742068813038685,14
DTLZ6_D14,MF-BCL-SAEA,15,0.7930022920626403,0.01788798837101566,14
DTLZ6_D14,MF-BCL-SAEA,16,0.7879339023110826,0.016201553003899142,14
DTLZ6_D14,MF-BCL-SAEA,17,0.8150435044159065,0.01343046715878558,14
DTLZ6_D14,MF-BCL-SAEA,18,0.8024872117302833,0.016354679681184262,14
DTLZ6_D14,MF-BCL-SAEA,19,0.7865369954685527,0.016174194013282378,14
DTLZ6_D14,MF-BCL-SAEA,20,0.7919478826394304,0.01913590896565764,14
DTLZ6_D14,MF-EMTO,1,0.7567905513847216,0.01878574328220066,14
DTLZ6_D14,MF-EMTO,2,0.7857763284563242,0.01713526670273733,14
DTLZ6_D14,MF-EMTO,3,0.7724485693405746,0.01652671307977652,14
DTLZ6_D14,MF-EMTO,4,0.7763068834424133,0.020462614077583326,14
DTLZ6_D14,MF-EMTO,5,0.7629072821537656,0.015279223846930472,14
DTLZ6_D14,MF-EMTO,6,0.7465322278548724,0.020944679648184254,14
DTLZ6_D14,MF-EMTO,7,0.7747603926167291,0.017826215259431143,14
DTLZ6_D14,MF-EMTO,8,0.7816488802781006,0.014261498500394227,14
DTLZ6_D14,MF-EMTO,9,0.748121304531585,0.02072654258445998,14
DTLZ6_D14,MF-EMTO,10,0.7886370634122323,0.016898127142135778,14
DTLZ6_D14,MF-EMTO,11,0.7773996302033694,0.01626267610049938,14
DTLZ6_D14,MF-EMTO,12,0.7750671261455063,0.017488845030894238,14
DTLZ6_D14,MF-EMTO,13,0.775449942754802,0.018690560761703195,14
DTLZ6_D14,MF-EMTO,14,0.7785676376823811,0.019181507300111193,14
DTLZ6_D14,MF-EMTO,15,0.7779119009682025,0.017573285591885486,14
DTLZ6_D14,MF-EMTO,16,0.7661106491678329,0.02060346402445859,14
DTLZ6_D14,MF-EMTO,17,0.7377232908737941,0.02229361248643169,14
DTLZ6_D14,MF-EMTO,18,0.7829213944073774,0.021137494092848663,14
DTLZ6_D14,MF-EMTO,19,0.7580098442560766,0.016728402378608606,14
DTLZ6_D14,MF-EMTO,20,0.7740493385888141,0.020663363680891673,14
DTLZ6_D14,qNEHVI,1,0.7905369188092823,0.017344575221332946,14
DTLZ6_D14,qNEHVI,2,0.7325737334357793,0.021958977500466798,14
DTLZ6_D14,qNEHVI,3,0.7853273564936636,0.01974895159611141,14
DTLZ6_D14,qNEHVI,4,0.7659389695084249,0.017278353403387983,14
DTLZ6_D14,qNEHVI,5,0.7638950404766885,0.01839104397984369,14
DTLZ6_D14,qNEHVI,6,0.7482441657458966,0.02177010125304092,14
DTLZ6_D14,qNEHVI,7,0.7788587294943743,0.0159170118167359,14
DTLZ6_D14,qNEHVI,8,0.7732884699388091,0.018187456719258033,14
DTLZ6_D14,qNEHVI,9,0.7762281513925443,0.018594326644311293,14
DTLZ6_D14,qNEHVI,10,0.7686293441043769,0.022299888941624678,14
DTLZ6_D14,qNEHVI,11,0.7481952030036264,0.02279085204811358,14
DTLZ6_D14,qNEHVI,12,0.7701631734089356,0.019950128213479603,14
DTLZ6_D14,qNEHVI,13,0.7759169023851291,0.01693287298380943,14
DTLZ6_D14,qNEHVI,14,0.7655341055994348,0.01908745153487078,14
DTLZ6_D14,qNEHVI,15,0.7817054041404095,0.015578208048931539,14
DTLZ6_D14,qNEHVI,16,0.7978874129517606,0.01754531611051497,14
DTLZ6_D14,qNEHVI,17,0.7458659331309248,0.02023020191556887,14
DTLZ6_D14,qNEHVI,18,0.7705665951871602,0.018069453140172404,14
DTLZ6_D14,qNEHVI,19,0.7539250231460438,0.021780689129582708,14
DTLZ6_D14,qNEHVI,20,0.7994185313173051,0.016272603870047996,14
DTLZ6_D14,LC-SAEA,1,0.7637685482927663,0.01564515703312473,14
DTLZ6_D14,LC-SAEA,2,0.7653341702939629,0.01891722918673854,14
DTLZ6_D14,LC-SAEA,3,0.777443179815778,0.01693980765847438,14
DTLZ6_D14,LC-SAEA,4,0.7718026125053774,0.01901979052975354,14
DTLZ6_D14,LC-SAEA,5,0.7500369160396042,0.019667501668401314,14
DTLZ6_D14,LC-SAEA,6,0.7540463266091587,0.021137596683176336,14
DTLZ6_D14,LC-SAEA,7,0.7731301409748987,0.019542816017147677,14
DTLZ6_D14,LC-SAEA,8,0.7384243789882563,0.023035298825832693,14
DTLZ6_D14,LC-SAEA,9,0.749138999357831,0.017163508028392126,14
DTLZ6_D14,LC-SAEA,10,0.7500030222016378,0.018236882574708936,14
DTLZ6_D14,LC-SAEA,11,0.77854045325195,0.017647753220638447,14
DTLZ6_D14,LC-SAEA,12,0.7679524027309607,0.019557029296749236,14
DTLZ6_D14,LC-SAEA,13,0.7806389182908046,0.017131828649725376,14
DTLZ6_D14,LC-SAEA,14,0.7910170768760215,0.01588449402978161,14
DTLZ6_D14,LC-SAEA,15,0.7450323327023862,0.019712923504914905,14
DTLZ6_D14,LC-SAEA,16,0.7364305851935103,0.02008338245752298,14
DTLZ6_D14,LC-SAEA,17,0.7567529170190966,0.01935614394683088,14
DTLZ6_D14,LC-SAEA,18,0.7844081889640908,0.01641775175064413,14
DTLZ6_D14,LC-SAEA,19,0.7741474241835762,0.017315122021886665,14
DTLZ6_D14,LC-SAEA,20,0.7692650202134323,0.020859725259131615,14
DTLZ6_D14,C-SAEA,1,0.7396872047436158,0.02341335594606435,14
DTLZ6_D14,C-SAEA,2,0.800825108383333,0.01376237686392903,14
DTLZ6_D14,C-SAEA,3,0.7454515682416643,0.01822329234394427,14
DTLZ6_D14,C-SAEA,4,0.7565566937453316,0.018798761224457856,14
DTLZ6_D14,C-SAEA,5,0.7586303939137404,0.01769243318710244,14
DTLZ6_D14,C-SAEA,6,0.7449571827597175,0.018710101238907487,14
DTLZ6_D14,C-SAEA,7,0.7706578771136391,0.018212821021368127,14
DTLZ6_D14,C-SAEA,8,0.7581223181734886,0.022695206273235694,14
DTLZ6_D14,C-SAEA,9,0.7487886457931625,0.017653338799139755,14
DTLZ6_D14,C-SAEA,10,0.7620613674303028,0.01686900656929983,14
DTLZ6_D14,C-SAEA,11,0.7339825883079445,0.022079448898673953,14
DTLZ6_D14,C-SAEA,12,0.7367215910649975,0.021408590121446653,14
DTLZ6_D14,C-SAEA,13,0.7482346529404211,0.01933957661904969,14
DTLZ6_D14,C-SAEA,14,0.7475811347775834,0.01943919968208537,14
DTLZ6_D14,C-SAEA,15,0.7571076234781878,0.020268371701475343,14
DTLZ6_D14,C-SAEA,16,0.7665963269006598,0.019297519951456565,14
DTLZ6_D14,C-SAEA,17,0.7553825820109622,0.018146320852526078,14
DTLZ6_D14,C-SAEA,18,0.7255019166726944,0.021575986788231232,14
DTLZ6_D14,C-SAEA,19,0.759136118412566,0.019227653476695136,14
DTLZ6_D14,C-SAEA,20,0.7599144003138039,0.020969312037577324,14
DTLZ6_D14,MOEA/D-GP,1,0.7436509939336579,0.019668577882480144,14
DTLZ6_D14,MOEA/D-GP,2,0.7523648931282932,0.0185406930156861,14
DTLZ6_D14,MOEA/D-GP,3,0.7448989258271963,0.021847597750197244,14
DTLZ6_D14,MOEA/D-GP,4,0.7626680447155216,0.02007244591972531,14
DTLZ6_D14,MOEA/D-GP,5,0.7409281769182495,0.021722588779510447,14
DTLZ6_D14,MOEA/D-GP,6,0.7579455840561252,0.019065021074548456,14
DTLZ6_D14,MOEA/D-GP,7,0.7139878212741746,0.021754787269187965,14
DTLZ6_D14,MOEA/D-GP,8,0.7634144566533791,0.01799885774413143,14
DTLZ6_D14,MOEA/D-GP,9,0.7751010536011814,0.018452217658277627,14
DTLZ6_D14,MOEA/D-GP,10,0.7550703896921914,0.018993025813755195,14
DTLZ6_D14,MOEA/D-GP,11,0.7408992698809149,0.02197647339578184,14
DTLZ6_D14,MOEA/D-GP,12,0.7520234700097841,0.020639244204290353,14
DTLZ6_D14,MOEA/D-GP,13,0.7439607070624044,0.01956302012404083,14
DTLZ6_D14,MOEA/D-GP,14,0.7513453106270759,0.020088819016274802,14
DTLZ6_D14,MOEA/D-GP,15,0.7382594182692559,0.018500502319582782,14
DTLZ6_D14,MOEA/D-GP,16,0.7683459603584266,0.018939566497691036,14
DTLZ6_D14,MOEA/D-GP,17,0.73877735452763,0.02208495020421286,14
DTLZ6_D14,MOEA/D-GP,18,0.7444581994930678,0.021757857361768003,14
DTLZ6_D14,MOEA/D-GP,19,0.7759606405900772,0.01719021063284804,14
DTLZ6_D14,MOEA/D-GP,20,0.7449487908831297,0.021627218269676958,14
DTLZ6_D14,SMS-EGO,1,0.7222799098824966,0.02368508163943478,14
DTLZ6_D14,SMS-EGO,2,0.7310238573402287,0.02057702499524366,14
DTLZ6_D14,SMS-EGO,3,0.7063018822717457,0.024801488103029536,14
DTLZ6_D14,SMS-EGO,4,0.7276844899797259,0.02223487392275396,14
DTLZ6_D14,SMS-EGO,5,0.7396467412158739,0.02208433651168563,14
DTLZ6_D14,SMS-EGO,6,0.7406399606049078,0.018893936229020802,14
DTLZ6_D14,SMS-EGO,7,0.7254977173082213,0.022349416821658145,14
DTLZ6_D14,SMS-EGO,8,0.7450404828764321,0.022558998776198116,14
DTLZ6_D14,SMS-EGO,9,0.744164493810963,0.02092379538727587,14
DTLZ6_D14,SMS-EGO,10,0.7346918072460974,0.02047536428307031,14
DTLZ6_D14,SMS-EGO,11,0.7400329686730023,0.022200170997639296,14
DTLZ6_D14,SMS-EGO,12,0.7432266035573329,0.019680294502621692,14
DTLZ6_D14,SMS-EGO,13,0.7542481894106516,0.019968799583758565,14
DTLZ6_D14,SMS-EGO,14,0.7599362635795273,0.02226863406361012,14
DTLZ6_D14,SMS-EGO,15,0.7547130495269214,0.018425380180353286,14
DTLZ6_D14,SMS-EGO,16,0.7302594784442069,0.01902210568575252,14
DTLZ6_D14,SMS-EGO,17,0.7223068307462899,0.023472700851696622,14
DTLZ6_D14,SMS-EGO,18,0.7585412552448311,0.019668880092911734,14
DTLZ6_D14,SMS-EGO,19,0.7029076782125536,0.02250705511888034,14
DTLZ6_D14,SMS-EGO,20,0.7408554956396736,0.022941247335799126,14
DTLZ6_D14,ParEGO,1,0.7267430453286039,0.02458591960420733,14
DTLZ6_D14,ParEGO,2,0.7198907694990532,0.024241059651412485,14
DTLZ6_D14,ParEGO,3,0.7332942130503515,0.020478745179427178,14
DTLZ6_D14,ParEGO,4,0.75043222798059,0.01970364904323165,14
DTLZ6_D14,ParEGO,5,0.741116245230414,0.019467168619459407,14
DTLZ6_D14,ParEGO,6,0.7436708265590247,0.022545264357529675,14
DTLZ6_D14,ParEGO,7,0.7275570046313893,0.02044118865182848,14
DTLZ6_D14,ParEGO,8,0.7668993212223362,0.019974863313859885,14
DTLZ6_D14,ParEGO,9,0.7134173622399868,0.022005216016363217,14
DTLZ6_D14,ParEGO,10,0.7515442692384678,0.020604864606156247,14
DTLZ6_D14,ParEGO,11,0.7199782987101365,0.022149418150920322,14
DTLZ6_D14,ParEGO,12,0.7346987674196738,0.022420248269807378,14
DTLZ6_D14,ParEGO,13,0.7369887288625474,0.022910364308986072,14
DTLZ6_D14,ParEGO,14,0.7428933197844612,0.020622672108924427,14
DTLZ6_D14,ParEGO,15,0.7217062163906685,0.021790842718743066,14
DTLZ6_D14,ParEGO,16,0.714555668241964,0.01981713139633628,14
DTLZ6_D14,ParEGO,17,0.7242468267621041,0.025574435717120772,14
DTLZ6_D14,ParEGO,18,0.7441660309659908,0.018751790839100006,14
DTLZ6_D14,ParEGO,19,0.7404400551456056,0.02057660278803618,14
DTLZ6_D14,ParEGO,20,0.7325668916258716,0.021982358866747636,14
DTLZ6_D14,HF-NSGA-II,1,0.7066694357794499,0.022174611546762285,14
DTLZ6_D14,HF-NSGA-II,2,0.7284326759081743,0.022717838792708344,14
DTLZ6_D14,HF-NSGA-II,3,0.6969836067180532,0.02244442078999441,14
DTLZ6_D14,HF-NSGA-II,4,0.7064690984033724,0.02411861534004288,14
DTLZ6_D14,HF-NSGA-II,5,0.7170658706223236,0.022717164759648592,14
DTLZ6_D14,HF-NSGA-II,6,0.7513224935619164,0.018605583873372442,14
DTLZ6_D14,HF-NSGA-II,7,0.7398605435307621,0.02100277030992035,14
DTLZ6_D14,HF-NSGA-II,8,0.7469438515643089,0.02003552887823567,14
DTLZ6_D14,HF-NSGA-II,9,0.7282293022653948,0.023268695465179217,14
DTLZ6_D14,HF-NSGA-II,10,0.7039599910043197,0.02669294973422098,14
DTLZ6_D14,HF-NSGA-II,11,0.6938809399528618,0.023078967542843394,14
DTLZ6_D14,HF-NSGA-II,12,0.6927110714675442,0.024638947293250012,14
DTLZ6_D14,HF-NSGA-II,13,0.7183439935811538,0.0241524082693452,14
DTLZ6_D14,HF-NSGA-II,14,0.7417553023402319,0.018630562020174178,14
DTLZ6_D14,HF-NSGA-II,15,0.7077709436048677,0.022523748123195405,14
DTLZ6_D14,HF-NSGA-II,16,0.7303445526451053,0.020905690284329703,14
DTLZ6_D14,HF-NSGA-II,17,0.7267046781666441,0.021747768904270978,14
DTLZ6_D14,HF-NSGA-II,18,0.743948405245826,0.018976981100610305,14
DTLZ6_D14,HF-NSGA-II,19,0.7679280300310409,0.019528699164054926,14
DTLZ6_D14,HF-NSGA-II,20,0.7210136472172015,0.021537696864878213,14
DTLZ1_D30,MF-BCL-SAEA,1,0.6948171191064638,0.023575067036608843,30
DTLZ1_D30,MF-BCL-SAEA,2,0.7108266275231969,0.024301027378921595,30
DTLZ1_D30,MF-BCL-SAEA,3,0.7248709704638122,0.02388584776991778,30
DTLZ1_D30,MF-BCL-SAEA,4,0.7127321640257476,0.023897884636103338,30
DTLZ1_D30,MF-BCL-SAEA,5,0.7015752777063389,0.022530684652011728,30
DTLZ1_D30,MF-BCL-SAEA,6,0.7140441876943258,0.022999429291388523,30
DTLZ1_D30,MF-BCL-SAEA,7,0.7206606302818653,0.02290043749226452,30
DTLZ1_D30,MF-BCL-SAEA,8,0.6979221459429176,0.02439001389547891,30
DTLZ1_D30,MF-BCL-SAEA,9,0.7140370800386875,0.02245685334793792,30
DTLZ1_D30,MF-BCL-SAEA,10,0.6964721604481305,0.026499818336902334,30
DTLZ1_D30,MF-BCL-SAEA,11,0.6965278548385883,0.025088748339727508,30
DTLZ1_D30,MF-BCL-SAEA,12,0.7262769874382152,0.022221075245300956,30
DTLZ1_D30,MF-BCL-SAEA,13,0.6965585897379863,0.022079557500428098,30
DTLZ1_D30,MF-BCL-SAEA,14,0.7112475458847974,0.02204995706754359,30
DTLZ1_D30,MF-BCL-SAEA,15,0.7036500498829369,0.02331179316373086,30
DTLZ1_D30,MF-BCL-SAEA,16,0.7422525732726178,0.021311530839897036,30
DTLZ1_D30,MF-BCL-SAEA,17,0.7113367145448939,0.02344108789316875,30
DTLZ1_D30,MF-BCL-SAEA,18,0.7269550955735522,0.022630924102176108,30
DTLZ1_D30,MF-BCL-SAEA,19,0.7077997168633406,0.023331240684957694,30
DTLZ1_D30,MF-BCL-SAEA,20,0.7275823805056583,0.02220007007491641,30
DTLZ1_D30,MF-EMTO,1,0.7173477712896107,0.022327027713934633,30
DTLZ1_D30,MF-EMTO,2,0.6792038289456358,0.026589645195426576,30
DTLZ1_D30,MF-EMTO,3,0.6827526173711831,0.0282873270186381,30
DTLZ1_D30,MF-EMTO,4,0.6564440274080915,0.028478571999829727,30
DTLZ1_D30,MF-EMTO,5,0.6689107230131898,0.024531080133804523,30
DTLZ1_D30,MF-EMTO,6,0.682833833913953,0.023928411291968932,30
DTLZ1_D30,MF-EMTO,7,0.6840800855604572,0.023314547237146908,30
DTLZ1_D30,MF-EMTO,8,0.6646955147207931,0.024328106548564845,30
DTLZ1_D30,MF-EMTO,9,0.6953731142209741,0.02272462666341633,30
DTLZ1_D30,MF-EMTO,10,0.6632630683213615,0.025224734108061402,30
DTLZ1_D30,MF-EMTO,11,0.6782340327169524,0.024120693240760042,30
DTLZ1_D30,MF-EMTO,12,0.6870038804925073,0.0255231392890257,30
DTLZ1_D30,MF-EMTO,13,0.6709378064730713,0.028226052972516607,30
DTLZ1_D30,MF-EMTO,14,0.7032214356811214,0.021745992966568463,30
DTLZ1_D30,MF-EMTO,15,0.6878238993057504,0.025238537763685967,30
DTLZ1_D30,MF-EMTO,16,0.715698647097556,0.020960541469068672,30
DTLZ1_D30,MF-EMTO,17,0.7016732072275458,0.027644829471059573,30
DTLZ1_D30,MF-EMTO,18,0.7170163072871784,0.02348112773728153,30
DTLZ1_D30,MF-EMTO,19,0.683989892654138,0.024775447519510285,30
DTLZ1_D30,MF-EMTO,20,0.683007575878909,0.024395873414352565,30
DTLZ1_D30,qNEHVI,1,0.6749898546282606,0.02690791675228359,30
DTLZ1_D30,qNEHVI,2,0.6918659899798513,0.02531341136712098,30
DTLZ1_D30,qNEHVI,3,0.71076185357062,0.02152714645828442,30
DTLZ1_D30,qNEHVI,4,0.6807211534399568,0.028069345757656506,30
DTLZ1_D30,qNEHVI,5,0.6657156383051437,0.027203143059679885,30
DTLZ1_D30,qNEHVI,6,0.6983647981060692,0.02647113892809204,30
DTLZ1_D30,qNEHVI,7,0.674576755564759,0.024622426563025285,30
DTLZ1_D30,qNEHVI,8,0.6755935431104997,0.027878703896207738,30
DTLZ1_D30,qNEHVI,9,0.6803882782521229,0.026392745249987467,30
DTLZ1_D30,qNEHVI,10,0.6695899896395657,0.02653016661568304,30
DTLZ1_D30,qNEHVI,11,0.6766259228237043,0.029076581298442997,30
DTLZ1_D30,qNEHVI,12,0.6859736147800403,0.02432396983945115,30
DTLZ1_D30,qNEHVI,13,0.684529111800464,0.028822550184832096,30
DTLZ1_D30,qNEHVI,14,0.6980935823641189,0.027992729140336608,30
DTLZ1_D30,qNEHVI,15,0.6756350396427505,0.02213869756630159,30
DTLZ1_D30,qNEHVI,16,0.672226051655333,0.02400323939146145,30
DTLZ1_D30,qNEHVI,17,0.6690601027915328,0.027399211490290898,30
DTLZ1_D30,qNEHVI,18,0.6649341372994043,0.02776298926662199,30
DTLZ1_D30,qNEHVI,19,0.7091254803165302,0.020910758200287885,30
DTLZ1_D30,qNEHVI,20,0.6813629529220343,0.024870343016001887,30
DTLZ1_D30,LC-SAEA,1,0.6659982815458071,0.0241179013850713,30
DTLZ1_D30,LC-SAEA,2,0.6840532594783288,0.02523287076784088,30
DTLZ1_D30,LC-SAEA,3,0.7049382864688624,0.024804365795046152,30
DTLZ1_D30,LC-SAEA,4,0.6581787717880304,0.026514748754469006,30
DTLZ1_D30,LC-SAEA,5,0.6685341269094285,0.025510652069123202,30
DTLZ1_D30,LC-SAEA,6,0.6837657307228128,0.02688701834002413,30
DTLZ1_D30,LC-SAEA,7,0.6786917527457028,0.02525429672973652,30
DTLZ1_D30,LC-SAEA,8,0.6590580525781704,0.026312548015604228,30
DTLZ1_D30,LC-SAEA,9,0.6875101675745096,0.028181543096591107,30
DTLZ1_D30,LC-SAEA,10,0.6780587260803823,0.02714399642276719,30
DTLZ1_D30,LC-SAEA,11,0.6872587191058587,0.025834170933105437,30
DTLZ1_D30,LC-SAEA,12,0.6621319879491661,0.02665389864767629,30
DTLZ1_D30,LC-SAEA,13,0.6674858384081195,0.02715567008835284,30
DTLZ1_D30,LC-SAEA,14,0.6856850114557502,0.024438579324549545,30
DTLZ1_D30,LC-SAEA,15,0.649463629533398,0.02576845876042266,30
DTLZ1_D30,LC-SAEA,16,0.6812117292466736,0.025529029412188237,30
DTLZ1_D30,LC-SAEA,17,0.6705233180591108,0.025451721910669526,30
DTLZ1_D30,LC-SAEA,18,0.6888726164887883,0.024443462666522715,30
DTLZ1_D30,LC-SAEA,19,0.6943739339954125,0.023835462987414267,30
DTLZ1_D30,LC-SAEA,20,0.6947712983788118,0.026896568677626017,30
DTLZ1_D30,C-SAEA,1,0.6544392171636135,0.03183465684083115,30
DTLZ1_D30,C-SAEA,2,0.645070452007013,0.02866527093637611,30
DTLZ1_D30,C-SAEA,3,0.6663063119537548,0.029350745539068416,30
DTLZ1_D30,C-SAEA,4,0.6733205012200053,0.024186235333253855,30
DTLZ1_D30,C-SAEA,5,0.6446176861093642,0.02791939113836201,30
DTLZ1_D30,C-SAEA,6,0.686738152893018,0.02569691892628801,30
DTLZ1_D30,C-SAEA,7,0.6936098013409752,0.022684703161777234,30
DTLZ1_D30,C-SAEA,8,0.6714287043351649,0.02606654313936954,30
DTLZ1_D30,C-SAEA,9,0.6829572828269255,0.024595848161614454,30
DTLZ1_D30,C-SAEA,10,0.6652114075645731,0.024011602894130225,30
DTLZ1_D30,C-SAEA,11,0.6813463782906298,0.027177742116231068,30
DTLZ1_D30,C-SAEA,12,0.6900853774364963,0.024741322701002384,30
DTLZ1_D30,C-SAEA,13,0.6836055476489663,0.025976815250914904,30
DTLZ1_D30,C-SAEA,14,0.6632493847188553,0.02657718043953422,30
DTLZ1_D30,C-SAEA,15,0.6541062435102255,0.02857014058229135,30
DTLZ1_D30,C-SAEA,16,0.6953928465286903,0.023834631298815384,30
DTLZ1_D30,C-SAEA,17,0.6557753629199939,0.02756806810623712,30
DTLZ1_D30,C-SAEA,18,0.6766804024225065,0.026714421630497306,30
DTLZ1_D30,C-SAEA,19,0.645275106136122,0.025989890116544435,30
DTLZ1_D30,C-SAEA,20,0.6686778607245196,0.026715767782821434,30
DTLZ1_D30,MOEA/D-GP,1,0.6468306768377688,0.030069440739413447,30
DTLZ1_D30,MOEA/D-GP,2,0.6602874886723498,0.029058409058374094,30
DTLZ1_D30,MOEA/D-GP,3,0.685833731839203,0.025288956964823063,30
DTLZ1_D30,MOEA/D-GP,4,0.6751451749819066,0.024146435287414187,30
DTLZ1_D30,MOEA/D-GP,5,0.646245580767302,0.028662312197379646,30
DTLZ1_D30,MOEA/D-GP,6,0.6527950980973553,0.02948766375054274,30
DTLZ1_D30,MOEA/D-GP,7,0.624701929915787,0.030180364466169007,30
DTLZ1_D30,MOEA/D-GP,8,0.6786731418114916,0.025878045024090298,30
DTLZ1_D30,MOEA/D-GP,9,0.6681618339863927,0.028099410525272997,30
DTLZ1_D30,MOEA/D-GP,10,0.6352345656814394,0.03234854576547129,30
DTLZ1_D30,MOEA/D-GP,11,0.6526131598500917,0.02822155209030527,30
DTLZ1_D30,MOEA/D-GP,12,0.6532037947615147,0.02941526211261842,30
DTLZ1_D30,MOEA/D-GP,13,0.6910633011445915,0.024598229008237556,30
DTLZ1_D30,MOEA/D-GP,14,0.6742830563073953,0.028778186624651897,30
DTLZ1_D30,MOEA/D-GP,15,0.6498991708109394,0.02948112737761818,30
DTLZ1_D30,MOEA/D-GP,16,0.6640735087996745,0.026607289877154758,30
DTLZ1_D30,MOEA/D-GP,17,0.6419203470233192,0.027770049134414207,30
DTLZ1_D30,MOEA/D-GP,18,0.6434274758211046,0.02814885067381785,30
DTLZ1_D30,MOEA/D-GP,19,0.6653107274367767,0.027971450548344413,30
DTLZ1_D30,MOEA/D-GP,20,0.6507710624470936,0.02785074647205413,30
DTLZ1_D30,SMS-EGO,1,0.6893679775136882,0.026235853766632275,30
DTLZ1_D30,SMS-EGO,2,0.6897980257269256,0.02554908238237073,30
DTLZ1_D30,SMS-EGO,3,0.6773574387083526,0.027483676245846446,30
DTLZ1_D30,SMS-EGO,4,0.6622326521077878,0.026438158556952047,30
DTLZ1_D30,SMS-EGO,5,0.6696724378734963,0.023930592547433013,30
DTLZ1_D30,SMS-EGO,6,0.6454716852027853,0.030372975218944737,30
DTLZ1_D30,SMS-EGO,7,0.65686573913121,0.025830088718530434,30
DTLZ1_D30,SMS-EGO,8,0.6825487108688466,0.02372920315715203,30
DTLZ1_D30,SMS-EGO,9,0.6349816571269399,0.030759619905080422,30
DTLZ1_D30,SMS-EGO,10,0.6219020290654547,0.029401121783254526,30
DTLZ1_D30,SMS-EGO,11,0.6251090087524165,0.029423519612973653,30
DTLZ1_D30,SMS-EGO,12,0.6745506199426219,0.02516131614109711,30
DTLZ1_D30,SMS-EGO,13,0.6688147806818804,0.024015827032574936,30
DTLZ1_D30,SMS-EGO,14,0.6335066978191013,0.027864334325664084,30
DTLZ1_D30,SMS-EGO,15,0.6460819050676634,0.02778666896457204,30
DTLZ1_D30,SMS-EGO,16,0.6568778490259315,0.028813982259051782,30
DTLZ1_D30,SMS-EGO,17,0.6322339077668742,0.027215767387566266,30
DTLZ1_D30,SMS-EGO,18,0.670992663541589,0.026644892879551928,30
DTLZ1_D30,SMS-EGO,19,0.6649573928904348,0.025835375992074416,30
DTLZ1_D30,SMS-EGO,20,0.7046436996266257,0.020804865854104414,30
DTLZ1_D30,ParEGO,1,0.6474941392091437,0.030368367803587648,30
DTLZ1_D30,ParEGO,2,0.6357318486095107,0.029088369649374394,30
DTLZ1_D30,ParEGO,3,0.6240068273469196,0.034325920219279125,30
DTLZ1_D30,ParEGO,4,0.6277692483104281,0.03246631570392729,30
DTLZ1_D30,ParEGO,5,0.6514139255407275,0.029457443674963134,30
DTLZ1_D30,ParEGO,6,0.6429623443188676,0.0313050194673956,30
DTLZ1_D30,ParEGO,7,0.6521170070548682,0.029171924614921147,30
DTLZ1_D30,ParEGO,8,0.651144872045913,0.029390913989419613,30
DTLZ1_D30,ParEGO,9,0.6621024134439024,0.024492757577809804,30
DTLZ1_D30,ParEGO,10,0.6603863894073638,0.027517395636237563,30
DTLZ1_D30,ParEGO,11,0.6208983009393492,0.029812996645157804,30
DTLZ1_D30,ParEGO,12,0.6308249282999981,0.029783141797330288,30
DTLZ1_D30,ParEGO,13,0.6412393487293445,0.02865256719666614,30
DTLZ1_D30,ParEGO,14,0.6667202679631095,0.027707447763916697,30
DTLZ1_D30,ParEGO,15,0.6246238239143924,0.0300418318459296,30
DTLZ1_D30,ParEGO,16,0.659690912326613,0.022876671260210674,30
DTLZ1_D30,ParEGO,17,0.6712461705604708,0.02514286615045405,30
DTLZ1_D30,ParEGO,18,0.6425752507707729,0.025796514624582826,30
DTLZ1_D30,ParEGO,19,0.6391220309659197,0.030369560756421523,30
DTLZ1_D30,ParEGO,20,0.6323224778135957,0.029861478832976126,30
DTLZ1_D30,HF-NSGA-II,1,0.6254106875456834,0.029265956576506217,30
DTLZ1_D30,HF-NSGA-II,2,0.6273496579793942,0.031134125974550644,30
DTLZ1_D30,HF-NSGA-II,3,0.6472395147624471,0.028379311061523523,30
DTLZ1_D30,HF-NSGA-II,4,0.6212927887800626,0.03125894013903676,30
DTLZ1_D30,HF-NSGA-II,5,0.6423257300212367,0.027524526278239207,30
DTLZ1_D30,HF-NSGA-II,6,0.6408919552206259,0.0267546653079723,30
DTLZ1_D30,HF-NSGA-II,7,0.6213915996528645,0.03238321503625066,30
DTLZ1_D30,HF-NSGA-II,8,0.6182057330082689,0.028709588609480398,30
DTLZ1_D30,HF-NSGA-II,9,0.6628833409593967,0.028989333706470312,30
DTLZ1_D30,HF-NSGA-II,10,0.6578338780126292,0.029335520801045727,30
DTLZ1_D30,HF-NSGA-II,11,0.635917456855594,0.030264491077620713,30
DTLZ1_D30,HF-NSGA-II,12,0.6374381754750058,0.027400093489251105,30
DTLZ1_D30,HF-NSGA-II,13,0.61700848206576,0.029428562521850398,30
DTLZ1_D30,HF-NSGA-II,14,0.6463606610730425,0.027472137034977577,30
DTLZ1_D30,HF-NSGA-II,15,0.6268516079714681,0.03156631389379931,30
DTLZ1_D30,HF-NSGA-II,16,0.6379705450298053,0.027951611492722284,30
DTLZ1_D30,HF-NSGA-II,17,0.650324801705474,0.028295415705798486,30
DTLZ1_D30,HF-NSGA-II,18,0.616172005777423,0.030348771930731742,30
DTLZ1_D30,HF-NSGA-II,19,0.6281147888001518,0.028632450772716853,30
DTLZ1_D30,HF-NSGA-II,20,0.6261644260822354,0.02947795343161247,30
DTLZ2_D30,MF-BCL-SAEA,1,0.6844973576483752,0.028173919646054445,30
DTLZ2_D30,MF-BCL-SAEA,2,0.6890285462478912,0.02582842920727111,30
DTLZ2_D30,MF-BCL-SAEA,3,0.6898939290457761,0.026577222209078284,30
DTLZ2_D30,MF-BCL-SAEA,4,0.6861667783015815,0.02586765478162968,30
DTLZ2_D30,MF-BCL-SAEA,5,0.6673147602163976,0.025947284667560116,30
DTLZ2_D30,MF-BCL-SAEA,6,0.6619071775215168,0.026675940624952106,30
DTLZ2_D30,MF-BCL-SAEA,7,0.6827478489424799,0.02540292617645514,30
DTLZ2_D30,MF-BCL-SAEA,8,0.6694770937637567,0.028635162734841187,30
DTLZ2_D30,MF-BCL-SAEA,9,0.6867279114545226,0.024533069864317063,30
DTLZ2_D30,MF-BCL-SAEA,10,0.6620996229539984,0.02561496729160833,30
DTLZ2_D30,MF-BCL-SAEA,11,0.677760332538069,0.026832807054040942,30
DTLZ2_D30,MF-BCL-SAEA,12,0.6864593413496974,0.025429179300862744,30
DTLZ2_D30,MF-BCL-SAEA,13,0.6753465711515644,0.02342064940077048,30
DTLZ2_D30,MF-BCL-SAEA,14,0.6701821629332814,0.0240313832574918,30
DTLZ2_D30,MF-BCL-SAEA,15,0.6821828509784573,0.026114279729745515,30
DTLZ2_D30,MF-BCL-SAEA,16,0.6762170369599125,0.025404418895890478,30
DTLZ2_D30,MF-BCL-SAEA,17,0.6993030098404787,0.02273058783795623,30
DTLZ2_D30,MF-BCL-SAEA,18,0.680095834716974,0.023919826467898427,30
DTLZ2_D30,MF-BCL-SAEA,19,0.7032578540024229,0.02446024809629851,30
DTLZ2_D30,MF-BCL-SAEA,20,0.6794504766881483,0.024494889198169847,30
DTLZ2_D30,MF-EMTO,1,0.6396335630163076,0.028077270294609054,30
DTLZ2_D30,MF-EMTO,2,0.6456300926819927,0.027602743277413952,30
DTLZ2_D30,MF-EMTO,3,0.650481828381147,0.03263940558177735,30
DTLZ2_D30,MF-EMTO,4,0.6586609336003674,0.02626178371403849,30
DTLZ2_D30,MF-EMTO,5,0.6497505071455962,0.03178986654637451,30
DTLZ2_D30,MF-EMTO,6,0.651765541443895,0.02551206232378758,30
DTLZ2_D30,MF-EMTO,7,0.6440692718126276,0.029040599058402776,30
DTLZ2_D30,MF-EMTO,8,0.6358924211104588,0.02964890530352217,30
DTLZ2_D30,MF-EMTO,9,0.6717889709200435,0.025505946806970603,30
DTLZ2_D30,MF-EMTO,10,0.6407093584953066,0.025962282106441303,30
DTLZ2_D30,MF-EMTO,11,0.6309719072570269,0.029015352998052964,30
DTLZ2_D30,MF-EMTO,12,0.6627288963555947,0.02928957702297501,30
DTLZ2_D30,MF-EMTO,13,0.6396982114665598,0.02734035246381075,30
DTLZ2_D30,MF-EMTO,14,0.6654670725903118,0.029082137225249514,30
DTLZ2_D30,MF-EMTO,15,0.6487724408746528,0.02963824979532959,30
DTLZ2_D30,MF-EMTO,16,0.6610672076639241,0.02872667055118489,30
DTLZ2_D30,MF-EMTO,17,0.6618564427285178,0.027374407652632896,30
DTLZ2_D30,MF-EMTO,18,0.6499151325498562,0.028645027746429453,30
DTLZ2_D30,MF-EMTO,19,0.6829529482406758,0.025151987837727846,30
DTLZ2_D30,MF-EMTO,20,0.6475365807282683,0.027250800292952657,30
DTLZ2_D30,qNEHVI,1,0.6370735770009228,0.02685929566081792,30
DTLZ2_D30,qNEHVI,2,0.6888045014302724,0.027097375690412234,30
DTLZ2_D30,qNEHVI,3,0.6445538668464167,0.031095815663101312,30
DTLZ2_D30,qNEHVI,4,0.6463158248923164,0.025989545585283207,30
DTLZ2_D30,qNEHVI,5,0.6454268901373317,0.028194448253322645,30
DTLZ2_D30,qNEHVI,6,0.6705236705211302,0.026453122317640274,30
DTLZ2_D30,qNEHVI,7,0.6656001580411129,0.026249362630218053,30
DTLZ2_D30,qNEHVI,8,0.6214636361379186,0.029382084959428286,30
DTLZ2_D30,qNEHVI,9,0.6279065624386989,0.031780775302335446,30
DTLZ2_D30,qNEHVI,10,0.629169718016343,0.02756148567889239,30
DTLZ2_D30,qNEHVI,11,0.6593730063324235,0.027584301109495626,30
DTLZ2_D30,qNEHVI,12,0.6543013746595684,0.02714067251868303,30
DTLZ2_D30,qNEHVI,13,0.6382951211774083,0.02954623628367336,30
DTLZ2_D30,qNEHVI,14,0.6547091772813202,0.027976468937839897,30
DTLZ2_D30,qNEHVI,15,0.6664288794396585,0.02775501746474837,30
DTLZ2_D30,qNEHVI,16,0.6693528897049149,0.028144484913983796,30
DTLZ2_D30,qNEHVI,17,0.6510271771864005,0.026957325360819795,30
DTLZ2_D30,qNEHVI,18,0.6812684718196891,0.02489134751863125,30
DTLZ2_D30,qNEHVI,19,0.6409179320692873,0.02881706559527947,30
DTLZ2_D30,qNEHVI,20,0.6545691440446204,0.02847711823296884,30
DTLZ2_D30,LC-SAEA,1,0.6464388639500366,0.02898494573609193,30
DTLZ2_D30,LC-SAEA,2,0.6497011856388086,0.027275521388779145,30
DTLZ2_D30,LC-SAEA,3,0.6503098166042982,0.02696012896994786,30
DTLZ2_D30,LC-SAEA,4,0.6792319188862581,0.02629670302497834,30
DTLZ2_D30,LC-SAEA,5,0.6333488662611216,0.029418401751332333,30
DTLZ2_D30,LC-SAEA,6,0.6210327851062759,0.030412646506645748,30
DTLZ2_D30,LC-SAEA,7,0.647472901396573,0.024785241654110845,30
DTLZ2_D30,LC-SAEA,8,0.6376429978399288,0.029009798504397995,30
DTLZ2_D30,LC-SAEA,9,0.6535739536879764,0.02995893420278593,30
DTLZ2_D30,LC-SAEA,10,0.636318050974888,0.030435163194966124,30
DTLZ2_D30,LC-SAEA,11,0.6476408180673271,0.030200048908567374,30
DTLZ2_D30,LC-SAEA,12,0.6817075899582856,0.024716783318577507,30
DTLZ2_D30,LC-SAEA,13,0.6365804635349862,0.02887232711781629,30
DTLZ2_D30,LC-SAEA,14,0.6596957984837519,0.02945570395281871,30
DTLZ2_D30,LC-SAEA,15,0.6397116763920492,0.02649143668975532,30
DTLZ2_D30,LC-SAEA,16,0.630976216862506,0.02822955789087133,30
DTLZ2_D30,LC-SAEA,17,0.6156241839071431,0.029642662508344676,30
DTLZ2_D30,LC-SAEA,18,0.638196368436152,0.02882064316407705,30
DTLZ2_D30,LC-SAEA,19,0.6216266671310681,0.029690387239487494,30
DTLZ2_D30,LC-SAEA,20,0.6270647104286224,0.03134682149956639,30
DTLZ2_D30,C-SAEA,1,0.6251599680937349,0.028845812855673343,30
DTLZ2_D30,C-SAEA,2,0.6666190374324376,0.026363583807143598,30
DTLZ2_D30,C-SAEA,3,0.6233488615285098,0.029707213375673447,30
DTLZ2_D30,C-SAEA,4,0.6204191853683936,0.031759521239569766,30
DTLZ2_D30,C-SAEA,5,0.6343551235761188,0.027686453143689227,30
DTLZ2_D30,C-SAEA,6,0.6261734551394982,0.02823938334701018,30
DTLZ2_D30,C-SAEA,7,0.6303539446447542,0.02942722848129261,30
DTLZ2_D30,C-SAEA,8,0.6244167579552321,0.029282208943162892,30
DTLZ2_D30,C-SAEA,9,0.6282751219784459,0.029088116457413302,30
DTLZ2_D30,C-SAEA,10,0.6150186095428934,0.03144147275231398,30
DTLZ2_D30,C-SAEA,11,0.6349247529716555,0.027322346540324737,30
DTLZ2_D30,C-SAEA,12,0.6400534357744125,0.030621702327118652,30
DTLZ2_D30,C-SAEA,13,0.6670093713508761,0.025084832218446488,30
DTLZ2_D30,C-SAEA,14,0.6184935156087049,0.031086154000755185,30
DTLZ2_D30,C-SAEA,15,0.6406657244758337,0.030808824218036254,30
DTLZ2_D30,C-SAEA,16,0.6234044077125682,0.032330504695489246,30
DTLZ2_D30,C-SAEA,17,0.6157318411268129,0.02995232124629274,30
DTLZ2_D30,C-SAEA,18,0.6388512434754677,0.028867625451333628,30
DTLZ2_D30,C-SAEA,19,0.6346492299152241,0.027384128751982397,30
DTLZ2_D30,C-SAEA,20,0.6029970286219338,0.030903069338443622,30
DTLZ2_D30,MOEA/D-GP,1,0.6294012924269341,0.03389909064127023,30
DTLZ2_D30,MOEA/D-GP,2,0.6298387570814113,0.029430937863058962,30
DTLZ2_D30,MOEA/D-GP,3,0.6199191381313347,0.027829527703429786,30
DTLZ2_D30,MOEA/D-GP,4,0.610785386118272,0.034107070634107374,30
DTLZ2_D30,MOEA/D-GP,5,0.6230216759400555,0.030413779444647134,30
DTLZ2_D30,MOEA/D-GP,6,0.6326598583263513,0.02714889233895814,30
DTLZ2_D30,MOEA/D-GP,7,0.6335350353920433,0.03181146871507629,30
DTLZ2_D30,MOEA/D-GP,8,0.628251436351654,0.0309890557657881,30
DTLZ2_D30,MOEA/D-GP,9,0.5719590002265256,0.03329995399996791,30
DTLZ2_D30,MOEA/D-GP,10,0.6114753469033113,0.02961881750503991,30
DTLZ2_D30,MOEA/D-GP,11,0.6374941679033104,0.027278664774597904,30
DTLZ2_D30,MOEA/D-GP,12,0.6041329665751038,0.03138150371791728,30
DTLZ2_D30,MOEA/D-GP,13,0.6282271440540231,0.030834027987897562,30
DTLZ2_D30,MOEA/D-GP,14,0.6199732693224492,0.029873496510674318,30
DTLZ2_D30,MOEA/D-GP,15,0.6235298760351213,0.027412769207768983,30
DTLZ2_D30,MOEA/D-GP,16,0.6226380419097511,0.030917577035843722,30
DTLZ2_D30,MOEA/D-GP,17,0.6176786756255029,0.030640667615632385,30
DTLZ2_D30,MOEA/D-GP,18,0.6505970586217025,0.027674995734614117,30
DTLZ2_D30,MOEA/D-GP,19,0.6478922246520258,0.028274982842912473,30
DTLZ2_D30,MOEA/D-GP,20,0.6486469605531133,0.025827659595770523,30
DTLZ2_D30,SMS-EGO,1,0.5787727149092929,0.0327205742621512,30
DTLZ2_D30,SMS-EGO,2,0.6310178033325541,0.02988938159325088,30
DTLZ2_D30,SMS-EGO,3,0.5939290804640174,0.030620761814470782,30
DTLZ2_D30,SMS-EGO,4,0.6272712143458474,0.030894262203632384,30
DTLZ2_D30,SMS-EGO,5,0.6151794423743993,0.03476205368105394,30
DTLZ2_D30,SMS-EGO,6,0.6074163000751107,0.028501513606079564,30
DTLZ2_D30,SMS-EGO,7,0.6276013422331559,0.028190483427666092,30
DTLZ2_D30,SMS-EGO,8,0.6257239422964479,0.03178211778386089,30
DTLZ2_D30,SMS-EGO,9,0.6316630567650571,0.030350621551495642,30
DTLZ2_D30,SMS-EGO,10,0.6518564062162657,0.028339415634284586,30
DTLZ2_D30,SMS-EGO,11,0.6056966656901072,0.030693006970441427,30
DTLZ2_D30,SMS-EGO,12,0.6014899285851314,0.03100196425581011,30
DTLZ2_D30,SMS-EGO,13,0.5817650334906593,0.03179834978280752,30
DTLZ2_D30,SMS-EGO,14,0.6132698030404908,0.032251847357101245,30
DTLZ2_D30,SMS-EGO,15,0.5934094093712932,0.033981116963159516,30
DTLZ2_D30,SMS-EGO,16,0.6414731391313737,0.02875685721686262,30
DTLZ2_D30,SMS-EGO,17,0.5989661195611355,0.0314191463405892,30
DTLZ2_D30,SMS-EGO,18,0.5881817545318045,0.0362661654076732,30
DTLZ2_D30,SMS-EGO,19,0.5931360539571041,0.03391210091910289,30
DTLZ2_D30,SMS-EGO,20,0.6359657065360469,0.031077002100614676,30
DTLZ2_D30,ParEGO,1,0.6260273955487647,0.02584845967125007,30
DTLZ2_D30,ParEGO,2,0.6058618302410653,0.029385619456308708,30
DTLZ2_D30,ParEGO,3,0.5986649740523806,0.03167392984262904,30
DTLZ2_D30,ParEGO,4,0.6120240286630855,0.03122038153545018,30
DTLZ2_D30,ParEGO,5,0.6146165712783026,0.030624456169087138,30
DTLZ2_D30,ParEGO,6,0.6166186550715123,0.029807413694486248,30
DTLZ2_D30,ParEGO,7,0.6225518734589274,0.027015956732963683,30
DTLZ2_D30,ParEGO,8,0.6085116869102498,0.03042974988418933,30
DTLZ2_D30,ParEGO,9,0.609820212909907,0.03249853674915047,30
DTLZ2_D30,ParEGO,10,0.6060489194072108,0.0303554517447302,30
DTLZ2_D30,ParEGO,11,0.5866562246288896,0.035329880098552126,30
DTLZ2_D30,ParEGO,12,0.5760890529611371,0.03436004574179013,30
DTLZ2_D30,ParEGO,13,0.6093838298422969,0.03134821441452101,30
DTLZ2_D30,ParEGO,14,0.5928739420483912,0.03543578564330441,30
DTLZ2_D30,ParEGO,15,0.6213423758687224,0.028602847955957886,30
DTLZ2_D30,ParEGO,16,0.6130909794208835,0.030450398901228963,30
DTLZ2_D30,ParEGO,17,0.5854491713196718,0.03476252460983926,30
DTLZ2_D30,ParEGO,18,0.6375670339917578,0.026412611453965198,30
DTLZ2_D30,ParEGO,19,0.5899671122881208,0.032688586037215056,30
DTLZ2_D30,ParEGO,20,0.5944976386985946,0.03304959183993398,30
DTLZ2_D30,HF-NSGA-II,1,0.6050765985156218,0.028647838009866887,30
DTLZ2_D30,HF-NSGA-II,2,0.6248222588442887,0.028929152237272708,30
DTLZ2_D30,HF-NSGA-II,3,0.6097280573794942,0.032539510078127214,30
DTLZ2_D30,HF-NSGA-II,4,0.5731420143986472,0.03221479218641973,30
DTLZ2_D30,HF-NSGA-II,5,0.6055773477530716,0.03315251100199225,30
DTLZ2_D30,HF-NSGA-II,6,0.6010715482407135,0.03494071710464608,30
DTLZ2_D30,HF-NSGA-II,7,0.5803036216884422,0.03502672126550806,30
DTLZ2_D30,HF-NSGA-II,8,0.5912996674642437,0.029372819285401777,30
DTLZ2_D30,HF-NSGA-II,9,0.6181977749976106,0.03038785513240194,30
DTLZ2_D30,HF-NSGA-II,10,0.6128444706293337,0.028029670741712042,30
DTLZ2_D30,HF-NSGA-II,11,0.6054026342656783,0.02938644261415584,30
DTLZ2_D30,HF-NSGA-II,12,0.5689326005005761,0.03553531982548799,30
DTLZ2_D30,HF-NSGA-II,13,0.6019980560701185,0.03250075974151821,30
DTLZ2_D30,HF-NSGA-II,14,0.612916498811583,0.03113514060204241,30
DTLZ2_D30,HF-NSGA-II,15,0.6421512250049853,0.030286706853652576,30
DTLZ2_D30,HF-NSGA-II,16,0.5787404958636042,0.034579302650045704,30
DTLZ2_D30,HF-NSGA-II,17,0.5977188767004132,0.033104067691871075,30
DTLZ2_D30,HF-NSGA-II,18,0.5761413111384166,0.033413312646334604,30
DTLZ2_D30,HF-NSGA-II,19,0.6080028627665224,0.03000966190862212,30
DTLZ2_D30,HF-NSGA-II,20,0.6434100049452527,0.028606220081587197,30
DTLZ3_D30,MF-BCL-SAEA,1,0.6718567609413035,0.025815420190088083,30
DTLZ3_D30,MF-BCL-SAEA,2,0.6688268726712132,0.02752076526637776,30
DTLZ3_D30,MF-BCL-SAEA,3,0.6662097027035545,0.02451319216014737,30
DTLZ3_D30,MF-BCL-SAEA,4,0.6823961799558366,0.028879773346588568,30
DTLZ3_D30,MF-BCL-SAEA,5,0.6635815264326839,0.02375001911446756,30
DTLZ3_D30,MF-BCL-SAEA,6,0.6731386037379934,0.025410025337796724,30
DTLZ3_D30,MF-BCL-SAEA,7,0.6684895762171088,0.02593680823597474,30
DTLZ3_D30,MF-BCL-SAEA,8,0.6709865087896015,0.026659654574474625,30
DTLZ3_D30,MF-BCL-SAEA,9,0.6652086572602082,0.029175694837659943,30
DTLZ3_D30,MF-BCL-SAEA,10,0.7107967760457833,0.021531555676583283,30
DTLZ3_D30,MF-BCL-SAEA,11,0.6661878371294276,0.02701763211346496,30
DTLZ3_D30,MF-BCL-SAEA,12,0.692802923588849,0.027540621793362835,30
DTLZ3_D30,MF-BCL-SAEA,13,0.674377228370096,0.026401483559709747,30
DTLZ3_D30,MF-BCL-SAEA,14,0.6713250603555443,0.025478587624170986,30
DTLZ3_D30,MF-BCL-SAEA,15,0.664507792126871,0.026182960085938147,30
DTLZ3_D30,MF-BCL-SAEA,16,0.6920240593113074,0.024966847053979453,30
DTLZ3_D30,MF-BCL-SAEA,17,0.6602918473625101,0.025971371237984202,30
DTLZ3_D30,MF-BCL-SAEA,18,0.6630470781231855,0.024842287854980473,30
DTLZ3_D30,MF-BCL-SAEA,19,0.6851314328106326,0.025290558585886285,30
DTLZ3_D30,MF-BCL-SAEA,20,0.6952329410823864,0.0237323005961107,30
DTLZ3_D30,MF-EMTO,1,0.6620449732206587,0.029985128386559298,30
DTLZ3_D30,MF-EMTO,2,0.653564679583466,0.02999983536185218,30
DTLZ3_D30,MF-EMTO,3,0.6351802296561189,0.028848656880371783,30
DTLZ3_D30,MF-EMTO,4,0.6123471839265746,0.029791785490911313,30
DTLZ3_D30,MF-EMTO,5,0.6588086681017699,0.030147578770941673,30
DTLZ3_D30,MF-EMTO,6,0.6806875848042125,0.02719192771261574,30
DTLZ3_D30,MF-EMTO,7,0.6493130615546568,0.027866358435221266,30
DTLZ3_D30,MF-EMTO,8,0.6223740525626514,0.029371840351508104,30
DTLZ3_D30,MF-EMTO,9,0.6416132231330218,0.029461058466452975,30
DTLZ3_D30,MF-EMTO,10,0.6322531882115874,0.030830101781692317,30
DTLZ3_D30,MF-EMTO,11,0.6600057294168047,0.027311780177394163,30
DTLZ3_D30,MF-EMTO,12,0.6466203772757906,0.027112829019617486,30
DTLZ3_D30,MF-EMTO,13,0.6176335006254893,0.029579361474563193,30
DTLZ3_D30,MF-EMTO,14,0.6759309029318221,0.02727365878519653,30
DTLZ3_D30,MF-EMTO,15,0.6311758941270896,0.03017732217498104,30
DTLZ3_D30,MF-EMTO,16,0.639511607658064,0.026949888471780224,30
DTLZ3_D30,MF-EMTO,17,0.6539152859342211,0.02531426858433328,30
DTLZ3_D30,MF-EMTO,18,0.6300600774693766,0.02782928985332985,30
DTLZ3_D30,MF-EMTO,19,0.6635802759384116,0.02923251921334076,30
DTLZ3_D30,MF-EMTO,20,0.6649865050113528,0.026512688361627224,30
DTLZ3_D30,qNEHVI,1,0.6491917757182624,0.02720178165993988,30
DTLZ3_D30,qNEHVI,2,0.647170349545068,0.02863769593369462,30
DTLZ3_D30,qNEHVI,3,0.6225421061082512,0.029472676606029372,30
DTLZ3_D30,qNEHVI,4,0.6523310772186631,0.029813633692253295,30
DTLZ3_D30,qNEHVI,5,0.6823769212255864,0.024196794092042638,30
DTLZ3_D30,qNEHVI,6,0.6440865096864097,0.030037188102757687,30
DTLZ3_D30,qNEHVI,7,0.656044609321977,0.02715466094282657,30
DTLZ3_D30,qNEHVI,8,0.6196342655415312,0.03104553979655229,30
DTLZ3_D30,qNEHVI,9,0.6296090963294962,0.029300512001066516,30
DTLZ3_D30,qNEHVI,10,0.6599978992375978,0.02374752537181191,30
DTLZ3_D30,qNEHVI,11,0.6652090191203461,0.02604567701135,30
DTLZ3_D30,qNEHVI,12,0.6614053317713845,0.02637155191654717,30
DTLZ3_D30,qNEHVI,13,0.6691724771289852,0.02663617018877316,30
DTLZ3_D30,qNEHVI,14,0.6573960158592118,0.024487602070978002,30
DTLZ3_D30,qNEHVI,15,0.6411526424904724,0.029602180176419066,30
DTLZ3_D30,qNEHVI,16,0.6566676128073422,0.027482545703106334,30
DTLZ3_D30,qNEHVI,17,0.6250392074290173,0.03015132069519609,30
DTLZ3_D30,qNEHVI,18,0.6582274337803733,0.025934897967999578,30
DTLZ3_D30,qNEHVI,19,0.6556647218359015,0.027272855418471582,30
DTLZ3_D30,qNEHVI,20,0.6431921785046127,0.031819258853517614,30
DTLZ3_D30,LC-SAEA,1,0.6401889640008218,0.028350448079421952,30
DTLZ3_D30,LC-SAEA,2,0.6310809287564287,0.028014222468170646,30
DTLZ3_D30,LC-SAEA,3,0.6742774704995153,0.026899737675568323,30
DTLZ3_D30,LC-SAEA,4,0.6532244443921218,0.027791302667937744,30
DTLZ3_D30,LC-SAEA,5,0.6413507036156788,0.025453933894443014,30
DTLZ3_D30,LC-SAEA,6,0.6428455935084968,0.029334895099043187,30
DTLZ3_D30,LC-SAEA,7,0.6677882832516633,0.025924207333558255,30
DTLZ3_D30,LC-SAEA,8,0.6331591772441859,0.025709570114419107,30
DTLZ3_D30,LC-SAEA,9,0.6501917702430955,0.02614739846112392,30
DTLZ3_D30,LC-SAEA,10,0.6344677994375518,0.030045860433344222,30
DTLZ3_D30,LC-SAEA,11,0.6243476945925164,0.029722266791299516,30
DTLZ3_D30,LC-SAEA,12,0.6216704179493772,0.030057336863880884,30
DTLZ3_D30,LC-SAEA,13,0.6323222136026094,0.03051998274075254,30
DTLZ3_D30,LC-SAEA,14,0.6403691163879249,0.029304892846576884,30
DTLZ3_D30,LC-SAEA,15,0.6453066210340712,0.030991736889636995,30
DTLZ3_D30,LC-SAEA,16,0.6197239981700997,0.029018366722242638,30
DTLZ3_D30,LC-SAEA,17,0.6490012619848218,0.02936967151733501,30
DTLZ3_D30,LC-SAEA,18,0.6520503695835239,0.02705171172662494,30
DTLZ3_D30,LC-SAEA,19,0.6519726545743344,0.027966994055793698,30
DTLZ3_D30,LC-SAEA,20,0.6260676163076058,0.031209704346865333,30
DTLZ3_D30,C-SAEA,1,0.6302478041066916,0.028395713511679504,30
DTLZ3_D30,C-SAEA,2,0.6578534502696533,0.025346718320939477,30
DTLZ3_D30,C-SAEA,3,0.6232822236850064,0.02717150723134149,30
DTLZ3_D30,C-SAEA,4,0.628701706637775,0.030744811792406453,30
DTLZ3_D30,C-SAEA,5,0.6590635647171627,0.029857741376841634,30
DTLZ3_D30,C-SAEA,6,0.6090451224655306,0.03017603924410334,30
DTLZ3_D30,C-SAEA,7,0.6159386189352143,0.03033637354962552,30
DTLZ3_D30,C-SAEA,8,0.6551239634529484,0.02607512255088169,30
DTLZ3_D30,C-SAEA,9,0.6421141841146587,0.02917637157595278,30
DTLZ3_D30,C-SAEA,10,0.615873169622567,0.029454632293885015,30
DTLZ3_D30,C-SAEA,11,0.6139459015891248,0.032702639092299354,30
DTLZ3_D30,C-SAEA,12,0.626068437450433,0.026739525389852983,30
DTLZ3_D30,C-SAEA,13,0.6088812190783157,0.030732263330689534,30
DTLZ3_D30,C-SAEA,14,0.6467425179109082,0.028122281890971792,30
DTLZ3_D30,C-SAEA,15,0.6379627743603192,0.031322416705293454,30
DTLZ3_D30,C-SAEA,16,0.6311602788109593,0.026684261584696337,30
DTLZ3_D30,C-SAEA,17,0.6208265521288927,0.029406151248490716,30
DTLZ3_D30,C-SAEA,18,0.6312506078667034,0.030952771346673857,30
DTLZ3_D30,C-SAEA,19,0.6116783764215868,0.029916446811320843,30
DTLZ3_D30,C-SAEA,20,0.6161883215778682,0.02923062479785692,30
DTLZ3_D30,MOEA/D-GP,1,0.6312678403059399,0.03063393056148105,30
DTLZ3_D30,MOEA/D-GP,2,0.6142877092755145,0.030709401509952765,30
DTLZ3_D30,MOEA/D-GP,3,0.6174392806657814,0.030378544623376375,30
DTLZ3_D30,MOEA/D-GP,4,0.6141998946688179,0.030168537061684833,30
DTLZ3_D30,MOEA/D-GP,5,0.6544487370213717,0.027748736908105563,30
DTLZ3_D30,MOEA/D-GP,6,0.6220117823887245,0.031124206564820508,30
DTLZ3_D30,MOEA/D-GP,7,0.6402055938787943,0.029192775715468078,30
DTLZ3_D30,MOEA/D-GP,8,0.6298410732147228,0.028429612893913544,30
DTLZ3_D30,MOEA/D-GP,9,0.6492836489011247,0.027386020195926165,30
DTLZ3_D30,MOEA/D-GP,10,0.5965025722854892,0.03180767829682286,30
DTLZ3_D30,MOEA/D-GP,11,0.617177253349708,0.03304443227860992,30
DTLZ3_D30,MOEA/D-GP,12,0.61932175655397,0.027316249405033667,30
DTLZ3_D30,MOEA/D-GP,13,0.626853794313312,0.030175526371684625,30
DTLZ3_D30,MOEA/D-GP,14,0.6550773362386841,0.027222323386636566,30
DTLZ3_D30,MOEA/D-GP,15,0.6259249242981564,0.028295219676075848,30
DTLZ3_D30,MOEA/D-GP,16,0.6404084485603375,0.02842630294699758,30
DTLZ3_D30,MOEA/D-GP,17,0.634941024235835,0.02935963352484787,30
DTLZ3_D30,MOEA/D-GP,18,0.6375403888353769,0.026467946172809488,30
DTLZ3_D30,MOEA/D-GP,19,0.6737201107950164,0.027002601827884314,30
DTLZ3_D30,MOEA/D-GP,20,0.6318105053789284,0.029509875964488667,30
DTLZ3_D30,SMS-EGO,1,0.6083868494563442,0.0318512605161424,30
DTLZ3_D30,SMS-EGO,2,0.6450913801616975,0.02834530743133267,30
DTLZ3_D30,SMS-EGO,3,0.6136011690185026,0.030330394597971103,30
DTLZ3_D30,SMS-EGO,4,0.6067746722118437,0.02987151633881098,30
DTLZ3_D30,SMS-EGO,5,0.5609734823903638,0.03407523605654891,30
DTLZ3_D30,SMS-EGO,6,0.6376866161912167,0.027203876134738476,30
DTLZ3_D30,SMS-EGO,7,0.5966006615444279,0.030776893017434432,30
DTLZ3_D30,SMS-EGO,8,0.6209112708341612,0.030802322396025088,30
DTLZ3_D30,SMS-EGO,9,0.6307854168636983,0.028576545918748874,30
DTLZ3_D30,SMS-EGO,10,0.6196562189965293,0.02852195938740631,30
DTLZ3_D30,SMS-EGO,11,0.6036515019356546,0.03218312438403303,30
DTLZ3_D30,SMS-EGO,12,0.599387470753804,0.031091710063702867,30
DTLZ3_D30,SMS-EGO,13,0.618817911120635,0.031090818515345096,30
DTLZ3_D30,SMS-EGO,14,0.6288014894385212,0.029559005811267695,30
DTLZ3_D30,SMS-EGO,15,0.6167007674367542,0.02892435392622496,30
DTLZ3_D30,SMS-EGO,16,0.60073338122629,0.034216702802983244,30
DTLZ3_D30,SMS-EGO,17,0.6229840673457379,0.029924248054553564,30
DTLZ3_D30,SMS-EGO,18,0.635383252391274,0.03221738707489966,30
DTLZ3_D30,SMS-EGO,19,0.6222803994522356,0.03315326008023134,30
DTLZ3_D30,SMS-EGO,20,0.5937299729179604,0.03206631820153478,30
DTLZ3_D30,ParEGO,1,0.6015241875758724,0.03417773861794645,30
DTLZ3_D30,ParEGO,2,0.584960382833761,0.03433905941232903,30
DTLZ3_D30,ParEGO,3,0.6181597522602928,0.03176626814352719,30
DTLZ3_D30,ParEGO,4,0.6170140932756973,0.030286426145031076,30
DTLZ3_D30,ParEGO,5,0.6293881887282764,0.029765223994157805,30
DTLZ3_D30,ParEGO,6,0.6224208842787425,0.031060847957916807,30
DTLZ3_D30,ParEGO,7,0.5964009842032291,0.031561468541261475,30
DTLZ3_D30,ParEGO,8,0.6186507004034517,0.031844678714420774,30
DTLZ3_D30,ParEGO,9,0.6111863240205399,0.03166331575922057,30
DTLZ3_D30,ParEGO,10,0.6532012955437493,0.028699811342852412,30
DTLZ3_D30,ParEGO,11,0.6202514891179923,0.030862706889004148,30
DTLZ3_D30,ParEGO,12,0.6393136341728285,0.029878579031875827,30
DTLZ3_D30,ParEGO,13,0.6015985337925283,0.03150567316730451,30
DTLZ3_D30,ParEGO,14,0.6195076447155563,0.03238520980256211,30
DTLZ3_D30,ParEGO,15,0.6487912019320774,0.029124430050253648,30
DTLZ3_D30,ParEGO,16,0.5933289382049199,0.03481655552168367,30
DTLZ3_D30,ParEGO,17,0.6062513763471488,0.03023230322294026,30
DTLZ3_D30,ParEGO,18,0.6022448891291561,0.033962768334131414,30
DTLZ3_D30,ParEGO,19,0.5979346430632567,0.031107390830347827,30
DTLZ3_D30,ParEGO,20,0.613270011925644,0.031646073727215514,30
DTLZ3_D30,HF-NSGA-II,1,0.6123235538568206,0.03093124391492016,30
DTLZ3_D30,HF-NSGA-II,2,0.5945984090023524,0.03219952824673954,30
DTLZ3_D30,HF-NSGA-II,3,0.5436016535550633,0.03606315488363644,30
DTLZ3_D30,HF-NSGA-II,4,0.5922030381523301,0.03000555647328597,30
DTLZ3_D30,HF-NSGA-II,5,0.5470743837722922,0.033658483807959536,30
DTLZ3_D30,HF-NSGA-II,6,0.6006633094410313,0.033380833087940834,30
DTLZ3_D30,HF-NSGA-II,7,0.591676774836017,0.02994991008281059,30
DTLZ3_D30,HF-NSGA-II,8,0.6158947563194214,0.03329475969234798,30
DTLZ3_D30,HF-NSGA-II,9,0.5955065859464256,0.0331851791483623,30
DTLZ3_D30,HF-NSGA-II,10,0.6101388402452516,0.032041278108495566,30
DTLZ3_D30,HF-NSGA-II,11,0.5934426219664799,0.03220814686829798,30
DTLZ3_D30,HF-NSGA-II,12,0.613181570999376,0.029930735872597727,30
DTLZ3_D30,HF-NSGA-II,13,0.5843613372788921,0.03392500982409252,30
DTLZ3_D30,HF-NSGA-II,14,0.6157980561454003,0.029566089597448365,30
DTLZ3_D30,HF-NSGA-II,15,0.618314144681036,0.029134541299510045,30
DTLZ3_D30,HF-NSGA-II,16,0.5951210326935283,0.033167268980275284,30
DTLZ3_D30,HF-NSGA-II,17,0.6187985285942157,0.028390522785822162,30
DTLZ3_D30,HF-NSGA-II,18,0.5833600860695362,0.034857167404336954,30
DTLZ3_D30,HF-NSGA-II,19,0.5960676614150708,0.03299108531142044,30
DTLZ3_D30,HF-NSGA-II,20,0.5968230583555131,0.033486542516378184,30
DTLZ4_D30,MF-BCL-SAEA,1,0.7056585709484087,0.02184871023604006,30
DTLZ4_D30,MF-BCL-SAEA,2,0.7096929239230976,0.023166700494240074,30
DTLZ4_D30,MF-BCL-SAEA,3,0.7160003681436152,0.02407222924914823,30
DTLZ4_D30,MF-BCL-SAEA,4,0.7081175260792192,0.02475432078892854,30
DTLZ4_D30,MF-BCL-SAEA,5,0.7000267965304816,0.0220628818776457,30
DTLZ4_D30,MF-BCL-SAEA,6,0.7112203590629731,0.019781913745860948,30
DTLZ4_D30,MF-BCL-SAEA,7,0.698065210708265,0.02339334464504225,30
DTLZ4_D30,MF-BCL-SAEA,8,0.7110315920270023,0.023062263145677254,30
DTLZ4_D30,MF-BCL-SAEA,9,0.6966876592612672,0.023692701824968743,30
DTLZ4_D30,MF-BCL-SAEA,10,0.7131575110888588,0.0233282220592028,30
DTLZ4_D30,MF-BCL-SAEA,11,0.6888117469400468,0.02418729385661224,30
DTLZ4_D30,MF-BCL-SAEA,12,0.7218192408532111,0.02209311829345198,30
DTLZ4_D30,MF-BCL-SAEA,13,0.7061362595029533,0.024143936282100948,30
DTLZ4_D30,MF-BCL-SAEA,14,0.7073200795433153,0.021154173947032753,30
DTLZ4_D30,MF-BCL-SAEA,15,0.7170302821756914,0.02294820431027282,30
DTLZ4_D30,MF-BCL-SAEA,16,0.722806500697145,0.024354397757940197,30
DTLZ4_D30,MF-BCL-SAEA,17,0.7096826071084718,0.022684415140991208,30
DTLZ4_D30,MF-BCL-SAEA,18,0.6725554430213038,0.02590544011065147,30
DTLZ4_D30,MF-BCL-SAEA,19,0.7048958575577572,0.022556621279424573,30
DTLZ4_D30,MF-BCL-SAEA,20,0.6975450304876597,0.02457093418515397,30
DTLZ4_D30,MF-EMTO,1,0.7109266953422666,0.02435181638567004,30
DTLZ4_D30,MF-EMTO,2,0.7497023012729894,0.0212560664117571,30
DTLZ4_D30,MF-EMTO,3,0.7165459689884724,0.024002026634402648,30
DTLZ4_D30,MF-EMTO,4,0.7483499175317231,0.01875207438432605,30
DTLZ4_D30,MF-EMTO,5,0.7104386311168974,0.023172163506364363,30
DTLZ4_D30,MF-EMTO,6,0.7316126508728377,0.021334392958807045,30
DTLZ4_D30,MF-EMTO,7,0.7247752502182052,0.022469528020221317,30
DTLZ4_D30,MF-EMTO,8,0.7098558460172202,0.02186401132288808,30
DTLZ4_D30,MF-EMTO,9,0.7209225924000895,0.02262106500905862,30
DTLZ4_D30,MF-EMTO,10,0.706474629467188,0.021442380413157568,30
DTLZ4_D30,MF-EMTO,11,0.7431085383403844,0.021424799916390323,30
DTLZ4_D30,MF-EMTO,12,0.7143326646623045,0.02339054885978949,30
DTLZ4_D30,MF-EMTO,13,0.7279458066342442,0.022540205730174897,30
DTLZ4_D30,MF-EMTO,14,0.730854375177026,0.0214696414567883,30
DTLZ4_D30,MF-EMTO,15,0.7082382797744283,0.02319319148301307,30
DTLZ4_D30,MF-EMTO,16,0.7217515584082056,0.02454454590611589,30
DTLZ4_D30,MF-EMTO,17,0.7147711760953,0.023127032727786694,30
DTLZ4_D30,MF-EMTO,18,0.7227986394371171,0.021633239831372525,30
DTLZ4_D30,MF-EMTO,19,0.7060182643418302,0.02654847606175723,30
DTLZ4_D30,MF-EMTO,20,0.7272547219901844,0.02235794653362953,30
DTLZ4_D30,qNEHVI,1,0.6912143430337284,0.026401621117187322,30
DTLZ4_D30,qNEHVI,2,0.7077919267852787,0.0241736320033838,30
DTLZ4_D30,qNEHVI,3,0.7105021722993449,0.024255458825845674,30
DTLZ4_D30,qNEHVI,4,0.6767761825480816,0.024835544707697405,30
DTLZ4_D30,qNEHVI,5,0.6964393023437664,0.024103008606709535,30
DTLZ4_D30,qNEHVI,6,0.6794353497089294,0.02917127647590944,30
DTLZ4_D30,qNEHVI,7,0.6944442603509113,0.023987531915892413,30
DTLZ4_D30,qNEHVI,8,0.6835594223569579,0.024151355876117518,30
DTLZ4_D30,qNEHVI,9,0.6915477029617958,0.023357728421922203,30
DTLZ4_D30,qNEHVI,10,0.7246821405231865,0.022811811873909037,30
DTLZ4_D30,qNEHVI,11,0.714266030610226,0.022258764844772783,30
DTLZ4_D30,qNEHVI,12,0.6848854724830771,0.026133497884368768,30
DTLZ4_D30,qNEHVI,13,0.689794514276887,0.027028885666566478,30
DTLZ4_D30,qNEHVI,14,0.7018065812882299,0.023233613102275345,30
DTLZ4_D30,qNEHVI,15,0.6589395159229678,0.025293504320794278,30
DTLZ4_D30,qNEHVI,16,0.681673920659516,0.024222108217948804,30
DTLZ4_D30,qNEHVI,17,0.6914799647722295,0.02657088180103076,30
DTLZ4_D30,qNEHVI,18,0.668704009905518,0.02400540522042428,30
DTLZ4_D30,qNEHVI,19,0.7139452297931155,0.021180582455686107,30
DTLZ4_D30,qNEHVI,20,0.7208579806822943,0.02221644059858169,30
DTLZ4_D30,LC-SAEA,1,0.7224214398532659,0.019706290975920568,30
DTLZ4_D30,LC-SAEA,2,0.6838371279354571,0.02589287407282115,30
DTLZ4_D30,LC-SAEA,3,0.6584404234009864,0.027568038392015545,30
DTLZ4_D30,LC-SAEA,4,0.6556534715847233,0.02545751896504039,30
DTLZ4_D30,LC-SAEA,5,0.6785316886460168,0.027428070271215563,30
DTLZ4_D30,LC-SAEA,6,0.6887124446983977,0.021132497611841782,30
DTLZ4_D30,LC-SAEA,7,0.6704194804817489,0.02433416851426303,30
DTLZ4_D30,LC-SAEA,8,0.6731891549435949,0.02517052999934242,30
DTLZ4_D30,LC-SAEA,9,0.6868038991357798,0.025895030875144765,30
DTLZ4_D30,LC-SAEA,10,0.652951409381479,0.025600188420863198,30
DTLZ4_D30,LC-SAEA,11,0.6752682340995698,0.025298959831253073,30
DTLZ4_D30,LC-SAEA,12,0.6717273966254522,0.026173280357767493,30
DTLZ4_D30,LC-SAEA,13,0.6788338118591117,0.02414210618389972,30
DTLZ4_D30,LC-SAEA,14,0.6914526154675626,0.02431122030985596,30
DTLZ4_D30,LC-SAEA,15,0.6471317863937609,0.027699986016103365,30
DTLZ4_D30,LC-SAEA,16,0.6912354861979388,0.022107586886093118,30
DTLZ4_D30,LC-SAEA,17,0.6826838420049122,0.024946632102977817,30
DTLZ4_D30,LC-SAEA,18,0.6631430862520326,0.028487468501449516,30
DTLZ4_D30,LC-SAEA,19,0.677971894023406,0.024610472724454494,30
DTLZ4_D30,LC-SAEA,20,0.6835394203116655,0.022288818713596593,30
DTLZ4_D30,C-SAEA,1,0.6756361871440432,0.02334067810316089,30
DTLZ4_D30,C-SAEA,2,0.6827979796036121,0.025245573913661806,30
DTLZ4_D30,C-SAEA,3,0.692539144555699,0.02538989272186197,30
DTLZ4_D30,C-SAEA,4,0.6691932317163223,0.026610066322524505,30
DTLZ4_D30,C-SAEA,5,0.6616454685206159,0.024435280230510843,30
DTLZ4_D30,C-SAEA,6,0.6939480418808948,0.026078437794303706,30
DTLZ4_D30,C-SAEA,7,0.6787542628966663,0.025374637707977595,30
DTLZ4_D30,C-SAEA,8,0.6771343120968331,0.02552449213844078,30
DTLZ4_D30,C-SAEA,9,0.6570502587440002,0.028394993124286953,30
DTLZ4_D30,C-SAEA,10,0.665717966655255,0.025888208177284735,30
DTLZ4_D30,C-SAEA,11,0.6736492856227162,0.025763508081857744,30
DTLZ4_D30,C-SAEA,12,0.6962518856002066,0.024657137712989524,30
DTLZ4_D30,C-SAEA,13,0.6589830862088151,0.028187451873889595,30
DTLZ4_D30,C-SAEA,14,0.6623342114990279,0.028795095233887777,30
DTLZ4_D30,C-SAEA,15,0.6803544124614034,0.026560257810133686,30
DTLZ4_D30,C-SAEA,16,0.6779448389535858,0.025619879702841953,30
DTLZ4_D30,C-SAEA,17,0.6745479871424105,0.028141919584728444,30
DTLZ4_D30,C-SAEA,18,0.650921021074571,0.02735208471050618,30
DTLZ4_D30,C-SAEA,19,0.6639368715485077,0.025175158102871076,30
DTLZ4_D30,C-SAEA,20,0.6716475997873916,0.024787549412945996,30
DTLZ4_D30,MOEA/D-GP,1,0.6750258127600932,0.027074288769921302,30
DTLZ4_D30,MOEA/D-GP,2,0.6434826367335564,0.027570414246972947,30
DTLZ4_D30,MOEA/D-GP,3,0.6706830807438826,0.026716203784661663,30
DTLZ4_D30,MOEA/D-GP,4,0.6677860055102661,0.02497765300308132,30
DTLZ4_D30,MOEA/D-GP,5,0.6295850944860125,0.027428530690509715,30
DTLZ4_D30,MOEA/D-GP,6,0.661809495609255,0.026990059708946378,30
DTLZ4_D30,MOEA/D-GP,7,0.6528021845252056,0.02894926207642521,30
DTLZ4_D30,MOEA/D-GP,8,0.6523405342098284,0.026993830385147556,30
DTLZ4_D30,MOEA/D-GP,9,0.6908975397636631,0.028228066156037363,30
DTLZ4_D30,MOEA/D-GP,10,0.6742692489089577,0.026501699739890312,30
DTLZ4_D30,MOEA/D-GP,11,0.6787059050746717,0.02455216256549337,30
DTLZ4_D30,MOEA/D-GP,12,0.6569509750473762,0.028384933811197475,30
DTLZ4_D30,MOEA/D-GP,13,0.6537830098922272,0.027692609148364602,30
DTLZ4_D30,MOEA/D-GP,14,0.6828183677957748,0.02485400401241918,30
DTLZ4_D30,MOEA/D-GP,15,0.6396027940874495,0.028054373661329672,30
DTLZ4_D30,MOEA/D-GP,16,0.6775982377774038,0.025695528565876646,30
DTLZ4_D30,MOEA/D-GP,17,0.6740963948286485,0.025230028398694745,30
DTLZ4_D30,MOEA/D-GP,18,0.6239838487579004,0.031026785542071833,30
DTLZ4_D30,MOEA/D-GP,19,0.6677510072739454,0.027537618040191128,30
DTLZ4_D30,MOEA/D-GP,20,0.6407460237662805,0.0301639515667949,30
DTLZ4_D30,SMS-EGO,1,0.6959448134596371,0.027077771631524895,30
DTLZ4_D30,SMS-EGO,2,0.6509802001364132,0.0265115771510582,30
DTLZ4_D30,SMS-EGO,3,0.63300166912969,0.03138002929856027,30
DTLZ4_D30,SMS-EGO,4,0.6432885182716128,0.030375349266037164,30
DTLZ4_D30,SMS-EGO,5,0.6562459241238048,0.026999535143944663,30
DTLZ4_D30,SMS-EGO,6,0.6177158186475797,0.03103421478830509,30
DTLZ4_D30,SMS-EGO,7,0.6561812135167412,0.026899368091401147,30
DTLZ4_D30,SMS-EGO,8,0.6672919670672168,0.026091539666506066,30
DTLZ4_D30,SMS-EGO,9,0.6498157400903128,0.02853984244554661,30
DTLZ4_D30,SMS-EGO,10,0.6165170900788665,0.030425425071824864,30
DTLZ4_D30,SMS-EGO,11,0.6609579350384409,0.027171694042052778,30
DTLZ4_D30,SMS-EGO,12,0.661152595802473,0.025424496837149695,30
DTLZ4_D30,SMS-EGO,13,0.6410263869266393,0.03188950670095829,30
DTLZ4_D30,SMS-EGO,14,0.6355627611083985,0.028274543028901478,30
DTLZ4_D30,SMS-EGO,15,0.6614623784601118,0.027274702487769607,30
DTLZ4_D30,SMS-EGO,16,0.6454624314039017,0.031412039420091034,30
DTLZ4_D30,SMS-EGO,17,0.6476419338779701,0.02625191432487061,30
DTLZ4_D30,SMS-EGO,18,0.6554131587258082,0.030228023205868784,30
DTLZ4_D30,SMS-EGO,19,0.6669196882342113,0.02798884857915137,30
DTLZ4_D30,SMS-EGO,20,0.668039197818706,0.022609012112534264,30
DTLZ4_D30,ParEGO,1,0.6594280281684513,0.026745783053346964,30
DTLZ4_D30,ParEGO,2,0.6378646465850951,0.026270754208670102,30
DTLZ4_D30,ParEGO,3,0.6457359379272583,0.029555493640053446,30
DTLZ4_D30,ParEGO,4,0.6568983691681114,0.028908979516124533,30
DTLZ4_D30,ParEGO,5,0.6146585787371683,0.030788032813084697,30
DTLZ4_D30,ParEGO,6,0.6394579759124503,0.02940811570747628,30
DTLZ4_D30,ParEGO,7,0.630971124344557,0.028718189939479017,30
DTLZ4_D30,ParEGO,8,0.653413421196764,0.027453935620103023,30
DTLZ4_D30,ParEGO,9,0.6264916248331164,0.028754372222877092,30
DTLZ4_D30,ParEGO,10,0.639300291624083,0.03034048144789363,30
DTLZ4_D30,ParEGO,11,0.6455730492365297,0.029193275400179415,30
DTLZ4_D30,ParEGO,12,0.649454480021614,0.02847337960158942,30
DTLZ4_D30,ParEGO,13,0.6356136780138998,0.02725630757781382,30
DTLZ4_D30,ParEGO,14,0.6150269538258651,0.030090708377593214,30
DTLZ4_D30,ParEGO,15,0.6523398135372321,0.027955142872475962,30
DTLZ4_D30,ParEGO,16,0.6206151798135595,0.029292354458522917,30
DTLZ4_D30,ParEGO,17,0.6247031557483824,0.032442320252,30
DTLZ4_D30,ParEGO,18,0.6397811186444946,0.027431705855028157,30
DTLZ4_D30,ParEGO,19,0.660656020789386,0.027223670081258897,30
DTLZ4_D30,ParEGO,20,0.655852417531353,0.026346749593970122,30
DTLZ4_D30,HF-NSGA-II,1,0.6420617670544937,0.028298863592203113,30
DTLZ4_D30,HF-NSGA-II,2,0.6468740382732516,0.030505307061603964,30
DTLZ4_D30,HF-NSGA-II,3,0.6571375548006552,0.024804071554376535,30
DTLZ4_D30,HF-NSGA-II,4,0.6274170814817488,0.029732160775993118,30
DTLZ4_D30,HF-NSGA-II,5,0.6553594747906631,0.02788430877989895,30
DTLZ4_D30,HF-NSGA-II,6,0.6209039396517172,0.03095250094542626,30
DTLZ4_D30,HF-NSGA-II,7,0.6717636224286544,0.026461463756271206,30
DTLZ4_D30,HF-NSGA-II,8,0.6073827765320586,0.030866927225781778,30
DTLZ4_D30,HF-NSGA-II,9,0.65930196673015,0.027702746840890566,30
DTLZ4_D30,HF-NSGA-II,10,0.6552354627712587,0.026799923001805705,30
DTLZ4_D30,HF-NSGA-II,11,0.6443346107544363,0.030168009285641163,30
DTLZ4_D30,HF-NSGA-II,12,0.6230276086467752,0.031987874002261954,30
DTLZ4_D30,HF-NSGA-II,13,0.6239693591370513,0.027959864576127456,30
DTLZ4_D30,HF-NSGA-II,14,0.6430682041430915,0.02557943088179225,30
DTLZ4_D30,HF-NSGA-II,15,0.6644006304834955,0.023245455904668876,30
DTLZ4_D30,HF-NSGA-II,16,0.6391995179466469,0.028530837333142243,30
DTLZ4_D30,HF-NSGA-II,17,0.6150566327694219,0.030815636318059777,30
DTLZ4_D30,HF-NSGA-II,18,0.6109529535850324,0.02825090613851868,30
DTLZ4_D30,HF-NSGA-II,19,0.6468156521203557,0.028390364931118572,30
DTLZ4_D30,HF-NSGA-II,20,0.6575487416808025,0.0281248890905715,30
DTLZ5_D30,MF-BCL-SAEA,1,0.7746909232670709,0.015127404267059802,30
DTLZ5_D30,MF-BCL-SAEA,2,0.7788990356736246,0.016442368255485045,30
DTLZ5_D30,MF-BCL-SAEA,3,0.7869777591382391,0.015320570024661181,30
DTLZ5_D30,MF-BCL-SAEA,4,0.7610609867534034,0.022343728202967702,30
DTLZ5_D30,MF-BCL-SAEA,5,0.775114868742084,0.01720892522188311,30
DTLZ5_D30,MF-BCL-SAEA,6,0.754243541152576,0.019421858665651597,30
DTLZ5_D30,MF-BCL-SAEA,7,0.7780283013697428,0.020203978735808127,30
DTLZ5_D30,MF-BCL-SAEA,8,0.758827094271777,0.018508731619484377,30
DTLZ5_D30,MF-BCL-SAEA,9,0.7581770859239292,0.018275511040934625,30
DTLZ5_D30,MF-BCL-SAEA,10,0.7805522348985516,0.015695334926550373,30
DTLZ5_D30,MF-BCL-SAEA,11,0.798649128793644,0.017119222799814454,30
DTLZ5_D30,MF-BCL-SAEA,12,0.7506818287509428,0.020488358199612085,30
DTLZ5_D30,MF-BCL-SAEA,13,0.7672800160456341,0.017562528320853626,30
DTLZ5_D30,MF-BCL-SAEA,14,0.7836070355713801,0.01779964247226693,30
DTLZ5_D30,MF-BCL-SAEA,15,0.7869445658368611,0.016586490247678172,30
DTLZ5_D30,MF-BCL-SAEA,16,0.7772156807643563,0.01728104565519035,30
DTLZ5_D30,MF-BCL-SAEA,17,0.7610626763791477,0.020464353548704458,30
DTLZ5_D30,MF-BCL-SAEA,18,0.7748814426770181,0.01577892874861611,30
DTLZ5_D30,MF-BCL-SAEA,19,0.7462656903332092,0.019834576237611427,30
DTLZ5_D30,MF-BCL-SAEA,20,0.7919881256435392,0.016269035505211752,30
DTLZ5_D30,MF-EMTO,1,0.737229867836173,0.01991119374298652,30
DTLZ5_D30,MF-EMTO,2,0.7525690590060955,0.01821478224521593,30
DTLZ5_D30,MF-EMTO,3,0.7540769635625799,0.021118498194560666,30
DTLZ5_D30,MF-EMTO,4,0.7244252770941068,0.02188040132028239,30
DTLZ5_D30,MF-EMTO,5,0.7594867800262878,0.020215376731210665,30
DTLZ5_D30,MF-EMTO,6,0.750177265863588,0.01921871880502535,30
DTLZ5_D30,MF-EMTO,7,0.7562072516074295,0.01771699798302373,30
DTLZ5_D30,MF-EMTO,8,0.7159846177396054,0.023618782638621133,30
DTLZ5_D30,MF-EMTO,9,0.7641848842712013,0.01886875551422758,30
DTLZ5_D30,MF-EMTO,10,0.7494236806802874,0.018282560996582254,30
DTLZ5_D30,MF-EMTO,11,0.7476243889689888,0.017710432881698726,30
DTLZ5_D30,MF-EMTO,12,0.7670810286240216,0.019726561656164508,30
DTLZ5_D30,MF-EMTO,13,0.7484927713592762,0.021006542718833086,30
DTLZ5_D30,MF-EMTO,14,0.7556293043073228,0.019320117675292625,30
DTLZ5_D30,MF-EMTO,15,0.7197253055931946,0.022869313898198056,30
DTLZ5_D30,MF-EMTO,16,0.7763534651147648,0.01865500843648786,30
DTLZ5_D30,MF-EMTO,17,0.7246043388199856,0.021483303647779707,30
DTLZ5_D30,MF-EMTO,18,0.7121252982415051,0.02314511433206617,30
DTLZ5_D30,MF-EMTO,19,0.7388954859880587,0.021871394876017643,30
DTLZ5_D30,MF-EMTO,20,0.7664336302348225,0.019352646456340966,30
DTLZ5_D30,qNEHVI,1,0.7416658731522178,0.018876879365090866,30
DTLZ5_D30,qNEHVI,2,0.7598652418240622,0.01823834093281933,30
DTLZ5_D30,qNEHVI,3,0.7543860556844728,0.01816347975951938,30
DTLZ5_D30,qNEHVI,4,0.748281896443241,0.022844202339765283,30
DTLZ5_D30,qNEHVI,5,0.735770173017052,0.020627025414114146,30
DTLZ5_D30,qNEHVI,6,0.7293257656490713,0.022313525854391104,30
DTLZ5_D30,qNEHVI,7,0.7343744410339837,0.023748000234359187,30
DTLZ5_D30,qNEHVI,8,0.7614011219663168,0.018651979266480885,30
DTLZ5_D30,qNEHVI,9,0.735807086771509,0.022363163971434622,30
DTLZ5_D30,qNEHVI,10,0.7214320553556371,0.022537252170887645,30
DTLZ5_D30,qNEHVI,11,0.7292051510510134,0.02089692421638573,30
DTLZ5_D30,qNEHVI,12,0.730012239275591,0.025070457491820068,30
DTLZ5_D30,qNEHVI,13,0.7607782801371301,0.016335351892525014,30
DTLZ5_D30,qNEHVI,14,0.7452994023006854,0.021825831931711094,30
DTLZ5_D30,qNEHVI,15,0.7535701859249394,0.021476401310935134,30
DTLZ5_D30,qNEHVI,16,0.7548434213976951,0.019474898936494064,30
DTLZ5_D30,qNEHVI,17,0.7507546679725976,0.017772954928739,30
DTLZ5_D30,qNEHVI,18,0.7464293009404618,0.020285339891747484,30
DTLZ5_D30,qNEHVI,19,0.7737487733413869,0.014902680011525817,30
DTLZ5_D30,qNEHVI,20,0.7511430791472615,0.02073847213484365,30
DTLZ5_D30,LC-SAEA,1,0.7178067617579754,0.0239599428810257,30
DTLZ5_D30,LC-SAEA,2,0.7496713104549313,0.016397202052041697,30
DTLZ5_D30,LC-SAEA,3,0.7138998149906929,0.02276620711157398,30
DTLZ5_D30,LC-SAEA,4,0.7396476486905676,0.02090655236132189,30
DTLZ5_D30,LC-SAEA,5,0.7360721130715472,0.018616717517143194,30
DTLZ5_D30,LC-SAEA,6,0.7367083799916204,0.021515544301745234,30
DTLZ5_D30,LC-SAEA,7,0.759315613675057,0.01999107500922116,30
DTLZ5_D30,LC-SAEA,8,0.7363546979698268,0.021279831855427277,30
DTLZ5_D30,LC-SAEA,9,0.7415582829800258,0.02261192007934108,30
DTLZ5_D30,LC-SAEA,10,0.7362657126665774,0.021803451214631543,30
DTLZ5_D30,LC-SAEA,11,0.7441788037696888,0.019354126771620135,30
DTLZ5_D30,LC-SAEA,12,0.7199289156917483,0.0216642518629776,30
DTLZ5_D30,LC-SAEA,13,0.721679190121348,0.02273897403333067,30
DTLZ5_D30,LC-SAEA,14,0.734215873813126,0.02080809251143793,30
DTLZ5_D30,LC-SAEA,15,0.742541622925702,0.021068291147564984,30
DTLZ5_D30,LC-SAEA,16,0.7649507859777825,0.019153227634886538,30
DTLZ5_D30,LC-SAEA,17,0.7312559889397172,0.02178664795113183,30
DTLZ5_D30,LC-SAEA,18,0.746690388529714,0.01942147778590544,30
DTLZ5_D30,LC-SAEA,19,0.7571344131183116,0.01760212281835411,30
DTLZ5_D30,LC-SAEA,20,0.7674706692048939,0.01846950105474368,30
DTLZ5_D30,C-SAEA,1,0.7393654947842218,0.01918358245195141,30
DTLZ5_D30,C-SAEA,2,0.72818733028116,0.0213816461517935,30
DTLZ5_D30,C-SAEA,3,0.7359847877853614,0.017896404129861668,30
DTLZ5_D30,C-SAEA,4,0.7096447587019199,0.023101782855147985,30
DTLZ5_D30,C-SAEA,5,0.7006848732921613,0.02742147790704221,30
DTLZ5_D30,C-SAEA,6,0.7107602032535111,0.02199527156087401,30
DTLZ5_D30,C-SAEA,7,0.7359657148217438,0.0186574619526723,30
DTLZ5_D30,C-SAEA,8,0.7259487074528468,0.021824327849255285,30
DTLZ5_D30,C-SAEA,9,0.740810465072007,0.021412604466644534,30
DTLZ5_D30,C-SAEA,10,0.7190033978364382,0.024497701555482816,30
DTLZ5_D30,C-SAEA,11,0.7416814020413481,0.021389734619029793,30
DTLZ5_D30,C-SAEA,12,0.7406538029889266,0.02352522731732711,30
DTLZ5_D30,C-SAEA,13,0.7404998249554835,0.020691815707854656,30
DTLZ5_D30,C-SAEA,14,0.7231808928918626,0.02141629056481439,30
DTLZ5_D30,C-SAEA,15,0.728450747130566,0.01962622216663464,30
DTLZ5_D30,C-SAEA,16,0.7126222286249144,0.02100338927770642,30
DTLZ5_D30,C-SAEA,17,0.732569860407322,0.024011728135863705,30
DTLZ5_D30,C-SAEA,18,0.7245763454454096,0.023228036344971954,30
DTLZ5_D30,C-SAEA,19,0.7175397150780302,0.022659562356508765,30
DTLZ5_D30,C-SAEA,20,0.7138666173811885,0.022501405907296247,30
DTLZ5_D30,MOEA/D-GP,1,0.7081757489667218,0.024005441248693905,30
DTLZ5_D30,MOEA/D-GP,2,0.7249713848765882,0.021873641136825744,30
DTLZ5_D30,MOEA/D-GP,3,0.7239835377799149,0.021053873401199456,30
DTLZ5_D30,MOEA/D-GP,4,0.7267879025461372,0.021784377220032656,30
DTLZ5_D30,MOEA/D-GP,5,0.7253568061486725,0.02177879086448154,30
DTLZ5_D30,MOEA/D-GP,6,0.7097906778059009,0.023386507816516775,30
DTLZ5_D30,MOEA/D-GP,7,0.7295776407186463,0.020289737128759578,30
DTLZ5_D30,MOEA/D-GP,8,0.7326820556502919,0.02065256253456068,30
DTLZ5_D30,MOEA/D-GP,9,0.7310767290331848,0.019030675023895143,30
DTLZ5_D30,MOEA/D-GP,10,0.7155012877639615,0.022306691804261577,30
DTLZ5_D30,MOEA/D-GP,11,0.7233543051626076,0.023116562012924058,30
DTLZ5_D30,MOEA/D-GP,12,0.7200575079947819,0.02318156460229728,30
DTLZ5_D30,MOEA/D-GP,13,0.7027939361431546,0.02569036087920589,30
DTLZ5_D30,MOEA/D-GP,14,0.7052298770016534,0.024464814042862708,30
DTLZ5_D30,MOEA/D-GP,15,0.7384872441382776,0.023195776507563937,30
DTLZ5_D30,MOEA/D-GP,16,0.7272122784723942,0.02207018708206323,30
DTLZ5_D30,MOEA/D-GP,17,0.7234363816853578,0.023563517118076856,30
DTLZ5_D30,MOEA/D-GP,18,0.7223318547608096,0.02094023775697849,30
DTLZ5_D30,MOEA/D-GP,19,0.7214370578837609,0.02235201948866037,30
DTLZ5_D30,MOEA/D-GP,20,0.7339067158616444,0.022853755291803956,30
DTLZ5_D30,SMS-EGO,1,0.7544296823373985,0.01922134405482644,30
DTLZ5_D30,SMS-EGO,2,0.706394981885586,0.024675942768152825,30
DTLZ5_D30,SMS-EGO,3,0.6866749719853347,0.024794548527480982,30
DTLZ5_D30,SMS-EGO,4,0.7187008979546977,0.02256610850724441,30
DTLZ5_D30,SMS-EGO,5,0.7204230108627405,0.02429294222112082,30
DTLZ5_D30,SMS-EGO,6,0.6976573870145181,0.025913803742631296,30
DTLZ5_D30,SMS-EGO,7,0.7211090516892659,0.02103247566753699,30
DTLZ5_D30,SMS-EGO,8,0.7202051652584924,0.02144519542227187,30
DTLZ5_D30,SMS-EGO,9,0.7674200897469576,0.016939145441495305,30
DTLZ5_D30,SMS-EGO,10,0.6877289222304651,0.024081904718120443,30
DTLZ5_D30,SMS-EGO,11,0.7094373234652617,0.024147979738203155,30
DTLZ5_D30,SMS-EGO,12,0.6958888340068745,0.02386449193733964,30
DTLZ5_D30,SMS-EGO,13,0.7304369006283096,0.020923443061482593,30
DTLZ5_D30,SMS-EGO,14,0.7200770024827455,0.02310186740048238,30
DTLZ5_D30,SMS-EGO,15,0.7092418331411154,0.027428935611873165,30
DTLZ5_D30,SMS-EGO,16,0.7092302679208969,0.023538745790850857,30
DTLZ5_D30,SMS-EGO,17,0.7053696975032332,0.0229496519105233,30
DTLZ5_D30,SMS-EGO,18,0.7360977366445915,0.01786818826723392,30
DTLZ5_D30,SMS-EGO,19,0.7327962576299611,0.020291061600349387,30
DTLZ5_D30,SMS-EGO,20,0.7164887722181388,0.02331008754051075,30
DTLZ5_D30,ParEGO,1,0.6859418822719652,0.02483033833680014,30
DTLZ5_D30,ParEGO,2,0.6999565501762726,0.024632073364692024,30
DTLZ5_D30,ParEGO,3,0.6781100998927725,0.02704349487698454,30
DTLZ5_D30,ParEGO,4,0.7156315195625879,0.02282380095387623,30
DTLZ5_D30,ParEGO,5,0.7303799036355605,0.02199529765296026,30
DTLZ5_D30,ParEGO,6,0.6846092701576827,0.025006896584963197,30
DTLZ5_D30,ParEGO,7,0.6721728474078977,0.025444908586298595,30
DTLZ5_D30,ParEGO,8,0.7025938994624723,0.027929225855468007,30
DTLZ5_D30,ParEGO,9,0.7135894577281939,0.021324962870049476,30
DTLZ5_D30,ParEGO,10,0.6919555551116529,0.022882246793678337,30
DTLZ5_D30,ParEGO,11,0.7348871330260337,0.019705263141288183,30
DTLZ5_D30,ParEGO,12,0.7200896561975669,0.023154754731848838,30
DTLZ5_D30,ParEGO,13,0.6796137907030845,0.023437705078734827,30
DTLZ5_D30,ParEGO,14,0.72793321984248,0.022947438902092353,30
DTLZ5_D30,ParEGO,15,0.7027678538473571,0.025395721911827332,30
DTLZ5_D30,ParEGO,16,0.7357050901337362,0.0223381160240505,30
DTLZ5_D30,ParEGO,17,0.6947116985123036,0.02690412801694718,30
DTLZ5_D30,ParEGO,18,0.709175901115088,0.022832520613417468,30
DTLZ5_D30,ParEGO,19,0.7023386584964385,0.02165209411609058,30
DTLZ5_D30,ParEGO,20,0.704810735353489,0.02445865425116246,30
DTLZ5_D30,HF-NSGA-II,1,0.6860624328599538,0.024476305228895035,30
DTLZ5_D30,HF-NSGA-II,2,0.6847473670642243,0.024466604431434284,30
DTLZ5_D30,HF-NSGA-II,3,0.6924613337809221,0.024213130251451262,30
DTLZ5_D30,HF-NSGA-II,4,0.7097233222707691,0.02242820724080035,30
DTLZ5_D30,HF-NSGA-II,5,0.7158435044391473,0.02301131091042051,30
DTLZ5_D30,HF-NSGA-II,6,0.7040894496341649,0.0239432492396735,30
DTLZ5_D30,HF-NSGA-II,7,0.6919950899200491,0.024469069245111167,30
DTLZ5_D30,HF-NSGA-II,8,0.7046671003702869,0.02332759669919795,30
DTLZ5_D30,HF-NSGA-II,9,0.7311823784345944,0.023729064260917927,30
DTLZ5_D30,HF-NSGA-II,10,0.693239013837663,0.024463392989293866,30
DTLZ5_D30,HF-NSGA-II,11,0.6889348769010194,0.02632169894475976,30
DTLZ5_D30,HF-NSGA-II,12,0.7245437099106586,0.021073311409438664,30
DTLZ5_D30,HF-NSGA-II,13,0.7037078335326338,0.02532002563258052,30
DTLZ5_D30,HF-NSGA-II,14,0.6895816877373315,0.02756922675864596,30
DTLZ5_D30,HF-NSGA-II,15,0.6915688966117737,0.02233650921290964,30
DTLZ5_D30,HF-NSGA-II,16,0.704472372639843,0.023512602649237577,30
DTLZ5_D30,HF-NSGA-II,17,0.7140499472743952,0.024374945538860965,30
DTLZ5_D30,HF-NSGA-II,18,0.704975052642061,0.023193465343676337,30
DTLZ5_D30,HF-NSGA-II,19,0.6518691969254512,0.029247609989035868,30
DTLZ5_D30,HF-NSGA-II,20,0.6829138951830707,0.026709890229695863,30
DTLZ6_D30,MF-BCL-SAEA,1,0.8214412024040298,0.013689968712189807,30
DTLZ6_D30,MF-BCL-SAEA,2,0.8317033855949201,0.013179124394619334,30
DTLZ6_D30,MF-BCL-SAEA,3,0.8241936000445987,0.013346345323779738,30
DTLZ6_D30,MF-BCL-SAEA,4,0.8220227796699521,0.01246982653539177,30
DTLZ6_D30,MF-BCL-SAEA,5,0.8185638393500602,0.012400533541805326,30
DTLZ6_D30,MF-BCL-SAEA,6,0.8335863752210547,0.011717434179812594,30
DTLZ6_D30,MF-BCL-SAEA,7,0.8152637157906244,0.013705431308251496,30
DTLZ6_D30,MF-BCL-SAEA,8,0.802393713160763,0.0167878747384489,30
DTLZ6_D30,MF-BCL-SAEA,9,0.8323335478130444,0.01424129124951647,30
DTLZ6_D30,MF-BCL-SAEA,10,0.815173226322075,0.01485281995643458,30
DTLZ6_D30,MF-BCL-SAEA,11,0.8221261129159751,0.014526834087995525,30
DTLZ6_D30,MF-BCL-SAEA,12,0.8247938178538382,0.013755492340610676,30
DTLZ6_D30,MF-BCL-SAEA,13,0.8150568326520143,0.011671633868592275,30
DTLZ6_D30,MF-BCL-SAEA,14,0.820398076348946,0.014816320024530875,30
DTLZ6_D30,MF-BCL-SAEA,15,0.8296352005198311,0.015687194659914618,30
DTLZ6_D30,MF-BCL-SAEA,16,0.8330395691276297,0.01396828645567049,30
DTLZ6_D30,MF-BCL-SAEA,17,0.8491395530069106,0.009966977037373866,30
DTLZ6_D30,MF-BCL-SAEA,18,0.8098254150055175,0.016866496848328232,30
DTLZ6_D30,MF-BCL-SAEA,19,0.8414168267216587,0.013164945901523924,30
DTLZ6_D30,MF-BCL-SAEA,20,0.8242329977049279,0.01126382721977058,30
DTLZ6_D30,MF-EMTO,1,0.8038855501272386,0.01726754127857799,30
DTLZ6_D30,MF-EMTO,2,0.803919057003934,0.016692542183080087,30
DTLZ6_D30,MF-EMTO,3,0.8207820990502576,0.013433678606258981,30
DTLZ6_D30,MF-EMTO,4,0.7942237374587132,0.01677313426948458,30
DTLZ6_D30,MF-EMTO,5,0.8112482238913358,0.016884970934641322,30
DTLZ6_D30,MF-EMTO,6,0.8203920891774024,0.013917916756932956,30
DTLZ6_D30,MF-EMTO,7,0.7821173214530452,0.017826229961459043,30
DTLZ6_D30,MF-EMTO,8,0.7999357008927523,0.016723654556645984,30
DTLZ6_D30,MF-EMTO,9,0.8500054739455891,0.010806775332021077,30
DTLZ6_D30,MF-EMTO,10,0.8043406569387875,0.01686938708676774,30
DTLZ6_D30,MF-EMTO,11,0.7953963413848127,0.015631956049215575,30
DTLZ6_D30,MF-EMTO,12,0.8029673293308212,0.016145708155780893,30
DTLZ6_D30,MF-EMTO,13,0.8348948891234805,0.012315074536770535,30
DTLZ6_D30,MF-EMTO,14,0.8145582523289092,0.013249377582776417,30
DTLZ6_D30,MF-EMTO,15,0.8321928817038168,0.012910932957945147,30
DTLZ6_D30,MF-EMTO,16,0.8177483004118177,0.01616660168655588,30
DTLZ6_D30,MF-EMTO,17,0.7859451497678623,0.01891754773982148,30
DTLZ6_D30,MF-EMTO,18,0.8369592581221744,0.01361723395407722,30
DTLZ6_D30,MF-EMTO,19,0.8155887756817776,0.012672000522945672,30
DTLZ6_D30,MF-EMTO,20,0.8065012369109383,0.015346253488820046,30
DTLZ6_D30,qNEHVI,1,0.8126167118356781,0.013499662393087595,30
DTLZ6_D30,qNEHVI,2,0.7719121944874687,0.01689036174530998,30
DTLZ6_D30,qNEHVI,3,0.8166513819406567,0.012977443501225702,30
DTLZ6_D30,qNEHVI,4,0.8058316088714439,0.013527765896294765,30
DTLZ6_D30,qNEHVI,5,0.791275527388923,0.01460461444379139,30
DTLZ6_D30,qNEHVI,6,0.8175026343666157,0.014486540271970442,30
DTLZ6_D30,qNEHVI,7,0.8090922572079133,0.01528243426677553,30
DTLZ6_D30,qNEHVI,8,0.7867307995454794,0.015993208214848065,30
DTLZ6_D30,qNEHVI,9,0.815640524351498,0.01486991239928845,30
DTLZ6_D30,qNEHVI,10,0.7733137639355143,0.017334486190403994,30
DTLZ6_D30,qNEHVI,11,0.81721735865926,0.014344070219521911,30
DTLZ6_D30,qNEHVI,12,0.78293023021228,0.016603447867370703,30
DTLZ6_D30,qNEHVI,13,0.8034836663275164,0.017689307264310665,30
DTLZ6_D30,qNEHVI,14,0.7930582572428072,0.01989563112202066,30
DTLZ6_D30,qNEHVI,15,0.816428770407459,0.012817873220082576,30
DTLZ6_D30,qNEHVI,16,0.7893109461970907,0.015043836054239982,30
DTLZ6_D30,qNEHVI,17,0.8001454560062938,0.01727936380139603,30
DTLZ6_D30,qNEHVI,18,0.7943663753208265,0.016159338294334018,30
DTLZ6_D30,qNEHVI,19,0.8031264860438778,0.014886948442100945,30
DTLZ6_D30,qNEHVI,20,0.8007060222564126,0.01941887286936011,30
DTLZ6_D30,LC-SAEA,1,0.7768103879040846,0.018493974781880914,30
DTLZ6_D30,LC-SAEA,2,0.7752896344607468,0.01906346190727536,30
DTLZ6_D30,LC-SAEA,3,0.7884265389930901,0.01517618999253609,30
DTLZ6_D30,LC-SAEA,4,0.7789767375183043,0.0179699313656617,30
DTLZ6_D30,LC-SAEA,5,0.8154207108534643,0.01751823533387731,30
DTLZ6_D30,LC-SAEA,6,0.8313814660400634,0.014449095427238167,30
DTLZ6_D30,LC-SAEA,7,0.8073367887324866,0.01559381390150695,30
DTLZ6_D30,LC-SAEA,8,0.8137423995239503,0.015523664051705698,30
DTLZ6_D30,LC-SAEA,9,0.7920772414039662,0.016437655430371376,30
DTLZ6_D30,LC-SAEA,10,0.7831537893026432,0.017709135919275646,30
DTLZ6_D30,LC-SAEA,11,0.7966767245148298,0.017686820100513558,30
DTLZ6_D30,LC-SAEA,12,0.8300608630071186,0.013284194791676193,30
DTLZ6_D30,LC-SAEA,13,0.7979044663682267,0.015880672273934703,30
DTLZ6_D30,LC-SAEA,14,0.7885237948363051,0.017234558004492573,30
DTLZ6_D30,LC-SAEA,15,0.7949384617188252,0.014831834607912106,30
DTLZ6_D30,LC-SAEA,16,0.7576468359712097,0.018736098749430906,30
DTLZ6_D30,LC-SAEA,17,0.7762518971226441,0.017400168841716097,30
DTLZ6_D30,LC-SAEA,18,0.7912901682799236,0.01839715028077286,30
DTLZ6_D30,LC-SAEA,19,0.8082761471123189,0.015304136681249704,30
DTLZ6_D30,LC-SAEA,20,0.8079458645498389,0.016290805460364398,30
DTLZ6_D30,C-SAEA,1,0.7953348715654267,0.017326395802913026,30
DTLZ6_D30,C-SAEA,2,0.7692305264120218,0.017457106647057286,30
DTLZ6_D30,C-SAEA,3,0.8145545433207658,0.014916276171670852,30
DTLZ6_D30,C-SAEA,4,0.7800019768529756,0.019449330698762587,30
DTLZ6_D30,C-SAEA,5,0.8067474575158655,0.013415287038841227,30
DTLZ6_D30,C-SAEA,6,0.7493129777934321,0.01970559453646659,30
DTLZ6_D30,C-SAEA,7,0.817878321655211,0.015074214723506306,30
DTLZ6_D30,C-SAEA,8,0.7554025970116287,0.020596953174124043,30
DTLZ6_D30,C-SAEA,9,0.7716708305351632,0.016383783225568833,30
DTLZ6_D30,C-SAEA,10,0.7624688177839656,0.016692133200634694,30
DTLZ6_D30,C-SAEA,11,0.8265465972288122,0.013182214529774647,30
DTLZ6_D30,C-SAEA,12,0.7776698770888688,0.01731380209960636,30
DTLZ6_D30,C-SAEA,13,0.7522068939449335,0.017503434957234314,30
DTLZ6_D30,C-SAEA,14,0.7981349119788986,0.01862950980259698,30
DTLZ6_D30,C-SAEA,15,0.7935851567811026,0.014547558603873668,30
DTLZ6_D30,C-SAEA,16,0.7883615197783995,0.01610860741519818,30
DTLZ6_D30,C-SAEA,17,0.7998304392979831,0.014101750204262919,30
DTLZ6_D30,C-SAEA,18,0.7956635432214112,0.014661212853756683,30
DTLZ6_D30,C-SAEA,19,0.7519464870029515,0.016556963290076512,30
DTLZ6_D30,C-SAEA,20,0.7889286796995996,0.01918505786997714,30
DTLZ6_D30,MOEA/D-GP,1,0.796556910023066,0.014969299907524315,30
DTLZ6_D30,MOEA/D-GP,2,0.7662367486432143,0.018260348212631464,30
DTLZ6_D30,MOEA/D-GP,3,0.7877825948924418,0.01485223637143809,30
DTLZ6_D30,MOEA/D-GP,4,0.7996024121841061,0.01602449362717933,30
DTLZ6_D30,MOEA/D-GP,5,0.792117595202329,0.017180881698230503,30
DTLZ6_D30,MOEA/D-GP,6,0.8070619352342301,0.016228328679670105,30
DTLZ6_D30,MOEA/D-GP,7,0.788341629255755,0.014390219431881731,30
DTLZ6_D30,MOEA/D-GP,8,0.7939210778703585,0.018055970536059403,30
DTLZ6_D30,MOEA/D-GP,9,0.758855180473449,0.021788331147144107,30
DTLZ6_D30,MOEA/D-GP,10,0.7737477543349466,0.020467910943816933,30
DTLZ6_D30,MOEA/D-GP,11,0.7800497547407601,0.018370717112992874,30
DTLZ6_D30,MOEA/D-GP,12,0.7890012029775427,0.019407996452948877,30
DTLZ6_D30,MOEA/D-GP,13,0.7970609535865173,0.016264924548673447,30
DTLZ6_D30,MOEA/D-GP,14,0.77139604924688,0.018980395213394185,30
DTLZ6_D30,MOEA/D-GP,15,0.7870944193233225,0.017119513459776494,30
DTLZ6_D30,MOEA/D-GP,16,0.816386766466302,0.01596437793768304,30
DTLZ6_D30,MOEA/D-GP,17,0.7560784130065641,0.020287919110896224,30
DTLZ6_D30,MOEA/D-GP,18,0.7897430374509208,0.019343829699116067,30
DTLZ6_D30,MOEA/D-GP,19,0.7954354998458816,0.01757170085230078,30
DTLZ6_D30,MOEA/D-GP,20,0.7696299324575777,0.017623484916701432,30
DTLZ6_D30,SMS-EGO,1,0.7700323089981783,0.018756073441594714,30
DTLZ6_D30,SMS-EGO,2,0.7518317668359218,0.020966977035181564,30
DTLZ6_D30,SMS-EGO,3,0.7399486312314518,0.022548324000325123,30
DTLZ6_D30,SMS-EGO,4,0.7658718872610201,0.017528719290768064,30
DTLZ6_D30,SMS-EGO,5,0.7547370073605257,0.018911801336744544,30
DTLZ6_D30,SMS-EGO,6,0.7750666901377323,0.016866719033051283,30
DTLZ6_D30,SMS-EGO,7,0.7636198161152346,0.01943370919788741,30
DTLZ6_D30,SMS-EGO,8,0.756258368287075,0.021790375677229933,30
DTLZ6_D30,SMS-EGO,9,0.7710048701298092,0.01990347682347654,30
DTLZ6_D30,SMS-EGO,10,0.7766378474016549,0.02159568680533569,30
DTLZ6_D30,SMS-EGO,11,0.7521570779199785,0.018466941001925856,30
DTLZ6_D30,SMS-EGO,12,0.7857467629635329,0.016736038612947094,30
DTLZ6_D30,SMS-EGO,13,0.7808235526056017,0.014977664587562545,30
DTLZ6_D30,SMS-EGO,14,0.7633715024360429,0.020396764332891903,30
DTLZ6_D30,SMS-EGO,15,0.7481934817570054,0.018459862228230352,30
DTLZ6_D30,SMS-EGO,16,0.7997625861666742,0.017683322111592598,30
DTLZ6_D30,SMS-EGO,17,0.762632626300355,0.0195918932565425,30
DTLZ6_D30,SMS-EGO,18,0.7620566580777259,0.018225180729204923,30
DTLZ6_D30,SMS-EGO,19,0.7805423883550042,0.017168061527544718,30
DTLZ6_D30,SMS-EGO,20,0.7669061682740203,0.02041399647577988,30
DTLZ6_D30,ParEGO,1,0.7761261123124974,0.016255170596688424,30
DTLZ6_D30,ParEGO,2,0.7624519837533342,0.018054732086270994,30
DTLZ6_D30,ParEGO,3,0.7616727678861202,0.01848310321065617,30
DTLZ6_D30,ParEGO,4,0.7701820945343056,0.020277099253699235,30
DTLZ6_D30,ParEGO,5,0.8043088548981193,0.017459945381007015,30
DTLZ6_D30,ParEGO,6,0.7762183253033481,0.016226335496162717,30
DTLZ6_D30,ParEGO,7,0.7689624081757253,0.0198274324854294,30
DTLZ6_D30,ParEGO,8,0.7760384788793315,0.020244962684877996,30
DTLZ6_D30,ParEGO,9,0.7887387966014425,0.018424061555480067,30
DTLZ6_D30,ParEGO,10,0.7922559093162004,0.01825039404778551,30
DTLZ6_D30,ParEGO,11,0.7639981580647022,0.02157898619243701,30
DTLZ6_D30,ParEGO,12,0.7563277179796236,0.018477881742681782,30
DTLZ6_D30,ParEGO,13,0.7901762941407823,0.018103076003943893,30
DTLZ6_D30,ParEGO,14,0.7686916497054795,0.01966229222679984,30
DTLZ6_D30,ParEGO,15,0.7539893235052625,0.02088410145395253,30
DTLZ6_D30,ParEGO,16,0.7760928374217864,0.01848253034588807,30
DTLZ6_D30,ParEGO,17,0.7555156514595994,0.0194133926670924,30
DTLZ6_D30,ParEGO,18,0.7315444995289764,0.021238654793210986,30
DTLZ6_D30,ParEGO,19,0.813778933198275,0.01578834356139126,30
DTLZ6_D30,ParEGO,20,0.7737286824372426,0.01846428704208611,30
DTLZ6_D30,HF-NSGA-II,1,0.7476308693145187,0.018126062691342305,30
DTLZ6_D30,HF-NSGA-II,2,0.7347198373848579,0.01960763867568508,30
DTLZ6_D30,HF-NSGA-II,3,0.7533313399265334,0.018616429065824638,30
DTLZ6_D30,HF-NSGA-II,4,0.7787981636346083,0.016597848081059047,30
DTLZ6_D30,HF-NSGA-II,5,0.730386575692962,0.01894295315761636,30
DTLZ6_D30,HF-NSGA-II,6,0.7614305735702409,0.019758944239628387,30
DTLZ6_D30,HF-NSGA-II,7,0.7691323687041663,0.020157546938753906,30
DTLZ6_D30,HF-NSGA-II,8,0.7302515096117373,0.020938004717596166,30
DTLZ6_D30,HF-NSGA-II,9,0.7572846325576514,0.020491038524386877,30
DTLZ6_D30,HF-NSGA-II,10,0.7719863076395322,0.016863633649342596,30
DTLZ6_D30,HF-NSGA-II,11,0.7556956911111078,0.017923157492878254,30
DTLZ6_D30,HF-NSGA-II,12,0.7803728633724225,0.020670036369351108,30
DTLZ6_D30,HF-NSGA-II,13,0.7670217450607572,0.018698217464465074,30
DTLZ6_D30,HF-NSGA-II,14,0.7235814867868192,0.02263356048641928,30
DTLZ6_D30,HF-NSGA-II,15,0.7344431624449835,0.021589339333203745,30
DTLZ6_D30,HF-NSGA-II,16,0.7759893648662086,0.017591719471162393,30
DTLZ6_D30,HF-NSGA-II,17,0.7278719993768893,0.022749936724025234,30
DTLZ6_D30,HF-NSGA-II,18,0.7560445552657397,0.017120596167354337,30
DTLZ6_D30,HF-NSGA-II,19,0.7338869998631538,0.022975502108224292,30
DTLZ6_D30,HF-NSGA-II,20,0.7507774125661648,0.018727870783294968,30
WFG1_D14,MF-BCL-SAEA,1,0.87551157245265,0.006646143403297375,14
WFG1_D14,MF-BCL-SAEA,2,0.861791406777093,0.01081772392773657,14
WFG1_D14,MF-BCL-SAEA,3,0.8791442280446714,0.007712824553367144,14
WFG1_D14,MF-BCL-SAEA,4,0.8622480798140378,0.01168766398003758,14
WFG1_D14,MF-BCL-SAEA,5,0.8668980407735587,0.010959478975000476,14
WFG1_D14,MF-BCL-SAEA,6,0.861661521454694,0.01086003243784418,14
WFG1_D14,MF-BCL-SAEA,7,0.8654354545471613,0.009904897939133975,14
WFG1_D14,MF-BCL-SAEA,8,0.8638406457488971,0.011996276359390356,14
WFG1_D14,MF-BCL-SAEA,9,0.8859195005051437,0.009760512638940387,14
WFG1_D14,MF-BCL-SAEA,10,0.8698240439310767,0.008718051343487038,14
WFG1_D14,MF-BCL-SAEA,11,0.8849415882496825,0.01051353800741452,14
WFG1_D14,MF-BCL-SAEA,12,0.9101642363703739,0.008925730486122213,14
WFG1_D14,MF-BCL-SAEA,13,0.8917200424301358,0.009266331522595513,14
WFG1_D14,MF-BCL-SAEA,14,0.8926140273234253,0.0073504152593083846,14
WFG1_D14,MF-BCL-SAEA,15,0.8818804698577959,0.010007071863622827,14
WFG1_D14,MF-BCL-SAEA,16,0.8798841086155587,0.009164125579717566,14
WFG1_D14,MF-BCL-SAEA,17,0.8920935953708143,0.010181488504566802,14
WFG1_D14,MF-BCL-SAEA,18,0.8761157417289493,0.008697196664737738,14
WFG1_D14,MF-BCL-SAEA,19,0.871446807809219,0.008141068861965221,14
WFG1_D14,MF-BCL-SAEA,20,0.8897047124984105,0.008467480236811173,14
WFG1_D14,MF-EMTO,1,0.9043541405023235,0.008038905621286627,14
WFG1_D14,MF-EMTO,2,0.8943009634294333,0.005185621269646668,14
WFG1_D14,MF-EMTO,3,0.8918088842217953,0.010972804383692553,14
WFG1_D14,MF-EMTO,4,0.8766979315503343,0.009380097683300243,14
WFG1_D14,MF-EMTO,5,0.9204725940201814,0.005516337127356553,14
WFG1_D14,MF-EMTO,6,0.8849271899162293,0.007777084148462047,14
WFG1_D14,MF-EMTO,7,0.9078409658301024,0.007321315196544412,14
WFG1_D14,MF-EMTO,8,0.9064046835218316,0.007442225466491175,14
WFG1_D14,MF-EMTO,9,0.9026553743824783,0.0071574477610969,14
WFG1_D14,MF-EMTO,10,0.903543878721791,0.010316409568511962,14
WFG1_D14,MF-EMTO,11,0.906253052588505,0.006474895132165181,14
WFG1_D14,MF-EMTO,12,0.907652494917723,0.007469832025583024,14
WFG1_D14,MF-EMTO,13,0.870411901478149,0.010487854377735487,14
WFG1_D14,MF-EMTO,14,0.8862263646703283,0.010990029332432405,14
WFG1_D14,MF-EMTO,15,0.8778642270691599,0.007974711710856622,14
WFG1_D14,MF-EMTO,16,0.9195665215191398,0.0077724814023272856,14
WFG1_D14,MF-EMTO,17,0.9002063793597336,0.007694181104752618,14
WFG1_D14,MF-EMTO,18,0.908691899312474,0.006104728249601766,14
WFG1_D14,MF-EMTO,19,0.8954538560718542,0.004803299120790801,14
WFG1_D14,MF-EMTO,20,0.9159290305456459,0.00668170495237031,14
WFG1_D14,qNEHVI,1,0.880717180927533,0.010493136859946503,14
WFG1_D14,qNEHVI,2,0.8833636005524821,0.010917551975346556,14
WFG1_D14,qNEHVI,3,0.8624297223515761,0.008763561845376898,14
WFG1_D14,qNEHVI,4,0.872942746370163,0.011528353860204666,14
WFG1_D14,qNEHVI,5,0.8662556736955304,0.011837698207790074,14
WFG1_D14,qNEHVI,6,0.8693209110132484,0.010831074913726984,14
WFG1_D14,qNEHVI,7,0.8649305918499771,0.011058801773577615,14
WFG1_D14,qNEHVI,8,0.8732535054128542,0.012198379755077442,14
WFG1_D14,qNEHVI,9,0.8730685498870293,0.010806250009144872,14
WFG1_D14,qNEHVI,10,0.8837140096864821,0.009537724629612162,14
WFG1_D14,qNEHVI,11,0.8430184831555819,0.012510927110531126,14
WFG1_D14,qNEHVI,12,0.8439513202331347,0.012004786855129386,14
WFG1_D14,qNEHVI,13,0.8807170359316224,0.009420942370864051,14
WFG1_D14,qNEHVI,14,0.8268602076918568,0.012743340925906536,14
WFG1_D14,qNEHVI,15,0.8549447421139523,0.01072528726297932,14
WFG1_D14,qNEHVI,16,0.8697297110684115,0.008628998993930647,14
WFG1_D14,qNEHVI,17,0.8208575499452085,0.01302150964594351,14
WFG1_D14,qNEHVI,18,0.8735428132624691,0.013165021009898184,14
WFG1_D14,qNEHVI,19,0.9161874915489269,0.006129578039551763,14
WFG1_D14,qNEHVI,20,0.8509107517701078,0.011124328350413546,14
WFG1_D14,LC-SAEA,1,0.8798412857392899,0.0076865954103912644,14
WFG1_D14,LC-SAEA,2,0.8392857671798166,0.012348098202231674,14
WFG1_D14,LC-SAEA,3,0.8607581066795215,0.011904585657249613,14
WFG1_D14,LC-SAEA,4,0.8592057089762158,0.010362073058340065,14
WFG1_D14,LC-SAEA,5,0.8432512546458046,0.011984912087744309,14
WFG1_D14,LC-SAEA,6,0.8647575781482614,0.010962602161122223,14
WFG1_D14,LC-SAEA,7,0.8604296996886907,0.013588052137609531,14
WFG1_D14,LC-SAEA,8,0.8355088374953656,0.012320856271080816,14
WFG1_D14,LC-SAEA,9,0.8641926310922521,0.013579757897130796,14
WFG1_D14,LC-SAEA,10,0.8703637029432079,0.010824929736808885,14
WFG1_D14,LC-SAEA,11,0.86558997182011,0.009632010280408526,14
WFG1_D14,LC-SAEA,12,0.8539406705953334,0.01257395573756989,14
WFG1_D14,LC-SAEA,13,0.8724262491607575,0.009342495920065206,14
WFG1_D14,LC-SAEA,14,0.8495711331418597,0.010987264034528273,14
WFG1_D14,LC-SAEA,15,0.8507067958000948,0.012788731676945747,14
WFG1_D14,LC-SAEA,16,0.8741221564386071,0.012438719252154255,14
WFG1_D14,LC-SAEA,17,0.8721281654427762,0.00905207240497141,14
WFG1_D14,LC-SAEA,18,0.8583486540688784,0.011149863277884317,14
WFG1_D14,LC-SAEA,19,0.8731576343496021,0.009616778119299323,14
WFG1_D14,LC-SAEA,20,0.84885513663566,0.011628950552950816,14
WFG1_D14,C-SAEA,1,0.8746028208361684,0.01031008984764344,14
WFG1_D14,C-SAEA,2,0.8463712594923612,0.01133689043016627,14
WFG1_D14,C-SAEA,3,0.8388390635346269,0.013842623425564592,14
WFG1_D14,C-SAEA,4,0.8545728213967886,0.01287452938924715,14
WFG1_D14,C-SAEA,5,0.835169225365343,0.011558011619513827,14
WFG1_D14,C-SAEA,6,0.8339370535883414,0.013962360081563206,14
WFG1_D14,C-SAEA,7,0.8817297088508217,0.008700125380646876,14
WFG1_D14,C-SAEA,8,0.8420576825827651,0.014046368507158947,14
WFG1_D14,C-SAEA,9,0.8812740785555454,0.0062596628260163404,14
WFG1_D14,C-SAEA,10,0.824275465989824,0.012900666270894407,14
WFG1_D14,C-SAEA,11,0.837482885729403,0.01147630237634486,14
WFG1_D14,C-SAEA,12,0.8318898468086908,0.015922790594207228,14
WFG1_D14,C-SAEA,13,0.8372316114710208,0.011895719934558987,14
WFG1_D14,C-SAEA,14,0.8280049111121357,0.013147130573709295,14
WFG1_D14,C-SAEA,15,0.8661739248419813,0.010802214012575846,14
WFG1_D14,C-SAEA,16,0.8573482227796873,0.011392202445059191,14
WFG1_D14,C-SAEA,17,0.867173885750343,0.011437391877199377,14
WFG1_D14,C-SAEA,18,0.8695203056263807,0.010857107505746075,14
WFG1_D14,C-SAEA,19,0.8258067334037182,0.014288733342061113,14
WFG1_D14,C-SAEA,20,0.8555633848000885,0.012468982008396464,14
WFG1_D14,MOEA/D-GP,1,0.8434599873901687,0.013037831855876399,14
WFG1_D14,MOEA/D-GP,2,0.8224802933060866,0.014485019283892139,14
WFG1_D14,MOEA/D-GP,3,0.8590499978563517,0.011360969525292329,14
WFG1_D14,MOEA/D-GP,4,0.8880411872466476,0.011145984294228924,14
WFG1_D14,MOEA/D-GP,5,0.8434158187203904,0.013857251218767358,14
WFG1_D14,MOEA/D-GP,6,0.8364714209099068,0.010376633996805096,14
WFG1_D14,MOEA/D-GP,7,0.8421515067476748,0.010643917150593962,14
WFG1_D14,MOEA/D-GP,8,0.8414153668046674,0.013169599454752297,14
WFG1_D14,MOEA/D-GP,9,0.8373869404596213,0.011957298415100306,14
WFG1_D14,MOEA/D-GP,10,0.8806743781964703,0.008634472979177877,14
WFG1_D14,MOEA/D-GP,11,0.8412340733112742,0.012360898659666037,14
WFG1_D14,MOEA/D-GP,12,0.8627029940424816,0.010507571113131688,14
WFG1_D14,MOEA/D-GP,13,0.8188853956854477,0.0176381233845315,14
WFG1_D14,MOEA/D-GP,14,0.8935232591133339,0.007766983156683391,14
WFG1_D14,MOEA/D-GP,15,0.8395892431377804,0.013965424753895629,14
WFG1_D14,MOEA/D-GP,16,0.860456255182457,0.011360431235362995,14
WFG1_D14,MOEA/D-GP,17,0.8472334079532389,0.012294699923121516,14
WFG1_D14,MOEA/D-GP,18,0.8198249860364533,0.014509077035115038,14
WFG1_D14,MOEA/D-GP,19,0.8517265386679379,0.010377618299873905,14
WFG1_D14,MOEA/D-GP,20,0.8506064852139862,0.010530945865863381,14
WFG1_D14,SMS-EGO,1,0.8470989437431677,0.012377642767282848,14
WFG1_D14,SMS-EGO,2,0.8418107483020554,0.013208588965843829,14
WFG1_D14,SMS-EGO,3,0.8444977030421921,0.013700226392744496,14
WFG1_D14,SMS-EGO,4,0.8591891458930615,0.012017247716366952,14
WFG1_D14,SMS-EGO,5,0.8554512578156864,0.0108488860920173,14
WFG1_D14,SMS-EGO,6,0.8259576464524236,0.01244181969303135,14
WFG1_D14,SMS-EGO,7,0.8543649102847293,0.00850452038810822,14
WFG1_D14,SMS-EGO,8,0.8331365395525007,0.01270709471434341,14
WFG1_D14,SMS-EGO,9,0.8471666708983159,0.012779117413552938,14
WFG1_D14,SMS-EGO,10,0.8470218254530782,0.014059212682552204,14
WFG1_D14,SMS-EGO,11,0.7993043423658678,0.014308005046055379,14
WFG1_D14,SMS-EGO,12,0.7992784603696517,0.01722670635076224,14
WFG1_D14,SMS-EGO,13,0.8387611948455959,0.010853772863494912,14
WFG1_D14,SMS-EGO,14,0.8459544151970522,0.01030540249546795,14
WFG1_D14,SMS-EGO,15,0.8122212569176331,0.015900429554307156,14
WFG1_D14,SMS-EGO,16,0.8443122938167995,0.01083934884850551,14
WFG1_D14,SMS-EGO,17,0.8353961907233541,0.012402383505251394,14
WFG1_D14,SMS-EGO,18,0.8309009165940288,0.013020555741609846,14
WFG1_D14,SMS-EGO,19,0.8469998784541777,0.011133359609475061,14
WFG1_D14,SMS-EGO,20,0.8442069401182828,0.011028589389144795,14
WFG1_D14,ParEGO,1,0.8438403750526928,0.011911676663778346,14
WFG1_D14,ParEGO,2,0.8304185665186883,0.012015807098400166,14
WFG1_D14,ParEGO,3,0.8077403526925465,0.012803428542374685,14
WFG1_D14,ParEGO,4,0.8414355006306554,0.012108837963962848,14
WFG1_D14,ParEGO,5,0.8514198205484492,0.015095936499104666,14
WFG1_D14,ParEGO,6,0.8137924414961086,0.014459840061369616,14
WFG1_D14,ParEGO,7,0.8532053248416187,0.01216506433364541,14
WFG1_D14,ParEGO,8,0.8432757997833538,0.0111061917414996,14
WFG1_D14,ParEGO,9,0.8441670560624245,0.01188656983494773,14
WFG1_D14,ParEGO,10,0.8536940820227732,0.013795541582593286,14
WFG1_D14,ParEGO,11,0.7912846562943868,0.018694511891908676,14
WFG1_D14,ParEGO,12,0.8222707984986322,0.013747296825533176,14
WFG1_D14,ParEGO,13,0.8189276091670059,0.016207063849167123,14
WFG1_D14,ParEGO,14,0.8072762947615018,0.016679481173993572,14
WFG1_D14,ParEGO,15,0.8246829073930677,0.014818249370783814,14
WFG1_D14,ParEGO,16,0.8215398134223257,0.016745947916533332,14
WFG1_D14,ParEGO,17,0.8472032832911062,0.014432975529709798,14
WFG1_D14,ParEGO,18,0.8208814967976316,0.015120616319086138,14
WFG1_D14,ParEGO,19,0.8242486788081945,0.015466667906840342,14
WFG1_D14,ParEGO,20,0.815521328990136,0.015065458012478408,14
WFG1_D14,HF-NSGA-II,1,0.8105966447847225,0.014477494554317993,14
WFG1_D14,HF-NSGA-II,2,0.8101637266017765,0.01336955272657007,14
WFG1_D14,HF-NSGA-II,3,0.8231073824740953,0.013421196017947003,14
WFG1_D14,HF-NSGA-II,4,0.807434562102572,0.014817889478121743,14
WFG1_D14,HF-NSGA-II,5,0.8244243190880315,0.013115074458424665,14
WFG1_D14,HF-NSGA-II,6,0.7906182903631542,0.016870292851980027,14
WFG1_D14,HF-NSGA-II,7,0.8060259334509896,0.01865405384458173,14
WFG1_D14,HF-NSGA-II,8,0.8223236865440399,0.015149934533344449,14
WFG1_D14,HF-NSGA-II,9,0.8173284243088967,0.015292078805532752,14
WFG1_D14,HF-NSGA-II,10,0.8130511301224117,0.013100477729572579,14
WFG1_D14,HF-NSGA-II,11,0.8367969141543827,0.013865850067436498,14
WFG1_D14,HF-NSGA-II,12,0.8340248603214324,0.014752822363614703,14
WFG1_D14,HF-NSGA-II,13,0.8269122971907976,0.010352154268155665,14
WFG1_D14,HF-NSGA-II,14,0.828377073475274,0.01350369722650235,14
WFG1_D14,HF-NSGA-II,15,0.8239959811234373,0.013562985735805725,14
WFG1_D14,HF-NSGA-II,16,0.8097849662411233,0.01395231544547192,14
WFG1_D14,HF-NSGA-II,17,0.8114506764120795,0.016419911404971944,14
WFG1_D14,HF-NSGA-II,18,0.8264362185096946,0.01281093591482618,14
WFG1_D14,HF-NSGA-II,19,0.8196757969090226,0.016777025323849202,14
WFG1_D14,HF-NSGA-II,20,0.8532170821076447,0.013860831663562098,14
WFG2_D14,MF-BCL-SAEA,1,0.9154511841207809,0.008404601201696157,14
WFG2_D14,MF-BCL-SAEA,2,0.880229706968624,0.011421297911480862,14
WFG2_D14,MF-BCL-SAEA,3,0.87742448675959,0.01000657750116872,14
WFG2_D14,MF-BCL-SAEA,4,0.8701739266380146,0.011185897193812208,14
WFG2_D14,MF-BCL-SAEA,5,0.8641527321629024,0.011411472434959803,14
WFG2_D14,MF-BCL-SAEA,6,0.8841675855388716,0.01095425640502541,14
WFG2_D14,MF-BCL-SAEA,7,0.9183385012302655,0.007184100961872624,14
WFG2_D14,MF-BCL-SAEA,8,0.8778427457350434,0.011842346003839514,14
WFG2_D14,MF-BCL-SAEA,9,0.8960002323122568,0.008177197287166794,14
WFG2_D14,MF-BCL-SAEA,10,0.8825633725109666,0.008901735329454484,14
WFG2_D14,MF-BCL-SAEA,11,0.8927277747167583,0.009605692598847334,14
WFG2_D14,MF-BCL-SAEA,12,0.9025655506835492,0.005752393595688474,14
WFG2_D14,MF-BCL-SAEA,13,0.8732497875310602,0.00843412897255725,14
WFG2_D14,MF-BCL-SAEA,14,0.8905345251420459,0.008442709350830782,14
WFG2_D14,MF-BCL-SAEA,15,0.8949772988449418,0.006180898252848123,14
WFG2_D14,MF-BCL-SAEA,16,0.8925339580504077,0.009296853068694984,14
WFG2_D14,MF-BCL-SAEA,17,0.8761987932219519,0.00924855720136029,14
WFG2_D14,MF-BCL-SAEA,18,0.9051838045102434,0.006768660680112261,14
WFG2_D14,MF-BCL-SAEA,19,0.8745022636097093,0.010483162866941861,14
WFG2_D14,MF-BCL-SAEA,20,0.8895161815585573,0.00946770321720733,14
WFG2_D14,MF-EMTO,1,0.8956860193136665,0.005420296974909774,14
WFG2_D14,MF-EMTO,2,0.884776299575798,0.010782001722164935,14
WFG2_D14,MF-EMTO,3,0.8582024373218701,0.012435302981671038,14
WFG2_D14,MF-EMTO,4,0.8562070377564553,0.012553925819711775,14
WFG2_D14,MF-EMTO,5,0.8854640917851198,0.007711138986494614,14
WFG2_D14,MF-EMTO,6,0.8739112573317418,0.010467793662512676,14
WFG2_D14,MF-EMTO,7,0.9173829014647721,0.00797982873657016,14
WFG2_D14,MF-EMTO,8,0.8474017627131032,0.010788653598413344,14
WFG2_D14,MF-EMTO,9,0.874847926214951,0.009854768238775548,14
WFG2_D14,MF-EMTO,10,0.8796427170447539,0.010720086809756835,14
WFG2_D14,MF-EMTO,11,0.8846977624815142,0.007831351333604847,14
WFG2_D14,MF-EMTO,12,0.9007565099383514,0.009768595755858372,14
WFG2_D14,MF-EMTO,13,0.8716926721642341,0.014376766287887092,14
WFG2_D14,MF-EMTO,14,0.8773934930543704,0.011502480706922117,14
WFG2_D14,MF-EMTO,15,0.8764312654764386,0.010667613479561647,14
WFG2_D14,MF-EMTO,16,0.8648699991760673,0.010757902268183784,14
WFG2_D14,MF-EMTO,17,0.9219177525621596,0.0034472529886857804,14
WFG2_D14,MF-EMTO,18,0.8978467884875043,0.008269652051447153,14
WFG2_D14,MF-EMTO,19,0.8698007244182206,0.009384738893017885,14
WFG2_D14,MF-EMTO,20,0.8774449706214218,0.009230390603223022,14
WFG2_D14,qNEHVI,1,0.8865852365961314,0.00935562542742832,14
WFG2_D14,qNEHVI,2,0.8374374469128034,0.015018425942321272,14
WFG2_D14,qNEHVI,3,0.8430003719007777,0.01276389810519546,14
WFG2_D14,qNEHVI,4,0.8705574221710838,0.01054313390897392,14
WFG2_D14,qNEHVI,5,0.8633413211021568,0.011009948240573787,14
WFG2_D14,qNEHVI,6,0.8611624411316705,0.010723811510051275,14
WFG2_D14,qNEHVI,7,0.8389347669923679,0.011896404013361004,14
WFG2_D14,qNEHVI,8,0.8431216392262438,0.0114034931291054,14
WFG2_D14,qNEHVI,9,0.8922311834924321,0.008265358000653606,14
WFG2_D14,qNEHVI,10,0.874289818482439,0.010670271206623689,14
WFG2_D14,qNEHVI,11,0.8677907804367496,0.010641418343080305,14
WFG2_D14,qNEHVI,12,0.8576245918723816,0.013500215653366121,14
WFG2_D14,qNEHVI,13,0.8734581230268056,0.010796482230512352,14
WFG2_D14,qNEHVI,14,0.8794055607023418,0.009253778854908822,14
WFG2_D14,qNEHVI,15,0.8568482953180814,0.0098630662465793,14
WFG2_D14,qNEHVI,16,0.8804896900702084,0.009016291596702083,14
WFG2_D14,qNEHVI,17,0.8666415591482712,0.012035220982973183,14
WFG2_D14,qNEHVI,18,0.8422754177745153,0.013620220768084343,14
WFG2_D14,qNEHVI,19,0.8553030111245471,0.011194408895201026,14
WFG2_D14,qNEHVI,20,0.8732915223600081,0.013525105597285158,14
WFG2_D14,LC-SAEA,1,0.8672869100395407,0.01242037532251049,14
WFG2_D14,LC-SAEA,2,0.8649784070409172,0.012876265234132822,14
WFG2_D14,LC-SAEA,3,0.8557930760999359,0.011653129166698195,14
WFG2_D14,LC-SAEA,4,0.8686093010184261,0.011266995484789993,14
WFG2_D14,LC-SAEA,5,0.844413351660841,0.012976397396293221,14
WFG2_D14,LC-SAEA,6,0.8595922942105846,0.012436585208218706,14
WFG2_D14,LC-SAEA,7,0.8801168643177089,0.010945578803506575,14
WFG2_D14,LC-SAEA,8,0.836984012452284,0.010834663947651493,14
WFG2_D14,LC-SAEA,9,0.8857155599728987,0.007506975666292437,14
WFG2_D14,LC-SAEA,10,0.8771313205559981,0.009506538993675848,14
WFG2_D14,LC-SAEA,11,0.883063709129659,0.008720140795103923,14
WFG2_D14,LC-SAEA,12,0.8442592097609509,0.015083499148445393,14
WFG2_D14,LC-SAEA,13,0.8455110120151119,0.01219907473005601,14
WFG2_D14,LC-SAEA,14,0.8676127228271969,0.013084410282756233,14
WFG2_D14,LC-SAEA,15,0.8405992153692098,0.012862009389447758,14
WFG2_D14,LC-SAEA,16,0.8676407023413607,0.012820593425360745,14
WFG2_D14,LC-SAEA,17,0.8404257716964817,0.010447661377774205,14
WFG2_D14,LC-SAEA,18,0.836264834833268,0.014541538624164548,14
WFG2_D14,LC-SAEA,19,0.8520298779259331,0.011167120604437314,14
WFG2_D14,LC-SAEA,20,0.8599860794307332,0.010899203371275184,14
WFG2_D14,C-SAEA,1,0.8554101312309188,0.013258817707050286,14
WFG2_D14,C-SAEA,2,0.8353240571288774,0.01240589004800586,14
WFG2_D14,C-SAEA,3,0.8579214945256957,0.011705891455958479,14
WFG2_D14,C-SAEA,4,0.8643222540402906,0.009447183875985041,14
WFG2_D14,C-SAEA,5,0.8529247378233418,0.014243771880911919,14
WFG2_D14,C-SAEA,6,0.8569325063988794,0.011947818918171293,14
WFG2_D14,C-SAEA,7,0.8595613814990171,0.014119491406513657,14
WFG2_D14,C-SAEA,8,0.8566189014108255,0.011880541378054665,14
WFG2_D14,C-SAEA,9,0.8551930205499486,0.00966422295316096,14
WFG2_D14,C-SAEA,10,0.8730861677451738,0.011214082059986747,14
WFG2_D14,C-SAEA,11,0.8328063199516536,0.010879198149543665,14
WFG2_D14,C-SAEA,12,0.856087185005676,0.011160112065323677,14
WFG2_D14,C-SAEA,13,0.8516555279793565,0.012782601272680591,14
WFG2_D14,C-SAEA,14,0.8517205014118253,0.0107305559114806,14
WFG2_D14,C-SAEA,15,0.836739872061486,0.013704063911558921,14
WFG2_D14,C-SAEA,16,0.8464382684844484,0.012105973583363364,14
WFG2_D14,C-SAEA,17,0.8426787628343395,0.013036333369755312,14
WFG2_D14,C-SAEA,18,0.8365357377197628,0.014361481899455006,14
WFG2_D14,C-SAEA,19,0.8806409953000736,0.006878345303660332,14
WFG2_D14,C-SAEA,20,0.8197967000315646,0.01381508359229717,14
WFG2_D14,MOEA/D-GP,1,0.8328049296875238,0.014185621927430662,14
WFG2_D14,MOEA/D-GP,2,0.810003833256991,0.012697385387619883,14
WFG2_D14,MOEA/D-GP,3,0.836804304220219,0.01576311920657442,14
WFG2_D14,MOEA/D-GP,4,0.8459479232741526,0.013228272879858801,14
WFG2_D14,MOEA/D-GP,5,0.8454243444120842,0.015124859423274599,14
WFG2_D14,MOEA/D-GP,6,0.8664416131832424,0.010036375544362203,14
WFG2_D14,MOEA/D-GP,7,0.8599340876351338,0.011494919024183085,14
WFG2_D14,MOEA/D-GP,8,0.8388847475723864,0.013786689771101106,14
WFG2_D14,MOEA/D-GP,9,0.8497920397577013,0.010609440529824586,14
WFG2_D14,MOEA/D-GP,10,0.8153006954957236,0.01529705486637777,14
WFG2_D14,MOEA/D-GP,11,0.8347941674831114,0.013344333558846282,14
WFG2_D14,MOEA/D-GP,12,0.8477723013031744,0.012403530794229697,14
WFG2_D14,MOEA/D-GP,13,0.8416189363748109,0.013730359102728806,14
WFG2_D14,MOEA/D-GP,14,0.870534761353875,0.011964861361298026,14
WFG2_D14,MOEA/D-GP,15,0.8266940417496659,0.014260693294254036,14
WFG2_D14,MOEA/D-GP,16,0.8130295973187553,0.013223546478529215,14
WFG2_D14,MOEA/D-GP,17,0.8389956490715975,0.013763990800349799,14
WFG2_D14,MOEA/D-GP,18,0.8499399065515132,0.010492334575211964,14
WFG2_D14,MOEA/D-GP,19,0.8516771431728172,0.013049217963074702,14
WFG2_D14,MOEA/D-GP,20,0.8569377273607066,0.011712961448447249,14
WFG2_D14,SMS-EGO,1,0.8297979575111638,0.014532755111697437,14
WFG2_D14,SMS-EGO,2,0.818931997593069,0.013009734616496649,14
WFG2_D14,SMS-EGO,3,0.8371167979145375,0.012672533069057875,14
WFG2_D14,SMS-EGO,4,0.8540424074662998,0.00912757845643573,14
WFG2_D14,SMS-EGO,5,0.8054474509201449,0.01585140373439034,14
WFG2_D14,SMS-EGO,6,0.8295914972924291,0.014008020550909635,14
WFG2_D14,SMS-EGO,7,0.8073513445758477,0.01567894402007962,14
WFG2_D14,SMS-EGO,8,0.8362431513619358,0.011815400114220368,14
WFG2_D14,SMS-EGO,9,0.8336226006996843,0.013942770592160262,14
WFG2_D14,SMS-EGO,10,0.8275823072410269,0.013741746962055632,14
WFG2_D14,SMS-EGO,11,0.8223959049006909,0.016650822785344938,14
WFG2_D14,SMS-EGO,12,0.8385736614445026,0.009977190110401098,14
WFG2_D14,SMS-EGO,13,0.846529360997937,0.010346943696765214,14
WFG2_D14,SMS-EGO,14,0.8491983345424245,0.015906909130618582,14
WFG2_D14,SMS-EGO,15,0.8474596533933775,0.009572433897342717,14
WFG2_D14,SMS-EGO,16,0.840633393786883,0.014755077061985106,14
WFG2_D14,SMS-EGO,17,0.8473196133828828,0.009954281623995465,14
WFG2_D14,SMS-EGO,18,0.8248899842049284,0.013310057743198418,14
WFG2_D14,SMS-EGO,19,0.8379468929676741,0.014485784984597589,14
WFG2_D14,SMS-EGO,20,0.8587452601187633,0.011736724221091356,14
WFG2_D14,ParEGO,1,0.821754909993448,0.013040541645251329,14
WFG2_D14,ParEGO,2,0.8302313103833124,0.011744630612864102,14
WFG2_D14,ParEGO,3,0.8333346003222722,0.013388111282247294,14
WFG2_D14,ParEGO,4,0.8248802620988699,0.011852000072001816,14
WFG2_D14,ParEGO,5,0.8710191053811158,0.00969032724750426,14
WFG2_D14,ParEGO,6,0.8669612568993456,0.009123423437334202,14
WFG2_D14,ParEGO,7,0.8504391529481681,0.010741746064905907,14
WFG2_D14,ParEGO,8,0.82191942046599,0.014900208606671768,14
WFG2_D14,ParEGO,9,0.8496346884741073,0.012893870407549274,14
WFG2_D14,ParEGO,10,0.8364668392681596,0.012924642990835806,14
WFG2_D14,ParEGO,11,0.8094606361838843,0.01455043424229339,14
WFG2_D14,ParEGO,12,0.7989131192244172,0.015190671659327708,14
WFG2_D14,ParEGO,13,0.8142740799755409,0.015266965519742739,14
WFG2_D14,ParEGO,14,0.8557104877536647,0.01411805904898236,14
WFG2_D14,ParEGO,15,0.8454594617124521,0.011456741411155852,14
WFG2_D14,ParEGO,16,0.8387027867989046,0.012249712423088352,14
WFG2_D14,ParEGO,17,0.8182913946884317,0.013385969798353556,14
WFG2_D14,ParEGO,18,0.8496304177225207,0.014700607721859799,14
WFG2_D14,ParEGO,19,0.8356408001188464,0.014468285979175863,14
WFG2_D14,ParEGO,20,0.8294080702260989,0.012562536748913361,14
WFG2_D14,HF-NSGA-II,1,0.7973202152503575,0.01643801898546285,14
WFG2_D14,HF-NSGA-II,2,0.818276002756664,0.0138680190906149,14
WFG2_D14,HF-NSGA-II,3,0.7921167885054545,0.015132023656320454,14
WFG2_D14,HF-NSGA-II,4,0.854016233780351,0.013083558733403913,14
WFG2_D14,HF-NSGA-II,5,0.8281859973129578,0.01354073924929027,14
WFG2_D14,HF-NSGA-II,6,0.8308214731714126,0.013754903608707172,14
WFG2_D14,HF-NSGA-II,7,0.8050829317459052,0.014653475733225913,14
WFG2_D14,HF-NSGA-II,8,0.8053397385153025,0.01454553592278975,14
WFG2_D14,HF-NSGA-II,9,0.8135192105612729,0.01750882251539983,14
WFG2_D14,HF-NSGA-II,10,0.8084983881808085,0.011852248607006512,14
WFG2_D14,HF-NSGA-II,11,0.824254174265963,0.014325785238128393,14
WFG2_D14,HF-NSGA-II,12,0.8133084313764272,0.012347609439754468,14
WFG2_D14,HF-NSGA-II,13,0.79762425945985,0.014096160195853542,14
WFG2_D14,HF-NSGA-II,14,0.7811319661122468,0.01911929177712217,14
WFG2_D14,HF-NSGA-II,15,0.8172029808882981,0.017000399030333513,14
WFG2_D14,HF-NSGA-II,16,0.8240604746458523,0.01120407409944596,14
WFG2_D14,HF-NSGA-II,17,0.8163534106690341,0.014015403846163637,14
WFG2_D14,HF-NSGA-II,18,0.8142415505983036,0.016654342977277078,14
WFG2_D14,HF-NSGA-II,19,0.8181117138775327,0.017164457077174643,14
WFG2_D14,HF-NSGA-II,20,0.8111254535564044,0.017951339045625278,14
WFG3_D14,MF-BCL-SAEA,1,0.8630537650287148,0.009752170412733003,14
WFG3_D14,MF-BCL-SAEA,2,0.8397015392343449,0.012053501341314828,14
WFG3_D14,MF-BCL-SAEA,3,0.8703336245722044,0.009951474110258611,14
WFG3_D14,MF-BCL-SAEA,4,0.8268721042909872,0.012930151566437564,14
WFG3_D14,MF-BCL-SAEA,5,0.8525177262688328,0.011506501346779148,14
WFG3_D14,MF-BCL-SAEA,6,0.8522408717984444,0.012387680821711825,14
WFG3_D14,MF-BCL-SAEA,7,0.8439955576531183,0.015191419043063157,14
WFG3_D14,MF-BCL-SAEA,8,0.8472263311145282,0.012112038656935028,14
WFG3_D14,MF-BCL-SAEA,9,0.8517687489473967,0.013333065511295998,14
WFG3_D14,MF-BCL-SAEA,10,0.8502312165766611,0.01151531875029274,14
WFG3_D14,MF-BCL-SAEA,11,0.8435790639847025,0.012484548569314738,14
WFG3_D14,MF-BCL-SAEA,12,0.8323865052457162,0.013383572818271485,14
WFG3_D14,MF-BCL-SAEA,13,0.8611214853378799,0.01069898317618901,14
WFG3_D14,MF-BCL-SAEA,14,0.8502258290396201,0.011805758598064821,14
WFG3_D14,MF-BCL-SAEA,15,0.8573870488383402,0.010898096531335883,14
WFG3_D14,MF-BCL-SAEA,16,0.8553276302536478,0.013382832068114137,14
WFG3_D14,MF-BCL-SAEA,17,0.8448777412346216,0.010766339542619907,14
WFG3_D14,MF-BCL-SAEA,18,0.8592131775786889,0.009164813704709363,14
WFG3_D14,MF-BCL-SAEA,19,0.8645922000415686,0.01256515566372458,14
WFG3_D14,MF-BCL-SAEA,20,0.8762655600560286,0.010728411969981259,14
WFG3_D14,MF-EMTO,1,0.8145232049681234,0.01562293386258592,14
WFG3_D14,MF-EMTO,2,0.8252999043909645,0.01390900824328909,14
WFG3_D14,MF-EMTO,3,0.8519184434910374,0.012030750883682752,14
WFG3_D14,MF-EMTO,4,0.831552670115735,0.014279822364893089,14
WFG3_D14,MF-EMTO,5,0.8213962977854378,0.01241479517349184,14
WFG3_D14,MF-EMTO,6,0.8199199001576329,0.01591431473207714,14
WFG3_D14,MF-EMTO,7,0.8625059769771343,0.011252907988162251,14
WFG3_D14,MF-EMTO,8,0.8436401598851008,0.012909154439830234,14
WFG3_D14,MF-EMTO,9,0.8192588593559393,0.01537072668800652,14
WFG3_D14,MF-EMTO,10,0.8163551610209051,0.01641123836369759,14
WFG3_D14,MF-EMTO,11,0.8376327746354464,0.013886674659017982,14
WFG3_D14,MF-EMTO,12,0.8498045994094989,0.01336391410203739,14
WFG3_D14,MF-EMTO,13,0.8328999981794546,0.010460848790217452,14
WFG3_D14,MF-EMTO,14,0.8226631827282994,0.015511412808509198,14
WFG3_D14,MF-EMTO,15,0.8573303408241152,0.009630526226602204,14
WFG3_D14,MF-EMTO,16,0.8506688991886212,0.014224233413683555,14
WFG3_D14,MF-EMTO,17,0.7994807059310026,0.015379394709426463,14
WFG3_D14,MF-EMTO,18,0.8442655911729494,0.00965688258999279,14
WFG3_D14,MF-EMTO,19,0.8133879206812752,0.013367269192767116,14
WFG3_D14,MF-EMTO,20,0.8213160655289238,0.012493778295856038,14
WFG3_D14,qNEHVI,1,0.8185485452704822,0.014982986346530844,14
WFG3_D14,qNEHVI,2,0.8442754810598054,0.014011120476600846,14
WFG3_D14,qNEHVI,3,0.8166084984849762,0.016605064736147514,14
WFG3_D14,qNEHVI,4,0.801921190015783,0.0164364045586645,14
WFG3_D14,qNEHVI,5,0.8372283737195765,0.013210111445388275,14
WFG3_D14,qNEHVI,6,0.8292854310430043,0.013790833104861925,14
WFG3_D14,qNEHVI,7,0.8435288579134247,0.013255839938713078,14
WFG3_D14,qNEHVI,8,0.8097502421020624,0.014892447390921111,14
WFG3_D14,qNEHVI,9,0.8455004902578281,0.013783726545951622,14
WFG3_D14,qNEHVI,10,0.8537064294926434,0.014047353208183861,14
WFG3_D14,qNEHVI,11,0.8055735243647013,0.013266592068311468,14
WFG3_D14,qNEHVI,12,0.8243069202565155,0.013498891830428066,14
WFG3_D14,qNEHVI,13,0.829787212202331,0.016523823793679743,14
WFG3_D14,qNEHVI,14,0.8203374340654828,0.01266386121584857,14
WFG3_D14,qNEHVI,15,0.8315913800357744,0.014211968638807531,14
WFG3_D14,qNEHVI,16,0.8382438997836964,0.01653745730631369,14
WFG3_D14,qNEHVI,17,0.8197280115361381,0.015742602161303066,14
WFG3_D14,qNEHVI,18,0.8252546489366221,0.0126887621919313,14
WFG3_D14,qNEHVI,19,0.8141096757016845,0.013382903442749616,14
WFG3_D14,qNEHVI,20,0.8195478132497745,0.014154975504054238,14
WFG3_D14,LC-SAEA,1,0.844508319876284,0.014326909034779643,14
WFG3_D14,LC-SAEA,2,0.7959975450312041,0.01838828068388802,14
WFG3_D14,LC-SAEA,3,0.8292060135156331,0.014299976563322325,14
WFG3_D14,LC-SAEA,4,0.8035230404690346,0.014072777819007351,14
WFG3_D14,LC-SAEA,5,0.8066500939028638,0.015770764333170914,14
WFG3_D14,LC-SAEA,6,0.8374149924501636,0.013156467539417476,14
WFG3_D14,LC-SAEA,7,0.8180385621823202,0.012051079537876593,14
WFG3_D14,LC-SAEA,8,0.8104667994151008,0.017274013740334538,14
WFG3_D14,LC-SAEA,9,0.7953264309893613,0.018117491023054228,14
WFG3_D14,LC-SAEA,10,0.8186163660988978,0.014210043488799999,14
WFG3_D14,LC-SAEA,11,0.8252414534964808,0.01204255278393038,14
WFG3_D14,LC-SAEA,12,0.8326238608855989,0.016403585631193773,14
WFG3_D14,LC-SAEA,13,0.8308369649765069,0.01234625922263048,14
WFG3_D14,LC-SAEA,14,0.8113655944053907,0.015886667970237366,14
WFG3_D14,LC-SAEA,15,0.8224469746847418,0.014152360817020485,14
WFG3_D14,LC-SAEA,16,0.8402267509690848,0.013711654422467502,14
WFG3_D14,LC-SAEA,17,0.7810799264022423,0.0169652130580618,14
WFG3_D14,LC-SAEA,18,0.8259468941566968,0.011898972260498367,14
WFG3_D14,LC-SAEA,19,0.8070715024018077,0.015526324292030703,14
WFG3_D14,LC-SAEA,20,0.8102135869449788,0.011653220216011416,14
WFG3_D14,C-SAEA,1,0.7886719780973923,0.01612714355240389,14
WFG3_D14,C-SAEA,2,0.8041767371849736,0.015725493078089507,14
WFG3_D14,C-SAEA,3,0.8118766680956838,0.015442196415406447,14
WFG3_D14,C-SAEA,4,0.8400632244276861,0.014213535973192533,14
WFG3_D14,C-SAEA,5,0.8118692655057655,0.01608519642319191,14
WFG3_D14,C-SAEA,6,0.8117770611690833,0.015470690324409309,14
WFG3_D14,C-SAEA,7,0.7856193625576341,0.016796020165572162,14
WFG3_D14,C-SAEA,8,0.845108681720616,0.010758998636297614,14
WFG3_D14,C-SAEA,9,0.8174920153438602,0.014257439440912971,14
WFG3_D14,C-SAEA,10,0.7956341070687205,0.015121555829074151,14
WFG3_D14,C-SAEA,11,0.807337210097294,0.014821819051045156,14
WFG3_D14,C-SAEA,12,0.8330668700155295,0.013244342584210348,14
WFG3_D14,C-SAEA,13,0.8121187351871818,0.015971448951060598,14
WFG3_D14,C-SAEA,14,0.8065618939936479,0.014275565349984752,14
WFG3_D14,C-SAEA,15,0.8133431335700113,0.017316497310582435,14
WFG3_D14,C-SAEA,16,0.7780664529949669,0.01818023398259201,14
WFG3_D14,C-SAEA,17,0.7924448406958174,0.01882467157074033,14
WFG3_D14,C-SAEA,18,0.8058691200861502,0.013949278580768,14
WFG3_D14,C-SAEA,19,0.8126043396408418,0.015514401133602645,14
WFG3_D14,C-SAEA,20,0.8384579463413815,0.012351198992263425,14
WFG3_D14,MOEA/D-GP,1,0.7489317521003872,0.020228932836103105,14
WFG3_D14,MOEA/D-GP,2,0.8093031782142741,0.014540660398843778,14
WFG3_D14,MOEA/D-GP,3,0.7881437478293677,0.014881327860379913,14
WFG3_D14,MOEA/D-GP,4,0.7961099013767419,0.01552039420916422,14
WFG3_D14,MOEA/D-GP,5,0.8020951349825126,0.013623458047846263,14
WFG3_D14,MOEA/D-GP,6,0.7685662852150841,0.01683779496391968,14
WFG3_D14,MOEA/D-GP,7,0.7763144940130948,0.01919703323741191,14
WFG3_D14,MOEA/D-GP,8,0.8008241482707292,0.0174648446362159,14
WFG3_D14,MOEA/D-GP,9,0.8087002298612173,0.015485976199388877,14
WFG3_D14,MOEA/D-GP,10,0.8122343454293983,0.013895529303151657,14
WFG3_D14,MOEA/D-GP,11,0.833458977440522,0.0116491396803983,14
WFG3_D14,MOEA/D-GP,12,0.8016208676676556,0.015269314044789732,14
WFG3_D14,MOEA/D-GP,13,0.7921454941726576,0.015475189497034332,14
WFG3_D14,MOEA/D-GP,14,0.7986633951801166,0.01683183056052693,14
WFG3_D14,MOEA/D-GP,15,0.8089511256635634,0.01855504283379318,14
WFG3_D14,MOEA/D-GP,16,0.8118953048594697,0.016100807836648166,14
WFG3_D14,MOEA/D-GP,17,0.7997513360794202,0.02029664978569474,14
WFG3_D14,MOEA/D-GP,18,0.82006077731495,0.014567528061679212,14
WFG3_D14,MOEA/D-GP,19,0.8007906946654382,0.013743411671371612,14
WFG3_D14,MOEA/D-GP,20,0.8134363600635811,0.013941234461483652,14
WFG3_D14,SMS-EGO,1,0.7847828083005426,0.016862381804888426,14
WFG3_D14,SMS-EGO,2,0.7861984972409968,0.016684463252781848,14
WFG3_D14,SMS-EGO,3,0.76327289938391,0.017316343864446422,14
WFG3_D14,SMS-EGO,4,0.8034697690154043,0.0157701517357795,14
WFG3_D14,SMS-EGO,5,0.8005458818946443,0.015833741756193554,14
WFG3_D14,SMS-EGO,6,0.775966408894175,0.017843865197116452,14
WFG3_D14,SMS-EGO,7,0.809873989987043,0.013466126011365157,14
WFG3_D14,SMS-EGO,8,0.796085074173836,0.017396129704477965,14
WFG3_D14,SMS-EGO,9,0.7878837802242383,0.017348577019801803,14
WFG3_D14,SMS-EGO,10,0.7958090662753435,0.020100635598406826,14
WFG3_D14,SMS-EGO,11,0.7781062776600203,0.018104905321912945,14
WFG3_D14,SMS-EGO,12,0.7953092714757711,0.015420343604071367,14
WFG3_D14,SMS-EGO,13,0.7942481639650607,0.017241565171226388,14
WFG3_D14,SMS-EGO,14,0.786166473825008,0.018592695267332933,14
WFG3_D14,SMS-EGO,15,0.7965130506793251,0.01600854255037852,14
WFG3_D14,SMS-EGO,16,0.8152062315602934,0.012404634217612183,14
WFG3_D14,SMS-EGO,17,0.8260842275813005,0.01160228030548245,14
WFG3_D14,SMS-EGO,18,0.8291414207074422,0.015230943013766837,14
WFG3_D14,SMS-EGO,19,0.820682097701597,0.013900068429725453,14
WFG3_D14,SMS-EGO,20,0.795983317677872,0.015157755900601802,14
WFG3_D14,ParEGO,1,0.7846701760681103,0.015979373699935576,14
WFG3_D14,ParEGO,2,0.7968153035214084,0.018239549114398516,14
WFG3_D14,ParEGO,3,0.7787092417331938,0.0181740118675365,14
WFG3_D14,ParEGO,4,0.7874426484957954,0.015696427822061976,14
WFG3_D14,ParEGO,5,0.799177982233044,0.01583546020531945,14
WFG3_D14,ParEGO,6,0.7656634351724738,0.01815927513794856,14
WFG3_D14,ParEGO,7,0.79938443721731,0.014624022092472301,14
WFG3_D14,ParEGO,8,0.761124120892491,0.020325408528902286,14
WFG3_D14,ParEGO,9,0.7801905394470446,0.01631750971687611,14
WFG3_D14,ParEGO,10,0.7996734269876938,0.017821850861025976,14
WFG3_D14,ParEGO,11,0.7680199426632379,0.017273411214052917,14
WFG3_D14,ParEGO,12,0.7784594582915169,0.019298344636203238,14
WFG3_D14,ParEGO,13,0.7700070777716662,0.020036650703041965,14
WFG3_D14,ParEGO,14,0.7916276605431218,0.0179974978708744,14
WFG3_D14,ParEGO,15,0.7847613981990849,0.017955051628911735,14
WFG3_D14,ParEGO,16,0.7958534212782994,0.01642651166264408,14
WFG3_D14,ParEGO,17,0.7520029578093014,0.02192725714933261,14
WFG3_D14,ParEGO,18,0.8290051985407894,0.013166707563396555,14
WFG3_D14,ParEGO,19,0.77774260121041,0.01934578235058804,14
WFG3_D14,ParEGO,20,0.8161486868373049,0.016457156511318283,14
WFG3_D14,HF-NSGA-II,1,0.7798878785312715,0.016232394502161775,14
WFG3_D14,HF-NSGA-II,2,0.7767564601883684,0.016978604150698077,14
WFG3_D14,HF-NSGA-II,3,0.7813079043390305,0.019824718342166037,14
WFG3_D14,HF-NSGA-II,4,0.7553555358592101,0.019855641302793204,14
WFG3_D14,HF-NSGA-II,5,0.7644377075275134,0.020397681933583756,14
WFG3_D14,HF-NSGA-II,6,0.7608780926855662,0.018057939883788215,14
WFG3_D14,HF-NSGA-II,7,0.7354510995654914,0.022542386344267275,14
WFG3_D14,HF-NSGA-II,8,0.7949385009429644,0.018027755915094333,14
WFG3_D14,HF-NSGA-II,9,0.7862872479321157,0.016784588237467535,14
WFG3_D14,HF-NSGA-II,10,0.7655915829664933,0.020699127162406742,14
WFG3_D14,HF-NSGA-II,11,0.7477447436953644,0.020615455803474087,14
WFG3_D14,HF-NSGA-II,12,0.7663688223363879,0.015096798160248746,14
WFG3_D14,HF-NSGA-II,13,0.7925509467361245,0.017028218543976275,14
WFG3_D14,HF-NSGA-II,14,0.7623830770721671,0.015867291178487338,14
WFG3_D14,HF-NSGA-II,15,0.7678108023135736,0.018922818104981816,14
WFG3_D14,HF-NSGA-II,16,0.7919319192849716,0.01503324275730962,14
WFG3_D14,HF-NSGA-II,17,0.7656992015534414,0.01879618805416441,14
WFG3_D14,HF-NSGA-II,18,0.762256196162536,0.018288868268257992,14
WFG3_D14,HF-NSGA-II,19,0.7758649957222293,0.017141130630833876,14
WFG3_D14,HF-NSGA-II,20,0.7772809680672337,0.015597803732419131,14
WFG4_D14,MF-BCL-SAEA,1,0.7977680568646004,0.01708710950908767,14
WFG4_D14,MF-BCL-SAEA,2,0.7748844170162155,0.020202828612267448,14
WFG4_D14,MF-BCL-SAEA,3,0.7837829302192503,0.01728497732601673,14
WFG4_D14,MF-BCL-SAEA,4,0.802594537019931,0.013700900944608095,14
WFG4_D14,MF-BCL-SAEA,5,0.8014390405873905,0.015842942874473458,14
WFG4_D14,MF-BCL-SAEA,6,0.790510176541151,0.0158303293849944,14
WFG4_D14,MF-BCL-SAEA,7,0.7593238510545004,0.018022158297962585,14
WFG4_D14,MF-BCL-SAEA,8,0.7879081133170062,0.015367854981288365,14
WFG4_D14,MF-BCL-SAEA,9,0.7957566905132114,0.01700303063181566,14
WFG4_D14,MF-BCL-SAEA,10,0.8143483458020697,0.0193744587696802,14
WFG4_D14,MF-BCL-SAEA,11,0.8037372000094081,0.016450802350831822,14
WFG4_D14,MF-BCL-SAEA,12,0.7814837336456874,0.017659704222152205,14
WFG4_D14,MF-BCL-SAEA,13,0.794038219238634,0.016185864787456122,14
WFG4_D14,MF-BCL-SAEA,14,0.789856120772998,0.0174880589724881,14
WFG4_D14,MF-BCL-SAEA,15,0.8019228911207702,0.015106812020483388,14
WFG4_D14,MF-BCL-SAEA,16,0.8019768290266895,0.016381713067348973,14
WFG4_D14,MF-BCL-SAEA,17,0.8097102927386048,0.015861167920666663,14
WFG4_D14,MF-BCL-SAEA,18,0.796759657612561,0.015184003088308159,14
WFG4_D14,MF-BCL-SAEA,19,0.791542795395313,0.017517489113276923,14
WFG4_D14,MF-BCL-SAEA,20,0.7905748940717017,0.017019238067270164,14
WFG4_D14,MF-EMTO,1,0.7727791442906964,0.016795715542269267,14
WFG4_D14,MF-EMTO,2,0.7758566491738618,0.019096178566959027,14
WFG4_D14,MF-EMTO,3,0.7672801090619972,0.01649421871698209,14
WFG4_D14,MF-EMTO,4,0.7641947999237426,0.019075100673545967,14
WFG4_D14,MF-EMTO,5,0.7450873025133088,0.021813212563369815,14
WFG4_D14,MF-EMTO,6,0.7350303430994087,0.022234048897113837,14
WFG4_D14,MF-EMTO,7,0.7554541351916089,0.01808660424075387,14
WFG4_D14,MF-EMTO,8,0.761782917611364,0.018116153736597376,14
WFG4_D14,MF-EMTO,9,0.7583591913248248,0.017368050250153422,14
WFG4_D14,MF-EMTO,10,0.7942394650666368,0.014831846049929357,14
WFG4_D14,MF-EMTO,11,0.7929530888783479,0.018348854480791713,14
WFG4_D14,MF-EMTO,12,0.7748391528735403,0.018949162992905097,14
WFG4_D14,MF-EMTO,13,0.7565084074410884,0.01749917241075694,14
WFG4_D14,MF-EMTO,14,0.814035264557122,0.01409904973302792,14
WFG4_D14,MF-EMTO,15,0.769410833349617,0.017361825920628404,14
WFG4_D14,MF-EMTO,16,0.7206510745396266,0.022108166756635326,14
WFG4_D14,MF-EMTO,17,0.7782353700935565,0.018543901294671455,14
WFG4_D14,MF-EMTO,18,0.7661269969011687,0.019385814342416947,14
WFG4_D14,MF-EMTO,19,0.7381938995391227,0.022735174186369892,14
WFG4_D14,MF-EMTO,20,0.7659280795000399,0.016373286053840405,14
WFG4_D14,qNEHVI,1,0.7780369255998775,0.018610445756331667,14
WFG4_D14,qNEHVI,2,0.7970214264395242,0.013844913529820715,14
WFG4_D14,qNEHVI,3,0.7617787090193299,0.019160883115925703,14
WFG4_D14,qNEHVI,4,0.7787550688216723,0.018331882958539027,14
WFG4_D14,qNEHVI,5,0.7713970377861676,0.01766513505123422,14
WFG4_D14,qNEHVI,6,0.7546392832480237,0.020389835205850308,14
WFG4_D14,qNEHVI,7,0.7734442474197635,0.019410129829332892,14
WFG4_D14,qNEHVI,8,0.7802328126911783,0.01658521623515143,14
WFG4_D14,qNEHVI,9,0.773239554357684,0.021191310287363214,14
WFG4_D14,qNEHVI,10,0.7683812753840308,0.018506885423384856,14
WFG4_D14,qNEHVI,11,0.795748316464757,0.017895304161334554,14
WFG4_D14,qNEHVI,12,0.7625880665755629,0.01999983015959694,14
WFG4_D14,qNEHVI,13,0.7570804350634216,0.017373523779242315,14
WFG4_D14,qNEHVI,14,0.7834526470499162,0.018280775359673113,14
WFG4_D14,qNEHVI,15,0.7908666806407969,0.014306884935253065,14
WFG4_D14,qNEHVI,16,0.7676734384262469,0.018119257957060188,14
WFG4_D14,qNEHVI,17,0.7791514324565726,0.017106977850287593,14
WFG4_D14,qNEHVI,18,0.7665836699956864,0.020180390626426164,14
WFG4_D14,qNEHVI,19,0.781276471797766,0.016832530815683658,14
WFG4_D14,qNEHVI,20,0.7677139008741768,0.01714021092438509,14
WFG4_D14,LC-SAEA,1,0.7688574345352238,0.018474513352253714,14
WFG4_D14,LC-SAEA,2,0.7605695519838409,0.018842493202996552,14
WFG4_D14,LC-SAEA,3,0.7523499597597959,0.0189431016700287,14
WFG4_D14,LC-SAEA,4,0.7954273585999314,0.012547848324588377,14
WFG4_D14,LC-SAEA,5,0.7583829287437927,0.0168952733836581,14
WFG4_D14,LC-SAEA,6,0.7774512178541001,0.01757106317103752,14
WFG4_D14,LC-SAEA,7,0.7557103601223613,0.0224763169376597,14
WFG4_D14,LC-SAEA,8,0.7558254943680343,0.018964980458607058,14
WFG4_D14,LC-SAEA,9,0.7370186654737535,0.021123022005245014,14
WFG4_D14,LC-SAEA,10,0.7438448291982326,0.02408039743077727,14
WFG4_D14,LC-SAEA,11,0.7474500479419267,0.021320914111010312,14
WFG4_D14,LC-SAEA,12,0.7688792986626484,0.018962442042942118,14
WFG4_D14,LC-SAEA,13,0.7516506697907364,0.023104154419690024,14
WFG4_D14,LC-SAEA,14,0.7598666194705956,0.022705544512336442,14
WFG4_D14,LC-SAEA,15,0.7778863442644288,0.017343760420335343,14
WFG4_D14,LC-SAEA,16,0.7670553708134914,0.018725374362545608,14
WFG4_D14,LC-SAEA,17,0.7479788021634993,0.019115065073640407,14
WFG4_D14,LC-SAEA,18,0.7550534174196232,0.018607092293055325,14
WFG4_D14,LC-SAEA,19,0.7730429937033931,0.016585958875443653,14
WFG4_D14,LC-SAEA,20,0.7682927618653526,0.020575021555429823,14
WFG4_D14,C-SAEA,1,0.759610639762957,0.018982029743665304,14
WFG4_D14,C-SAEA,2,0.7356805948603233,0.01738221445378748,14
WFG4_D14,C-SAEA,3,0.7604272846895211,0.02110567825582401,14
WFG4_D14,C-SAEA,4,0.7639464590446223,0.017289711145126004,14
WFG4_D14,C-SAEA,5,0.7807155022416651,0.018697198103253466,14
WFG4_D14,C-SAEA,6,0.764724392298972,0.02207423104067765,14
WFG4_D14,C-SAEA,7,0.7432904685617109,0.020750435801766234,14
WFG4_D14,C-SAEA,8,0.7608460601968957,0.018604444486309313,14
WFG4_D14,C-SAEA,9,0.7701343477516044,0.02153416470877588,14
WFG4_D14,C-SAEA,10,0.7518596569534866,0.01958353139511621,14
WFG4_D14,C-SAEA,11,0.7688458097064049,0.017570681796408163,14
WFG4_D14,C-SAEA,12,0.755369468834562,0.02221541623230447,14
WFG4_D14,C-SAEA,13,0.7345944531580306,0.023185865978058808,14
WFG4_D14,C-SAEA,14,0.751281320056373,0.024461283116387185,14
WFG4_D14,C-SAEA,15,0.7270834904424015,0.020652943179559246,14
WFG4_D14,C-SAEA,16,0.755846409228275,0.021006955981635374,14
WFG4_D14,C-SAEA,17,0.7671713021532455,0.016631582487583063,14
WFG4_D14,C-SAEA,18,0.7948951064362423,0.01636138645116325,14
WFG4_D14,C-SAEA,19,0.7225539471264978,0.022924250035010824,14
WFG4_D14,C-SAEA,20,0.7333353428070466,0.02129171516522824,14
WFG4_D14,MOEA/D-GP,1,0.7552712376217955,0.021979345712328624,14
WFG4_D14,MOEA/D-GP,2,0.7660920915712297,0.018996719913055966,14
WFG4_D14,MOEA/D-GP,3,0.7245356457775869,0.021858513466502753,14
WFG4_D14,MOEA/D-GP,4,0.738968591662108,0.024000134628715808,14
WFG4_D14,MOEA/D-GP,5,0.7310821090986385,0.02073736901006452,14
WFG4_D14,MOEA/D-GP,6,0.748776913561302,0.02129442081255027,14
WFG4_D14,MOEA/D-GP,7,0.7331407942802561,0.02225919049102242,14
WFG4_D14,MOEA/D-GP,8,0.750046855840795,0.020260189494888788,14
WFG4_D14,MOEA/D-GP,9,0.7341990917746077,0.021138909657166638,14
WFG4_D14,MOEA/D-GP,10,0.7497130568518534,0.01993111315449536,14
WFG4_D14,MOEA/D-GP,11,0.7634877144627138,0.018418004504778717,14
WFG4_D14,MOEA/D-GP,12,0.7400477856009495,0.02004686292837941,14
WFG4_D14,MOEA/D-GP,13,0.7299411486613723,0.025739576180029047,14
WFG4_D14,MOEA/D-GP,14,0.7655409240592016,0.01963199885568783,14
WFG4_D14,MOEA/D-GP,15,0.7236011946754015,0.02249343854123218,14
WFG4_D14,MOEA/D-GP,16,0.7714270553006336,0.01749587803196058,14
WFG4_D14,MOEA/D-GP,17,0.7466140814628249,0.01894468899589993,14
WFG4_D14,MOEA/D-GP,18,0.7420422686861162,0.02001902887407243,14
WFG4_D14,MOEA/D-GP,19,0.7440508907450122,0.02123082208228768,14
WFG4_D14,MOEA/D-GP,20,0.731729511178847,0.02033941813165372,14
WFG4_D14,SMS-EGO,1,0.7141586452251584,0.021449197405919416,14
WFG4_D14,SMS-EGO,2,0.7431367546115862,0.022236072872878754,14
WFG4_D14,SMS-EGO,3,0.7202488602930049,0.026615107771030818,14
WFG4_D14,SMS-EGO,4,0.7228055073397724,0.021988721778855243,14
WFG4_D14,SMS-EGO,5,0.7290523220623191,0.020015315601788475,14
WFG4_D14,SMS-EGO,6,0.7719271929075728,0.01735406019016691,14
WFG4_D14,SMS-EGO,7,0.7131213665447471,0.024803088192281705,14
WFG4_D14,SMS-EGO,8,0.7233445973872568,0.024064510681469226,14
WFG4_D14,SMS-EGO,9,0.7364187919448387,0.02236264699135528,14
WFG4_D14,SMS-EGO,10,0.7695981001094595,0.019001975205879207,14
WFG4_D14,SMS-EGO,11,0.7533453706327182,0.018334572792919276,14
WFG4_D14,SMS-EGO,12,0.7410318283858808,0.019945552255827594,14
WFG4_D14,SMS-EGO,13,0.7202423057713677,0.020067575449752552,14
WFG4_D14,SMS-EGO,14,0.7492235581021466,0.022989799920510322,14
WFG4_D14,SMS-EGO,15,0.7442848163752345,0.02014285587317348,14
WFG4_D14,SMS-EGO,16,0.7370512540356433,0.021401419516931405,14
WFG4_D14,SMS-EGO,17,0.7111845082475604,0.02192008612981572,14
WFG4_D14,SMS-EGO,18,0.7585207443582366,0.021942023756493435,14
WFG4_D14,SMS-EGO,19,0.7243211520776665,0.022887384682748986,14
WFG4_D14,SMS-EGO,20,0.7700351061217431,0.017026713846909215,14
WFG4_D14,ParEGO,1,0.738176474867372,0.022451099732433775,14
WFG4_D14,ParEGO,2,0.7200600051081346,0.023994951397353904,14
WFG4_D14,ParEGO,3,0.7336999022591731,0.02125833117337191,14
WFG4_D14,ParEGO,4,0.7272770693630652,0.020830494386590348,14
WFG4_D14,ParEGO,5,0.737849761259394,0.021045762592024553,14
WFG4_D14,ParEGO,6,0.7379886529799283,0.022658331365907666,14
WFG4_D14,ParEGO,7,0.7299956832484509,0.023859639157551054,14
WFG4_D14,ParEGO,8,0.7113570884754252,0.02368205507944394,14
WFG4_D14,ParEGO,9,0.7221086630471104,0.023088776825465316,14
WFG4_D14,ParEGO,10,0.7356083368072607,0.02096767909960846,14
WFG4_D14,ParEGO,11,0.7355523162703063,0.02020784699426037,14
WFG4_D14,ParEGO,12,0.7096755452202691,0.02230320828613054,14
WFG4_D14,ParEGO,13,0.7389843208777831,0.02019954259144018,14
WFG4_D14,ParEGO,14,0.7367278105836591,0.019500273910085467,14
WFG4_D14,ParEGO,15,0.7246578395979283,0.021115945495476726,14
WFG4_D14,ParEGO,16,0.7036491539322415,0.02421656762348644,14
WFG4_D14,ParEGO,17,0.7103316791311399,0.023074857216824403,14
WFG4_D14,ParEGO,18,0.7292686846886958,0.021942901124910097,14
WFG4_D14,ParEGO,19,0.7214679764075554,0.022147148760847574,14
WFG4_D14,ParEGO,20,0.6848022899049808,0.02298698502621773,14
WFG4_D14,HF-NSGA-II,1,0.707339401519925,0.022646667897956524,14
WFG4_D14,HF-NSGA-II,2,0.7374054634717935,0.021813478785170357,14
WFG4_D14,HF-NSGA-II,3,0.7133911499676227,0.022999781464831465,14
WFG4_D14,HF-NSGA-II,4,0.7035232150254165,0.02159265042700338,14
WFG4_D14,HF-NSGA-II,5,0.6987332951901352,0.024739725112348173,14
WFG4_D14,HF-NSGA-II,6,0.7259850544234684,0.020497681122958574,14
WFG4_D14,HF-NSGA-II,7,0.7006849421089574,0.02607425051711844,14
WFG4_D14,HF-NSGA-II,8,0.7252658067289078,0.021696591647252194,14
WFG4_D14,HF-NSGA-II,9,0.7237698801298214,0.01881074761239828,14
WFG4_D14,HF-NSGA-II,10,0.7068471218378006,0.023139560262139675,14
WFG4_D14,HF-NSGA-II,11,0.7393235910062886,0.02037513620832196,14
WFG4_D14,HF-NSGA-II,12,0.6994271811882099,0.02378513187323283,14
WFG4_D14,HF-NSGA-II,13,0.7368840456253459,0.018610418530727472,14
WFG4_D14,HF-NSGA-II,14,0.718182251335704,0.022458704449422665,14
WFG4_D14,HF-NSGA-II,15,0.6883131612574446,0.024128096501948273,14
WFG4_D14,HF-NSGA-II,16,0.7085340097487266,0.022687957506650185,14
WFG4_D14,HF-NSGA-II,17,0.7228912571015846,0.023100545610673096,14
WFG4_D14,HF-NSGA-II,18,0.7095955503265023,0.022595920267678902,14
WFG4_D14,HF-NSGA-II,19,0.7072341484200044,0.020834136453771194,14
WFG4_D14,HF-NSGA-II,20,0.7140953078824825,0.02312201402792404,14
WFG5_D14,MF-BCL-SAEA,1,0.7486508394950617,0.016242312085711925,14
WFG5_D14,MF-BCL-SAEA,2,0.7223274520785621,0.024037181125251956,14
WFG5_D14,MF-BCL-SAEA,3,0.7429730748500868,0.019138373038575393,14
WFG5_D14,MF-BCL-SAEA,4,0.7375845803352934,0.02042377256086473,14
WFG5_D14,MF-BCL-SAEA,5,0.7348181274531377,0.02111835570792032,14
WFG5_D14,MF-BCL-SAEA,6,0.7258221530939049,0.025681318439660497,14
WFG5_D14,MF-BCL-SAEA,7,0.7319858546957831,0.022796910112884487,14
WFG5_D14,MF-BCL-SAEA,8,0.71327014607562,0.023766580103747197,14
WFG5_D14,MF-BCL-SAEA,9,0.7445419795936876,0.02125279140346907,14
WFG5_D14,MF-BCL-SAEA,10,0.7415849740899434,0.021330632991289414,14
WFG5_D14,MF-BCL-SAEA,11,0.7626310166153045,0.018895024902897142,14
WFG5_D14,MF-BCL-SAEA,12,0.7315561167612551,0.01988309654404349,14
WFG5_D14,MF-BCL-SAEA,13,0.7166047428102839,0.023836772611176872,14
WFG5_D14,MF-BCL-SAEA,14,0.7277047665000332,0.021213136627708185,14
WFG5_D14,MF-BCL-SAEA,15,0.7349040521680426,0.021554588618869445,14
WFG5_D14,MF-BCL-SAEA,16,0.7549550398548351,0.0207815853948482,14
WFG5_D14,MF-BCL-SAEA,17,0.7174042196338865,0.02137772195851087,14
WFG5_D14,MF-BCL-SAEA,18,0.7233470715234558,0.022897178203750423,14
WFG5_D14,MF-BCL-SAEA,19,0.7362859691998515,0.021788068749365907,14
WFG5_D14,MF-BCL-SAEA,20,0.7350225780460573,0.021205061157808906,14
WFG5_D14,MF-EMTO,1,0.7085501858973015,0.022738283794762768,14
WFG5_D14,MF-EMTO,2,0.7273626400834516,0.02213262095625827,14
WFG5_D14,MF-EMTO,3,0.711655906410917,0.023649997193529955,14
WFG5_D14,MF-EMTO,4,0.7012166222006488,0.026646291137421094,14
WFG5_D14,MF-EMTO,5,0.7342972611546646,0.020973204227409673,14
WFG5_D14,MF-EMTO,6,0.6994192276135582,0.023599576843161135,14
WFG5_D14,MF-EMTO,7,0.706956337675273,0.02186320339273061,14
WFG5_D14,MF-EMTO,8,0.7014724265452634,0.026536217461951117,14
WFG5_D14,MF-EMTO,9,0.6946565674460071,0.024529239364016863,14
WFG5_D14,MF-EMTO,10,0.7140218051504207,0.023131196284302647,14
WFG5_D14,MF-EMTO,11,0.7044727152893236,0.024871935581962667,14
WFG5_D14,MF-EMTO,12,0.7312070043386975,0.019576991392793675,14
WFG5_D14,MF-EMTO,13,0.698222644755013,0.025751574197191093,14
WFG5_D14,MF-EMTO,14,0.7604342246281187,0.018173690705117804,14
WFG5_D14,MF-EMTO,15,0.7339786935718935,0.019357342314322658,14
WFG5_D14,MF-EMTO,16,0.6845234856092913,0.026109638136432033,14
WFG5_D14,MF-EMTO,17,0.7021265692456771,0.024686727390301262,14
WFG5_D14,MF-EMTO,18,0.7101384994111714,0.022686470922234917,14
WFG5_D14,MF-EMTO,19,0.720878473191798,0.02188391947508307,14
WFG5_D14,MF-EMTO,20,0.7253085603481391,0.02206143018687508,14
WFG5_D14,qNEHVI,1,0.7029577457840109,0.02254456446768632,14
WFG5_D14,qNEHVI,2,0.709970827113085,0.023653902490686503,14
WFG5_D14,qNEHVI,3,0.7080556245874482,0.023890300002148125,14
WFG5_D14,qNEHVI,4,0.7068469782781707,0.022006164506726867,14
WFG5_D14,qNEHVI,5,0.7349953418194926,0.020723486428568708,14
WFG5_D14,qNEHVI,6,0.7194551374143328,0.020196161859539673,14
WFG5_D14,qNEHVI,7,0.6978122470675994,0.02794861954307984,14
WFG5_D14,qNEHVI,8,0.7101633286709423,0.021776562225539756,14
WFG5_D14,qNEHVI,9,0.6849722773912599,0.02463044562782589,14
WFG5_D14,qNEHVI,10,0.7189638787499252,0.022024216308880677,14
WFG5_D14,qNEHVI,11,0.709065461017924,0.022120020653275403,14
WFG5_D14,qNEHVI,12,0.702498325122065,0.022917293282601555,14
WFG5_D14,qNEHVI,13,0.7080285786563526,0.02090198463751805,14
WFG5_D14,qNEHVI,14,0.7565732296761447,0.018765864898230435,14
WFG5_D14,qNEHVI,15,0.7513333369145858,0.020400752081168986,14
WFG5_D14,qNEHVI,16,0.7130629630405306,0.026161529510908603,14
WFG5_D14,qNEHVI,17,0.6911396041069029,0.02320965405759656,14
WFG5_D14,qNEHVI,18,0.7064054685187169,0.02264279175016138,14
WFG5_D14,qNEHVI,19,0.7274497684542572,0.020452446227278077,14
WFG5_D14,qNEHVI,20,0.7221241732754692,0.02045895054426946,14
WFG5_D14,LC-SAEA,1,0.7196730902952552,0.023049963443283927,14
WFG5_D14,LC-SAEA,2,0.7022985476433913,0.024428738348708963,14
WFG5_D14,LC-SAEA,3,0.697154016410972,0.025568585827216054,14
WFG5_D14,LC-SAEA,4,0.6774788751903792,0.025568179893644148,14
WFG5_D14,LC-SAEA,5,0.6913776806736933,0.024633965063019108,14
WFG5_D14,LC-SAEA,6,0.6966106021257463,0.024335334824005326,14
WFG5_D14,LC-SAEA,7,0.6837431609962045,0.02496068921832577,14
WFG5_D14,LC-SAEA,8,0.7157632454715952,0.02257488777430628,14
WFG5_D14,LC-SAEA,9,0.7239290278647582,0.021239386672800623,14
WFG5_D14,LC-SAEA,10,0.7133287702752772,0.02146057594219541,14
WFG5_D14,LC-SAEA,11,0.7023741409962272,0.02307034147246864,14
WFG5_D14,LC-SAEA,12,0.7252876754359956,0.02177810906917674,14
WFG5_D14,LC-SAEA,13,0.7016780634946971,0.0258213163842671,14
WFG5_D14,LC-SAEA,14,0.7185698226150021,0.022468421304459224,14
WFG5_D14,LC-SAEA,15,0.7005576502947964,0.024118686655809664,14
WFG5_D14,LC-SAEA,16,0.6924578724655105,0.022517662881619934,14
WFG5_D14,LC-SAEA,17,0.6777718897040359,0.021592457169747007,14
WFG5_D14,LC-SAEA,18,0.7278765616865167,0.021591234586890034,14
WFG5_D14,LC-SAEA,19,0.7150394950366195,0.023180908983933962,14
WFG5_D14,LC-SAEA,20,0.6679063939416834,0.025867061149100833,14
WFG5_D14,C-SAEA,1,0.719682587332328,0.024064541491260576,14
WFG5_D14,C-SAEA,2,0.7139661917461028,0.024422468960056978,14
WFG5_D14,C-SAEA,3,0.7220241054602028,0.023362439579347635,14
WFG5_D14,C-SAEA,4,0.6872655787085195,0.024141935361791298,14
WFG5_D14,C-SAEA,5,0.7134925375360484,0.021566388141294687,14
WFG5_D14,C-SAEA,6,0.7141184052978536,0.022799718079557302,14
WFG5_D14,C-SAEA,7,0.6884082137159326,0.02672421749388597,14
WFG5_D14,C-SAEA,8,0.6679834627962454,0.028303957664264717,14
WFG5_D14,C-SAEA,9,0.6921522081521527,0.022285031977392972,14
WFG5_D14,C-SAEA,10,0.705045746997864,0.02416578439586714,14
WFG5_D14,C-SAEA,11,0.7011868614957992,0.023364627348919705,14
WFG5_D14,C-SAEA,12,0.6956251551260748,0.02558637841894805,14
WFG5_D14,C-SAEA,13,0.6771418253662957,0.02935410038166787,14
WFG5_D14,C-SAEA,14,0.7011754555588539,0.023797734593796773,14
WFG5_D14,C-SAEA,15,0.6876436612627835,0.025040508357802124,14
WFG5_D14,C-SAEA,16,0.6950782616255367,0.02741454666198013,14
WFG5_D14,C-SAEA,17,0.694375464361653,0.0237900332555309,14
WFG5_D14,C-SAEA,18,0.6780644128395801,0.028797320516922117,14
WFG5_D14,C-SAEA,19,0.7333493525070865,0.021492694945708834,14
WFG5_D14,C-SAEA,20,0.7339489902518515,0.020087423976751364,14
WFG5_D14,MOEA/D-GP,1,0.7013302290180159,0.023352097638056145,14
WFG5_D14,MOEA/D-GP,2,0.6792200819497888,0.025425009497775385,14
WFG5_D14,MOEA/D-GP,3,0.7011454891850067,0.025172313578098172,14
WFG5_D14,MOEA/D-GP,4,0.678358562056052,0.02278761561436444,14
WFG5_D14,MOEA/D-GP,5,0.7042030697583195,0.022102309396545332,14
WFG5_D14,MOEA/D-GP,6,0.6805698167088792,0.025835797343253572,14
WFG5_D14,MOEA/D-GP,7,0.6928955617256618,0.026517604463704467,14
WFG5_D14,MOEA/D-GP,8,0.6777898470615519,0.024554556239678393,14
WFG5_D14,MOEA/D-GP,9,0.6928683122255175,0.024427450794467537,14
WFG5_D14,MOEA/D-GP,10,0.7030974659997928,0.025133053920774667,14
WFG5_D14,MOEA/D-GP,11,0.7071709498807391,0.025110114812804254,14
WFG5_D14,MOEA/D-GP,12,0.721004037771913,0.018885409705724398,14
WFG5_D14,MOEA/D-GP,13,0.6818837175469193,0.025007385243080146,14
WFG5_D14,MOEA/D-GP,14,0.6991332878021782,0.024653733310872897,14
WFG5_D14,MOEA/D-GP,15,0.6809147387775358,0.0282369055417476,14
WFG5_D14,MOEA/D-GP,16,0.6760471777610625,0.023522349363673756,14
WFG5_D14,MOEA/D-GP,17,0.6849836831118911,0.025441531813452753,14
WFG5_D14,MOEA/D-GP,18,0.6900881465843435,0.02484589559248027,14
WFG5_D14,MOEA/D-GP,19,0.6816119930318754,0.026968913614826548,14
WFG5_D14,MOEA/D-GP,20,0.7023090027799045,0.02481632506955423,14
WFG5_D14,SMS-EGO,1,0.6938827507821529,0.02384073260820621,14
WFG5_D14,SMS-EGO,2,0.6750346137725511,0.02560614272304812,14
WFG5_D14,SMS-EGO,3,0.6842894114885698,0.02764296261680451,14
WFG5_D14,SMS-EGO,4,0.6823687666679902,0.02598672384411917,14
WFG5_D14,SMS-EGO,5,0.6958321017216375,0.02191443991169117,14
WFG5_D14,SMS-EGO,6,0.6934615713562229,0.024255069407236454,14
WFG5_D14,SMS-EGO,7,0.6694398097958291,0.025596461162559016,14
WFG5_D14,SMS-EGO,8,0.6653380173317172,0.02632224685570405,14
WFG5_D14,SMS-EGO,9,0.6501330700496182,0.027375891136578324,14
WFG5_D14,SMS-EGO,10,0.6867245758855318,0.022415525940032648,14
WFG5_D14,SMS-EGO,11,0.682053674932325,0.026733268913085285,14
WFG5_D14,SMS-EGO,12,0.6963528022184802,0.025398745936449845,14
WFG5_D14,SMS-EGO,13,0.6928530128764905,0.026618883135644547,14
WFG5_D14,SMS-EGO,14,0.7041680070228924,0.01918043047609712,14
WFG5_D14,SMS-EGO,15,0.6921304854066045,0.02277275995151472,14
WFG5_D14,SMS-EGO,16,0.6530560479883111,0.025674608445541425,14
WFG5_D14,SMS-EGO,17,0.6596162030439403,0.029441643697772583,14
WFG5_D14,SMS-EGO,18,0.6746747937921752,0.026004884351467156,14
WFG5_D14,SMS-EGO,19,0.7049039928653775,0.024082071809787817,14
WFG5_D14,SMS-EGO,20,0.6734585405250622,0.026894291830230666,14
WFG5_D14,ParEGO,1,0.6917060021538602,0.026122372471182546,14
WFG5_D14,ParEGO,2,0.6990121122606113,0.024330979838641312,14
WFG5_D14,ParEGO,3,0.6630992977377232,0.025642450956482085,14
WFG5_D14,ParEGO,4,0.6665223775785312,0.024462109151478756,14
WFG5_D14,ParEGO,5,0.6766043216422667,0.025532085728219814,14
WFG5_D14,ParEGO,6,0.6889068401966517,0.023812497131337124,14
WFG5_D14,ParEGO,7,0.6757295820255345,0.025955463882111958,14
WFG5_D14,ParEGO,8,0.6788793121860617,0.025443031306511838,14
WFG5_D14,ParEGO,9,0.6546033218351133,0.029290559922945544,14
WFG5_D14,ParEGO,10,0.6993919213724563,0.02631514378959345,14
WFG5_D14,ParEGO,11,0.6780377510038404,0.023845795149743217,14
WFG5_D14,ParEGO,12,0.6686141442428615,0.026772591863661856,14
WFG5_D14,ParEGO,13,0.6711367587043731,0.02439259210650142,14
WFG5_D14,ParEGO,14,0.6613654620580873,0.027402409683067848,14
WFG5_D14,ParEGO,15,0.6713843158027843,0.026317487673532605,14
WFG5_D14,ParEGO,16,0.6612471148742317,0.030260832614825768,14
WFG5_D14,ParEGO,17,0.6726510214900138,0.027742357667987973,14
WFG5_D14,ParEGO,18,0.6788025268610461,0.02441928416578058,14
WFG5_D14,ParEGO,19,0.6747379479176367,0.026135575822889587,14
WFG5_D14,ParEGO,20,0.6704327326200596,0.02561043391553083,14
WFG5_D14,HF-NSGA-II,1,0.6501879486049589,0.028094551128252557,14
WFG5_D14,HF-NSGA-II,2,0.6562585857491314,0.028614031891230844,14
WFG5_D14,HF-NSGA-II,3,0.6567637348021959,0.029191541625383753,14
WFG5_D14,HF-NSGA-II,4,0.6270101991345809,0.03044257589297865,14
WFG5_D14,HF-NSGA-II,5,0.6762666754256631,0.027934433947685623,14
WFG5_D14,HF-NSGA-II,6,0.6574439470627303,0.02797031516630668,14
WFG5_D14,HF-NSGA-II,7,0.6987601098103767,0.022434850019992333,14
WFG5_D14,HF-NSGA-II,8,0.6554641919733852,0.027904224270918723,14
WFG5_D14,HF-NSGA-II,9,0.6505940702271605,0.025499106653397618,14
WFG5_D14,HF-NSGA-II,10,0.6392668762591863,0.02832853126765407,14
WFG5_D14,HF-NSGA-II,11,0.6845008760420582,0.021437187143392118,14
WFG5_D14,HF-NSGA-II,12,0.6597861589145322,0.026465994556281312,14
WFG5_D14,HF-NSGA-II,13,0.6687800623804168,0.026134089813915688,14
WFG5_D14,HF-NSGA-II,14,0.6702925951222719,0.02763412982793529,14
WFG5_D14,HF-NSGA-II,15,0.671824760088264,0.02759414692178646,14
WFG5_D14,HF-NSGA-II,16,0.6672432708362273,0.025294093900761934,14
WFG5_D14,HF-NSGA-II,17,0.6620947032493251,0.0276257075513065,14
WFG5_D14,HF-NSGA-II,18,0.6658409866801978,0.024239427161207295,14
WFG5_D14,HF-NSGA-II,19,0.6624558024886577,0.025015704368978424,14
WFG5_D14,HF-NSGA-II,20,0.6718324730278392,0.026187651291926094,14
WFG6_D14,MF-BCL-SAEA,1,0.7114472638385966,0.022408509107372625,14
WFG6_D14,MF-BCL-SAEA,2,0.69606450863805,0.025412217838732026,14
WFG6_D14,MF-BCL-SAEA,3,0.6972240989992796,0.023407865438560275,14
WFG6_D14,MF-BCL-SAEA,4,0.705641512831473,0.022538027748075253,14
WFG6_D14,MF-BCL-SAEA,5,0.7105446689320756,0.02095820305601515,14
WFG6_D14,MF-BCL-SAEA,6,0.7045271283424481,0.022974872085221452,14
WFG6_D14,MF-BCL-SAEA,7,0.6878128650549741,0.025833764487031032,14
WFG6_D14,MF-BCL-SAEA,8,0.6985293255048294,0.023596139801860393,14
WFG6_D14,MF-BCL-SAEA,9,0.6983294949361214,0.025175674687593456,14
WFG6_D14,MF-BCL-SAEA,10,0.6874624889957027,0.024220536223189284,14
WFG6_D14,MF-BCL-SAEA,11,0.6810118849519896,0.026866066640672887,14
WFG6_D14,MF-BCL-SAEA,12,0.6839423428796346,0.02392994144103729,14
WFG6_D14,MF-BCL-SAEA,13,0.681299464103362,0.02485243596392357,14
WFG6_D14,MF-BCL-SAEA,14,0.6969609833310163,0.023801770323129787,14
WFG6_D14,MF-BCL-SAEA,15,0.6847874544495575,0.02526636638056301,14
WFG6_D14,MF-BCL-SAEA,16,0.7046454565293788,0.024103211720582256,14
WFG6_D14,MF-BCL-SAEA,17,0.6972236588964701,0.02513765482872147,14
WFG6_D14,MF-BCL-SAEA,18,0.7111389345482968,0.022365828120298904,14
WFG6_D14,MF-BCL-SAEA,19,0.7094888466360871,0.02387488730416586,14
WFG6_D14,MF-BCL-SAEA,20,0.6941859957153554,0.026136199256630296,14
WFG6_D14,MF-EMTO,1,0.6667769511394673,0.02801259579894394,14
WFG6_D14,MF-EMTO,2,0.7002843441572618,0.021782023718347903,14
WFG6_D14,MF-EMTO,3,0.6871443370839722,0.022385318060450448,14
WFG6_D14,MF-EMTO,4,0.6854933702893796,0.02723080083282995,14
WFG6_D14,MF-EMTO,5,0.6589878994322276,0.027215342407928268,14
WFG6_D14,MF-EMTO,6,0.6895623136869847,0.02616813681679976,14
WFG6_D14,MF-EMTO,7,0.6842166620839927,0.023091794962492015,14
WFG6_D14,MF-EMTO,8,0.670123876827907,0.02488502469798173,14
WFG6_D14,MF-EMTO,9,0.6662729783125605,0.02574810533216403,14
WFG6_D14,MF-EMTO,10,0.6758507770561456,0.025263711733055347,14
WFG6_D14,MF-EMTO,11,0.6791182090547155,0.026097992257842824,14
WFG6_D14,MF-EMTO,12,0.6824877413766438,0.027903162592763247,14
WFG6_D14,MF-EMTO,13,0.6850021482151786,0.02360087691415345,14
WFG6_D14,MF-EMTO,14,0.685596140073666,0.02485013244601158,14
WFG6_D14,MF-EMTO,15,0.6668728572248263,0.02641247617679346,14
WFG6_D14,MF-EMTO,16,0.6663884386516264,0.024419564768178623,14
WFG6_D14,MF-EMTO,17,0.7018228410486167,0.0248809824470371,14
WFG6_D14,MF-EMTO,18,0.6790919231688968,0.025818727643726152,14
WFG6_D14,MF-EMTO,19,0.6901399395262854,0.025909440241711157,14
WFG6_D14,MF-EMTO,20,0.6684585225780277,0.02987642488735125,14
WFG6_D14,qNEHVI,1,0.6814567238239267,0.025153943203158138,14
WFG6_D14,qNEHVI,2,0.6668729004044134,0.027521417051639106,14
WFG6_D14,qNEHVI,3,0.6699619551263911,0.02549768653418847,14
WFG6_D14,qNEHVI,4,0.6795283521735357,0.022462417275511404,14
WFG6_D14,qNEHVI,5,0.6489816886875973,0.027232571567768652,14
WFG6_D14,qNEHVI,6,0.6822983690119148,0.0241047697841254,14
WFG6_D14,qNEHVI,7,0.6855459515891962,0.026685416800347483,14
WFG6_D14,qNEHVI,8,0.6814424143407414,0.02435402874884658,14
WFG6_D14,qNEHVI,9,0.6845329824232567,0.02636035217520597,14
WFG6_D14,qNEHVI,10,0.6975777249570632,0.023147776367172024,14
WFG6_D14,qNEHVI,11,0.6676872530491734,0.030318978917946143,14
WFG6_D14,qNEHVI,12,0.7061215714384981,0.027015082006009977,14
WFG6_D14,qNEHVI,13,0.6668994853485142,0.02855186091184583,14
WFG6_D14,qNEHVI,14,0.6583862953745346,0.025170855364385385,14
WFG6_D14,qNEHVI,15,0.6807515931774151,0.02628074536732365,14
WFG6_D14,qNEHVI,16,0.6647478649699288,0.025645845449915605,14
WFG6_D14,qNEHVI,17,0.6711749027369993,0.027135602942879384,14
WFG6_D14,qNEHVI,18,0.6781500121181041,0.026189134960869772,14
WFG6_D14,qNEHVI,19,0.6720480300719848,0.024253064863594374,14
WFG6_D14,qNEHVI,20,0.6874674406809078,0.025099101538890847,14
WFG6_D14,LC-SAEA,1,0.650967472398122,0.02751998550766099,14
WFG6_D14,LC-SAEA,2,0.6896589701979434,0.027384034519697002,14
WFG6_D14,LC-SAEA,3,0.6670777915124981,0.028966835424932995,14
WFG6_D14,LC-SAEA,4,0.6666714385297233,0.024361158255949828,14
WFG6_D14,LC-SAEA,5,0.6840932259194811,0.02503865364041507,14
WFG6_D14,LC-SAEA,6,0.6985846393677075,0.023298489259152864,14
WFG6_D14,LC-SAEA,7,0.6607343496481785,0.027829931363768493,14
WFG6_D14,LC-SAEA,8,0.6618541203881771,0.02660384182216502,14
WFG6_D14,LC-SAEA,9,0.6412584505744645,0.029334240643085166,14
WFG6_D14,LC-SAEA,10,0.6559760388577626,0.027759538923219855,14
WFG6_D14,LC-SAEA,11,0.6466591184589504,0.026805079092815355,14
WFG6_D14,LC-SAEA,12,0.6888361889913871,0.025901826199972628,14
WFG6_D14,LC-SAEA,13,0.6457921272560458,0.029079535325914695,14
WFG6_D14,LC-SAEA,14,0.6400654333276714,0.027177714231325593,14
WFG6_D14,LC-SAEA,15,0.6693745279224361,0.028215979857644576,14
WFG6_D14,LC-SAEA,16,0.6637161122760085,0.0237428817247152,14
WFG6_D14,LC-SAEA,17,0.6698193447412424,0.026271987641484813,14
WFG6_D14,LC-SAEA,18,0.6743011335076021,0.025046899635058684,14
WFG6_D14,LC-SAEA,19,0.6780640574315085,0.02856723086141973,14
WFG6_D14,LC-SAEA,20,0.6712244462056455,0.02724885203314524,14
WFG6_D14,C-SAEA,1,0.635354843643476,0.027541314786717633,14
WFG6_D14,C-SAEA,2,0.6857881109368278,0.02384030530812461,14
WFG6_D14,C-SAEA,3,0.6839943830006259,0.027470499270719935,14
WFG6_D14,C-SAEA,4,0.6668665728831059,0.025336691850728885,14
WFG6_D14,C-SAEA,5,0.654377386082671,0.02440528795769476,14
WFG6_D14,C-SAEA,6,0.673019558331209,0.023142904022404213,14
WFG6_D14,C-SAEA,7,0.6418346150806219,0.02986822107300779,14
WFG6_D14,C-SAEA,8,0.6552984432780165,0.029763992358015363,14
WFG6_D14,C-SAEA,9,0.6575291761483711,0.027460825962461192,14
WFG6_D14,C-SAEA,10,0.6441431329553812,0.029319755913580423,14
WFG6_D14,C-SAEA,11,0.673771942020493,0.024647465146509288,14
WFG6_D14,C-SAEA,12,0.6673373480854526,0.028916650100519505,14
WFG6_D14,C-SAEA,13,0.6682401713820584,0.028139554577261885,14
WFG6_D14,C-SAEA,14,0.6642658163591845,0.027074347264929757,14
WFG6_D14,C-SAEA,15,0.700510310492498,0.023227005144488923,14
WFG6_D14,C-SAEA,16,0.6433041976972752,0.03043691711175272,14
WFG6_D14,C-SAEA,17,0.684428563205978,0.026446974216191167,14
WFG6_D14,C-SAEA,18,0.660085599145099,0.026208899333582752,14
WFG6_D14,C-SAEA,19,0.6531840647230283,0.026751562240789787,14
WFG6_D14,C-SAEA,20,0.6580831401950691,0.02924909338444179,14
WFG6_D14,MOEA/D-GP,1,0.6436912687409082,0.032684901485215426,14
WFG6_D14,MOEA/D-GP,2,0.6113865877538929,0.03474689044849393,14
WFG6_D14,MOEA/D-GP,3,0.6430635021847055,0.029128345516752623,14
WFG6_D14,MOEA/D-GP,4,0.6501921646523662,0.029235904257102294,14
WFG6_D14,MOEA/D-GP,5,0.6288503401056615,0.031070114698628623,14
WFG6_D14,MOEA/D-GP,6,0.6477665299023033,0.03155636281729011,14
WFG6_D14,MOEA/D-GP,7,0.6526084677575802,0.029126568956327058,14
WFG6_D14,MOEA/D-GP,8,0.6396757987227943,0.031408313500850854,14
WFG6_D14,MOEA/D-GP,9,0.65896712553431,0.028713286691603963,14
WFG6_D14,MOEA/D-GP,10,0.6386190421172306,0.03037069392447026,14
WFG6_D14,MOEA/D-GP,11,0.6632102755098709,0.025785406283528524,14
WFG6_D14,MOEA/D-GP,12,0.6769704550841056,0.028076411020417375,14
WFG6_D14,MOEA/D-GP,13,0.6719258173515791,0.026481605645943967,14
WFG6_D14,MOEA/D-GP,14,0.6480649777059628,0.026546482004068936,14
WFG6_D14,MOEA/D-GP,15,0.6927426218563209,0.024113172738486476,14
WFG6_D14,MOEA/D-GP,16,0.6568739502686911,0.028358219064995825,14
WFG6_D14,MOEA/D-GP,17,0.6588259496233633,0.028021987863656412,14
WFG6_D14,MOEA/D-GP,18,0.6336227961465818,0.030237015325499043,14
WFG6_D14,MOEA/D-GP,19,0.6393078006159324,0.030259437073290985,14
WFG6_D14,MOEA/D-GP,20,0.6181425975910527,0.031065136136013645,14
WFG6_D14,SMS-EGO,1,0.6709917478437811,0.02578805714259396,14
WFG6_D14,SMS-EGO,2,0.607604507484515,0.035344142313153484,14
WFG6_D14,SMS-EGO,3,0.6284916955101123,0.03271424493257675,14
WFG6_D14,SMS-EGO,4,0.6207708746651057,0.028709725258209078,14
WFG6_D14,SMS-EGO,5,0.6223540170795004,0.028948257362344083,14
WFG6_D14,SMS-EGO,6,0.647320500373506,0.029026126493347324,14
WFG6_D14,SMS-EGO,7,0.6463994105012127,0.03169256163959805,14
WFG6_D14,SMS-EGO,8,0.6357105776978142,0.02957516806785484,14
WFG6_D14,SMS-EGO,9,0.6171032608601971,0.031568131886058594,14
WFG6_D14,SMS-EGO,10,0.6576236589338269,0.028389214246894424,14
WFG6_D14,SMS-EGO,11,0.6704949753001689,0.026927956898112372,14
WFG6_D14,SMS-EGO,12,0.620119414897962,0.02930948500242801,14
WFG6_D14,SMS-EGO,13,0.6382931627959889,0.02596858789841817,14
WFG6_D14,SMS-EGO,14,0.6274153658000969,0.030036601666065026,14
WFG6_D14,SMS-EGO,15,0.6695738462604791,0.02959041568799148,14
WFG6_D14,SMS-EGO,16,0.6459250624666323,0.03016676258442012,14
WFG6_D14,SMS-EGO,17,0.6402609194520074,0.029525256044511804,14
WFG6_D14,SMS-EGO,18,0.6536889071208035,0.028927639547862725,14
WFG6_D14,SMS-EGO,19,0.6469841610159031,0.026343745100987553,14
WFG6_D14,SMS-EGO,20,0.6439171376378258,0.026644382098157365,14
WFG6_D14,ParEGO,1,0.6175173911488242,0.03089369916035168,14
WFG6_D14,ParEGO,2,0.6367943581739186,0.027592714885937005,14
WFG6_D14,ParEGO,3,0.6236192307413354,0.03047892248238886,14
WFG6_D14,ParEGO,4,0.658632054462956,0.02564092748276607,14
WFG6_D14,ParEGO,5,0.6378361184479877,0.03130558798718527,14
WFG6_D14,ParEGO,6,0.6446321052642399,0.02932504720907119,14
WFG6_D14,ParEGO,7,0.6524361563733204,0.02894298502567653,14
WFG6_D14,ParEGO,8,0.6533391302577065,0.027078432324717287,14
WFG6_D14,ParEGO,9,0.6252624663933904,0.027193435076654292,14
WFG6_D14,ParEGO,10,0.6227939472894842,0.031125749437171075,14
WFG6_D14,ParEGO,11,0.6129588466736083,0.03101630788918838,14
WFG6_D14,ParEGO,12,0.6321443273459075,0.026956625870946823,14
WFG6_D14,ParEGO,13,0.6304833230280416,0.02971537221271423,14
WFG6_D14,ParEGO,14,0.6524428382975603,0.029858067758832388,14
WFG6_D14,ParEGO,15,0.6153846555488223,0.028975943331841,14
WFG6_D14,ParEGO,16,0.6373889830448883,0.02796433631167967,14
WFG6_D14,ParEGO,17,0.6423799738396992,0.029076064297910563,14
WFG6_D14,ParEGO,18,0.6196847255623892,0.02884913460216654,14
WFG6_D14,ParEGO,19,0.6208217672449866,0.027738305198610397,14
WFG6_D14,ParEGO,20,0.6336397632865263,0.030332368140941715,14
WFG6_D14,HF-NSGA-II,1,0.6010238670201261,0.031104793337856252,14
WFG6_D14,HF-NSGA-II,2,0.6115742532905808,0.0304350997919305,14
WFG6_D14,HF-NSGA-II,3,0.6285324751919857,0.028447350557725036,14
WFG6_D14,HF-NSGA-II,4,0.6422081428806595,0.028509315860784118,14
WFG6_D14,HF-NSGA-II,5,0.6252372824085624,0.03098729076622017,14
WFG6_D14,HF-NSGA-II,6,0.6403650280305229,0.028777574931877933,14
WFG6_D14,HF-NSGA-II,7,0.6320322805873262,0.031817272901908035,14
WFG6_D14,HF-NSGA-II,8,0.622688619695469,0.030092523440198988,14
WFG6_D14,HF-NSGA-II,9,0.6170966577660101,0.027763868782715116,14
WFG6_D14,HF-NSGA-II,10,0.6401481130067361,0.02738789424116591,14
WFG6_D14,HF-NSGA-II,11,0.6725958860638989,0.02550778972148623,14
WFG6_D14,HF-NSGA-II,12,0.6405056502177573,0.027270830985270434,14
WFG6_D14,HF-NSGA-II,13,0.61259576383668,0.031526196237700616,14
WFG6_D14,HF-NSGA-II,14,0.6153358082985715,0.030087567886606905,14
WFG6_D14,HF-NSGA-II,15,0.6104304120704177,0.029708808794540603,14
WFG6_D14,HF-NSGA-II,16,0.6404709006465091,0.02899877102756434,14
WFG6_D14,HF-NSGA-II,17,0.6311276658774595,0.028356897462076792,14
WFG6_D14,HF-NSGA-II,18,0.6294007556356115,0.030008331501961655,14
WFG6_D14,HF-NSGA-II,19,0.6282634916148131,0.027927327069258365,14
WFG6_D14,HF-NSGA-II,20,0.6492125072968286,0.02750816756987569,14
WFG1_D30,MF-BCL-SAEA,1,0.6707426911450819,0.025596199443429064,30
WFG1_D30,MF-BCL-SAEA,2,0.6525490433012594,0.028164001594501702,30
WFG1_D30,MF-BCL-SAEA,3,0.6820376512829227,0.0238902022576861,30
WFG1_D30,MF-BCL-SAEA,4,0.711200006196146,0.02363178858000829,30
WFG1_D30,MF-BCL-SAEA,5,0.6595429307068971,0.026840348092807328,30
WFG1_D30,MF-BCL-SAEA,6,0.6760460659090529,0.027443874045197842,30
WFG1_D30,MF-BCL-SAEA,7,0.6748500595583565,0.0251820265536869,30
WFG1_D30,MF-BCL-SAEA,8,0.6708821377670582,0.026418262843559227,30
WFG1_D30,MF-BCL-SAEA,9,0.6726616130814274,0.024821195966702493,30
WFG1_D30,MF-BCL-SAEA,10,0.6768426899422386,0.025395645911223137,30
WFG1_D30,MF-BCL-SAEA,11,0.6865851610265982,0.026213220692500004,30
WFG1_D30,MF-BCL-SAEA,12,0.6722557150167038,0.026993016943366924,30
WFG1_D30,MF-BCL-SAEA,13,0.6685031995006304,0.02490012480799829,30
WFG1_D30,MF-BCL-SAEA,14,0.6726511231820727,0.024352605364792296,30
WFG1_D30,MF-BCL-SAEA,15,0.6776283270099688,0.0245024183518048,30
WFG1_D30,MF-BCL-SAEA,16,0.685728717632505,0.025719896265252604,30
WFG1_D30,MF-BCL-SAEA,17,0.6697012362337176,0.027613509316549073,30
WFG1_D30,MF-BCL-SAEA,18,0.6751737095635476,0.026517663615993267,30
WFG1_D30,MF-BCL-SAEA,19,0.6988579298941876,0.02420698798009061,30
WFG1_D30,MF-BCL-SAEA,20,0.6560543326002515,0.028061396475544433,30
WFG1_D30,MF-EMTO,1,0.6538052811296954,0.025096103596839437,30
WFG1_D30,MF-EMTO,2,0.6653177298101531,0.026948857363436773,30
WFG1_D30,MF-EMTO,3,0.6980966914213942,0.023935138923696142,30
WFG1_D30,MF-EMTO,4,0.6517242024671105,0.027697426548154686,30
WFG1_D30,MF-EMTO,5,0.6275737083941308,0.026607909912849833,30
WFG1_D30,MF-EMTO,6,0.6452315233859839,0.026470296195465672,30
WFG1_D30,MF-EMTO,7,0.6399196149683393,0.02976478749400119,30
WFG1_D30,MF-EMTO,8,0.6321974886233872,0.027647612654760716,30
WFG1_D30,MF-EMTO,9,0.6634332238430375,0.027381398304413936,30
WFG1_D30,MF-EMTO,10,0.6478338194139273,0.02467293034799814,30
WFG1_D30,MF-EMTO,11,0.68735659975524,0.022978073050408995,30
WFG1_D30,MF-EMTO,12,0.6684528274231025,0.02599228689471258,30
WFG1_D30,MF-EMTO,13,0.6492719105406852,0.027684473250018625,30
WFG1_D30,MF-EMTO,14,0.6605902047538109,0.028483517236322864,30
WFG1_D30,MF-EMTO,15,0.6380313348731717,0.02983722225582244,30
WFG1_D30,MF-EMTO,16,0.6505892994825984,0.025545370476275534,30
WFG1_D30,MF-EMTO,17,0.6642136328443711,0.025420217463921334,30
WFG1_D30,MF-EMTO,18,0.6609973184752922,0.02627965065907834,30
WFG1_D30,MF-EMTO,19,0.660234177238718,0.02912781071506094,30
WFG1_D30,MF-EMTO,20,0.6511260279368186,0.02838909789891001,30
WFG1_D30,qNEHVI,1,0.6653938893466779,0.026502923565670595,30
WFG1_D30,qNEHVI,2,0.6383351029518769,0.02832095510250803,30
WFG1_D30,qNEHVI,3,0.6348353858358942,0.03000222497005759,30
WFG1_D30,qNEHVI,4,0.6394775581289817,0.030102345053107344,30
WFG1_D30,qNEHVI,5,0.6533185869481846,0.02824929244990765,30
WFG1_D30,qNEHVI,6,0.6701786808421847,0.028651660407205314,30
WFG1_D30,qNEHVI,7,0.6713252816873808,0.02511897142030581,30
WFG1_D30,qNEHVI,8,0.6478213816300569,0.0290119368412078,30
WFG1_D30,qNEHVI,9,0.6694046709016871,0.028726946877310533,30
WFG1_D30,qNEHVI,10,0.640269151342692,0.02922393584511594,30
WFG1_D30,qNEHVI,11,0.6735464415519601,0.028752400302596737,30
WFG1_D30,qNEHVI,12,0.6540951983600721,0.025902471296924415,30
WFG1_D30,qNEHVI,13,0.6553221540247044,0.026444834702190674,30
WFG1_D30,qNEHVI,14,0.6702340275832005,0.028598359280044075,30
WFG1_D30,qNEHVI,15,0.6407214748479907,0.030381131744565693,30
WFG1_D30,qNEHVI,16,0.6384118490445977,0.030775358263939512,30
WFG1_D30,qNEHVI,17,0.6841969753945119,0.023554380300302918,30
WFG1_D30,qNEHVI,18,0.632428609521536,0.030603723704837927,30
WFG1_D30,qNEHVI,19,0.6276477352277756,0.030947799071657574,30
WFG1_D30,qNEHVI,20,0.663133529453185,0.027795144340073415,30
WFG1_D30,LC-SAEA,1,0.664302951900286,0.028072663625806408,30
WFG1_D30,LC-SAEA,2,0.6364686972465694,0.03152802151984137,30
WFG1_D30,LC-SAEA,3,0.613655364958138,0.0309657059820599,30
WFG1_D30,LC-SAEA,4,0.6245084421529651,0.03003564653001335,30
WFG1_D30,LC-SAEA,5,0.6821900359247071,0.025105900052987074,30
WFG1_D30,LC-SAEA,6,0.6279845628007608,0.0305428760858384,30
WFG1_D30,LC-SAEA,7,0.6328000762848832,0.03012880719378406,30
WFG1_D30,LC-SAEA,8,0.6698711415316105,0.025991760249734677,30
WFG1_D30,LC-SAEA,9,0.6627664613618005,0.029978186191613708,30
WFG1_D30,LC-SAEA,10,0.6078032460658831,0.028918778754810484,30
WFG1_D30,LC-SAEA,11,0.6364669847469059,0.028771763650787777,30
WFG1_D30,LC-SAEA,12,0.6210822567082265,0.029260075667598428,30
WFG1_D30,LC-SAEA,13,0.6408923321366266,0.027675395046563404,30
WFG1_D30,LC-SAEA,14,0.646103275637138,0.02953732790447515,30
WFG1_D30,LC-SAEA,15,0.6203324472966242,0.03195506969143436,30
WFG1_D30,LC-SAEA,16,0.644126503776138,0.028328842439939737,30
WFG1_D30,LC-SAEA,17,0.6224293289089683,0.03523134847986963,30
WFG1_D30,LC-SAEA,18,0.6491457991974258,0.02684525809514623,30
WFG1_D30,LC-SAEA,19,0.6138620757167647,0.029668201868031433,30
WFG1_D30,LC-SAEA,20,0.6641026221484104,0.02645862131604377,30
WFG1_D30,C-SAEA,1,0.6458324672741409,0.027985928819779567,30
WFG1_D30,C-SAEA,2,0.6407001853482178,0.030172640039695317,30
WFG1_D30,C-SAEA,3,0.6246257846944558,0.028487802486586014,30
WFG1_D30,C-SAEA,4,0.6116833410389118,0.0327990785141231,30
WFG1_D30,C-SAEA,5,0.6278335312551714,0.028393985499184194,30
WFG1_D30,C-SAEA,6,0.6573219972888917,0.027346684352764,30
WFG1_D30,C-SAEA,7,0.6181936385861955,0.029443492830357094,30
WFG1_D30,C-SAEA,8,0.643754949776365,0.027775810814365743,30
WFG1_D30,C-SAEA,9,0.6700250266885475,0.02827384228943458,30
WFG1_D30,C-SAEA,10,0.630033843538051,0.027156151613608837,30
WFG1_D30,C-SAEA,11,0.6373130210861019,0.028292063691990117,30
WFG1_D30,C-SAEA,12,0.62302691043101,0.03122678019566336,30
WFG1_D30,C-SAEA,13,0.6235693843198992,0.031121140674579825,30
WFG1_D30,C-SAEA,14,0.6499810445181448,0.029275471139147923,30
WFG1_D30,C-SAEA,15,0.6421933341998076,0.027124118356276074,30
WFG1_D30,C-SAEA,16,0.6447313254630054,0.0256649467033344,30
WFG1_D30,C-SAEA,17,0.6647635784479907,0.02843526816123902,30
WFG1_D30,C-SAEA,18,0.6567552339938102,0.02704098798970516,30
WFG1_D30,C-SAEA,19,0.5977897951876199,0.02973793437508147,30
WFG1_D30,C-SAEA,20,0.624061560888296,0.032002264007646664,30
WFG1_D30,MOEA/D-GP,1,0.6151891835334691,0.029352398255345448,30
WFG1_D30,MOEA/D-GP,2,0.6102435054667146,0.03015952047450876,30
WFG1_D30,MOEA/D-GP,3,0.6546608310311596,0.027520551381274808,30
WFG1_D30,MOEA/D-GP,4,0.6176670465753505,0.03172425747906433,30
WFG1_D30,MOEA/D-GP,5,0.6396253242724238,0.028773720580728933,30
WFG1_D30,MOEA/D-GP,6,0.6381577318067649,0.028494786576488462,30
WFG1_D30,MOEA/D-GP,7,0.600326788778712,0.03305306976304874,30
WFG1_D30,MOEA/D-GP,8,0.6177273826413041,0.03198834522259823,30
WFG1_D30,MOEA/D-GP,9,0.6489968737857545,0.02534616531668805,30
WFG1_D30,MOEA/D-GP,10,0.6220779915975302,0.028446259786813144,30
WFG1_D30,MOEA/D-GP,11,0.6186719697355545,0.030955115550236386,30
WFG1_D30,MOEA/D-GP,12,0.6071348408384349,0.03276991518502797,30
WFG1_D30,MOEA/D-GP,13,0.6289497687515939,0.029556953791347415,30
WFG1_D30,MOEA/D-GP,14,0.6391778096620728,0.027100940819018052,30
WFG1_D30,MOEA/D-GP,15,0.6349153179237206,0.03055644181272039,30
WFG1_D30,MOEA/D-GP,16,0.6647903066252838,0.028696034156134958,30
WFG1_D30,MOEA/D-GP,17,0.6628428297508232,0.027129156916985243,30
WFG1_D30,MOEA/D-GP,18,0.6202613251677844,0.029155681978219963,30
WFG1_D30,MOEA/D-GP,19,0.6489081768465491,0.027630636838223446,30
WFG1_D30,MOEA/D-GP,20,0.6233714872706727,0.027115457214014628,30
WFG1_D30,SMS-EGO,1,0.6440711103833043,0.028379687482332654,30
WFG1_D30,SMS-EGO,2,0.5909872852160886,0.032248169909562745,30
WFG1_D30,SMS-EGO,3,0.615977897749915,0.026403586725434164,30
WFG1_D30,SMS-EGO,4,0.6444120387822405,0.024049637073616223,30
WFG1_D30,SMS-EGO,5,0.6103777952711474,0.02891520410109432,30
WFG1_D30,SMS-EGO,6,0.6012466874642968,0.03153613996812583,30
WFG1_D30,SMS-EGO,7,0.6239651537447113,0.030882530558985884,30
WFG1_D30,SMS-EGO,8,0.6130419736973305,0.031888229257542526,30
WFG1_D30,SMS-EGO,9,0.6565421893981553,0.025263828264599962,30
WFG1_D30,SMS-EGO,10,0.6177575439093073,0.031844331351553415,30
WFG1_D30,SMS-EGO,11,0.6436360619092677,0.02656691859362312,30
WFG1_D30,SMS-EGO,12,0.6098513938776435,0.0319066425029501,30
WFG1_D30,SMS-EGO,13,0.5858432518470366,0.03330109902038705,30
WFG1_D30,SMS-EGO,14,0.5872199320441525,0.037215870716822544,30
WFG1_D30,SMS-EGO,15,0.6343644371752692,0.029872530884021684,30
WFG1_D30,SMS-EGO,16,0.6399024426456708,0.029047988885567803,30
WFG1_D30,SMS-EGO,17,0.6455913868934628,0.026157296769789267,30
WFG1_D30,SMS-EGO,18,0.6205073471172328,0.030138301808074024,30
WFG1_D30,SMS-EGO,19,0.6349625597910569,0.027296643651127096,30
WFG1_D30,SMS-EGO,20,0.646639553621596,0.026919191408046498,30
WFG1_D30,ParEGO,1,0.6083712207089605,0.03258970428143777,30
WFG1_D30,ParEGO,2,0.6388380909352658,0.02824427873462933,30
WFG1_D30,ParEGO,3,0.6267019973578265,0.028552848018755034,30
WFG1_D30,ParEGO,4,0.6269381979558359,0.029015050560010143,30
WFG1_D30,ParEGO,5,0.6242443790299423,0.032109873475439865,30
WFG1_D30,ParEGO,6,0.6168416623035986,0.03143074188462837,30
WFG1_D30,ParEGO,7,0.6239480492357985,0.030576972736860268,30
WFG1_D30,ParEGO,8,0.6217217585187755,0.02882912330103012,30
WFG1_D30,ParEGO,9,0.5862425929327317,0.03512879359109225,30
WFG1_D30,ParEGO,10,0.6226346369191343,0.02989013186053274,30
WFG1_D30,ParEGO,11,0.6114686000078804,0.02885744729225024,30
WFG1_D30,ParEGO,12,0.6011620871316765,0.03260464162943826,30
WFG1_D30,ParEGO,13,0.6139701972616389,0.0302225556580916,30
WFG1_D30,ParEGO,14,0.6232905992110122,0.030708791580442724,30
WFG1_D30,ParEGO,15,0.5986940501096164,0.03311530129906451,30
WFG1_D30,ParEGO,16,0.600146982559158,0.029907442336980228,30
WFG1_D30,ParEGO,17,0.6263489889011692,0.0310464431511365,30
WFG1_D30,ParEGO,18,0.6273050811036651,0.026591717594973394,30
WFG1_D30,ParEGO,19,0.6244190401022355,0.02877663045847569,30
WFG1_D30,ParEGO,20,0.5772097707196481,0.03479425540831105,30
WFG1_D30,HF-NSGA-II,1,0.5797787464149464,0.03239932021941956,30
WFG1_D30,HF-NSGA-II,2,0.5850126226359834,0.03251211945364435,30
WFG1_D30,HF-NSGA-II,3,0.6019527675714423,0.032630954884030776,30
WFG1_D30,HF-NSGA-II,4,0.6165495955846844,0.031456290875358055,30
WFG1_D30,HF-NSGA-II,5,0.6274993260801475,0.027960821241774174,30
WFG1_D30,HF-NSGA-II,6,0.5653872509848926,0.03389332364538975,30
WFG1_D30,HF-NSGA-II,7,0.5805438146637626,0.03126050109078938,30
WFG1_D30,HF-NSGA-II,8,0.5933848481977635,0.032283602353810004,30
WFG1_D30,HF-NSGA-II,9,0.5955640270666692,0.036284966121820285,30
WFG1_D30,HF-NSGA-II,10,0.5967948049511304,0.031484845565950104,30
WFG1_D30,HF-NSGA-II,11,0.5829853947213008,0.03286419839607558,30
WFG1_D30,HF-NSGA-II,12,0.6101744360982647,0.031097365295196855,30
WFG1_D30,HF-NSGA-II,13,0.580882770227124,0.031894180847166,30
WFG1_D30,HF-NSGA-II,14,0.5944027424503211,0.030284778847794687,30
WFG1_D30,HF-NSGA-II,15,0.5859315242314991,0.03430696416518099,30
WFG1_D30,HF-NSGA-II,16,0.604643302344329,0.02977511582850328,30
WFG1_D30,HF-NSGA-II,17,0.5590303455809673,0.03446279968100682,30
WFG1_D30,HF-NSGA-II,18,0.6078196664239672,0.030527489151497868,30
WFG1_D30,HF-NSGA-II,19,0.6341349788431706,0.031201954353857572,30
WFG1_D30,HF-NSGA-II,20,0.6019377767132418,0.030206064750571842,30
WFG2_D30,MF-BCL-SAEA,1,0.7124129846898886,0.024913936107547986,30
WFG2_D30,MF-BCL-SAEA,2,0.7121477857392124,0.02328970305659241,30
WFG2_D30,MF-BCL-SAEA,3,0.7020797979322111,0.026300630040024985,30
WFG2_D30,MF-BCL-SAEA,4,0.7243548617752859,0.022173246461425915,30
WFG2_D30,MF-BCL-SAEA,5,0.709731568336896,0.02520179533101985,30
WFG2_D30,MF-BCL-SAEA,6,0.730173644018543,0.023560199984301963,30
WFG2_D30,MF-BCL-SAEA,7,0.7135765356016641,0.021915900739781592,30
WFG2_D30,MF-BCL-SAEA,8,0.7148360945857787,0.02198155412710964,30
WFG2_D30,MF-BCL-SAEA,9,0.733855492590137,0.022749960348168983,30
WFG2_D30,MF-BCL-SAEA,10,0.713028370000247,0.02304223889517896,30
WFG2_D30,MF-BCL-SAEA,11,0.7062421240702486,0.020722979027352633,30
WFG2_D30,MF-BCL-SAEA,12,0.7241558471956797,0.020018790332447953,30
WFG2_D30,MF-BCL-SAEA,13,0.6939286085749026,0.02661360598223525,30
WFG2_D30,MF-BCL-SAEA,14,0.7553416848505945,0.020447531108752384,30
WFG2_D30,MF-BCL-SAEA,15,0.7077115320303373,0.026164660935974506,30
WFG2_D30,MF-BCL-SAEA,16,0.7257705341344927,0.01997352044117105,30
WFG2_D30,MF-BCL-SAEA,17,0.7273612033044361,0.019786556856999475,30
WFG2_D30,MF-BCL-SAEA,18,0.726306844279054,0.023326320413719917,30
WFG2_D30,MF-BCL-SAEA,19,0.7252087948771446,0.021514027341732182,30
WFG2_D30,MF-BCL-SAEA,20,0.7285046338594765,0.02206649398050605,30
WFG2_D30,MF-EMTO,1,0.6807903469157307,0.029703967847694836,30
WFG2_D30,MF-EMTO,2,0.703385637774299,0.022804230369961525,30
WFG2_D30,MF-EMTO,3,0.6617942441172953,0.02635328334471365,30
WFG2_D30,MF-EMTO,4,0.6933429512520949,0.025443660609456454,30
WFG2_D30,MF-EMTO,5,0.7005810535823425,0.02578920934188675,30
WFG2_D30,MF-EMTO,6,0.7129613731892033,0.022354424418661558,30
WFG2_D30,MF-EMTO,7,0.666478296118964,0.027409286268787494,30
WFG2_D30,MF-EMTO,8,0.7047349453593561,0.024039799757323472,30
WFG2_D30,MF-EMTO,9,0.6928506248377764,0.022846016784502717,30
WFG2_D30,MF-EMTO,10,0.6976174500413468,0.024334619038597616,30
WFG2_D30,MF-EMTO,11,0.6979853906849356,0.026616564080474733,30
WFG2_D30,MF-EMTO,12,0.6627708399327021,0.02644798109115682,30
WFG2_D30,MF-EMTO,13,0.6869968679680276,0.024877685507889963,30
WFG2_D30,MF-EMTO,14,0.7188645933773639,0.02288007832347016,30
WFG2_D30,MF-EMTO,15,0.6957002421137245,0.025366358316051604,30
WFG2_D30,MF-EMTO,16,0.724691916153678,0.0221045492558965,30
WFG2_D30,MF-EMTO,17,0.6747094463622461,0.02848552629145431,30
WFG2_D30,MF-EMTO,18,0.7050695794018237,0.022382570283909796,30
WFG2_D30,MF-EMTO,19,0.6658171625778722,0.029004779135582186,30
WFG2_D30,MF-EMTO,20,0.6760085713766263,0.02606423906982257,30
WFG2_D30,qNEHVI,1,0.6823356549874723,0.026772504288432204,30
WFG2_D30,qNEHVI,2,0.6558278116521418,0.02643122309949543,30
WFG2_D30,qNEHVI,3,0.683008856971479,0.025231818397308297,30
WFG2_D30,qNEHVI,4,0.7073422560874311,0.02241602871816427,30
WFG2_D30,qNEHVI,5,0.7254552236780192,0.022766528393407415,30
WFG2_D30,qNEHVI,6,0.683411480472031,0.024549134455649844,30
WFG2_D30,qNEHVI,7,0.7140668301940678,0.022542659715774148,30
WFG2_D30,qNEHVI,8,0.6767042548057204,0.026907639103119326,30
WFG2_D30,qNEHVI,9,0.6842148540836831,0.022485578622541677,30
WFG2_D30,qNEHVI,10,0.6958282873728918,0.02511936573059217,30
WFG2_D30,qNEHVI,11,0.6560321735342814,0.026690906863877595,30
WFG2_D30,qNEHVI,12,0.6887226535275061,0.02327408559644652,30
WFG2_D30,qNEHVI,13,0.7058253619681585,0.02425765894339706,30
WFG2_D30,qNEHVI,14,0.7126595498230975,0.022715323892295303,30
WFG2_D30,qNEHVI,15,0.675779151086381,0.027659011026483764,30
WFG2_D30,qNEHVI,16,0.7105903510828497,0.022979599596311944,30
WFG2_D30,qNEHVI,17,0.6700969861205202,0.025488937123109037,30
WFG2_D30,qNEHVI,18,0.6955483163301414,0.02365033800867573,30
WFG2_D30,qNEHVI,19,0.6752296600308115,0.025529498295826656,30
WFG2_D30,qNEHVI,20,0.6910968420513814,0.02561098394504195,30
WFG2_D30,LC-SAEA,1,0.6968252049036224,0.025115169289353194,30
WFG2_D30,LC-SAEA,2,0.6677501456283305,0.02456543875924067,30
WFG2_D30,LC-SAEA,3,0.6926755722185178,0.026778917016713248,30
WFG2_D30,LC-SAEA,4,0.7008563769338402,0.0249458196910257,30
WFG2_D30,LC-SAEA,5,0.6868393896572594,0.02567366416481979,30
WFG2_D30,LC-SAEA,6,0.7167665459320884,0.023815483561148952,30
WFG2_D30,LC-SAEA,7,0.698617484920507,0.022202618133365562,30
WFG2_D30,LC-SAEA,8,0.6909879360432007,0.025113943305924213,30
WFG2_D30,LC-SAEA,9,0.6679716386851315,0.030290558099531295,30
WFG2_D30,LC-SAEA,10,0.6834969881796016,0.023416673403494292,30
WFG2_D30,LC-SAEA,11,0.6418235914662187,0.027964849041500473,30
WFG2_D30,LC-SAEA,12,0.6748238026592948,0.02447540599942926,30
WFG2_D30,LC-SAEA,13,0.6608764629395555,0.026364306410811954,30
WFG2_D30,LC-SAEA,14,0.6750783270700268,0.023852677100639236,30
WFG2_D30,LC-SAEA,15,0.6768761842778381,0.027451227400974307,30
WFG2_D30,LC-SAEA,16,0.6866938610202488,0.02417815531536786,30
WFG2_D30,LC-SAEA,17,0.6920324448797233,0.024087778857773103,30
WFG2_D30,LC-SAEA,18,0.7103343348251467,0.02522471112505225,30
WFG2_D30,LC-SAEA,19,0.6971244109787731,0.026283219353094543,30
WFG2_D30,LC-SAEA,20,0.689413890661162,0.02394545591682757,30
WFG2_D30,C-SAEA,1,0.6902621462361695,0.023905688640891785,30
WFG2_D30,C-SAEA,2,0.6744830829741834,0.024187784918670026,30
WFG2_D30,C-SAEA,3,0.6629765504989233,0.025045054633165312,30
WFG2_D30,C-SAEA,4,0.6838381883901872,0.026841990246631912,30
WFG2_D30,C-SAEA,5,0.692098660321598,0.02185929358844089,30
WFG2_D30,C-SAEA,6,0.6832915398505613,0.023003325045691008,30
WFG2_D30,C-SAEA,7,0.6811064568600075,0.02567185399576708,30
WFG2_D30,C-SAEA,8,0.6557766397253209,0.02398166887082406,30
WFG2_D30,C-SAEA,9,0.6735853588140214,0.022965244764005792,30
WFG2_D30,C-SAEA,10,0.7108542649424463,0.025444851054435495,30
WFG2_D30,C-SAEA,11,0.6574869073793892,0.028192973518010884,30
WFG2_D30,C-SAEA,12,0.7025026739896522,0.022319746726344895,30
WFG2_D30,C-SAEA,13,0.6547113329520314,0.02766907957704294,30
WFG2_D30,C-SAEA,14,0.6441471597441738,0.030184862890826378,30
WFG2_D30,C-SAEA,15,0.6815056278110908,0.02276674404575066,30
WFG2_D30,C-SAEA,16,0.6958584445470544,0.024729305923886787,30
WFG2_D30,C-SAEA,17,0.6795597756549909,0.024190215355040182,30
WFG2_D30,C-SAEA,18,0.7077253027005221,0.023798446865922834,30
WFG2_D30,C-SAEA,19,0.6685560104235838,0.02850129813810582,30
WFG2_D30,C-SAEA,20,0.671313260037058,0.0255728444137143,30
WFG2_D30,MOEA/D-GP,1,0.6804012086209603,0.02137969108284052,30
WFG2_D30,MOEA/D-GP,2,0.689011775114025,0.026333557987621686,30
WFG2_D30,MOEA/D-GP,3,0.6913783839559002,0.02576437543760829,30
WFG2_D30,MOEA/D-GP,4,0.6565622212164711,0.031211336315898723,30
WFG2_D30,MOEA/D-GP,5,0.674597569772338,0.02625939985896225,30
WFG2_D30,MOEA/D-GP,6,0.6635249252626844,0.02764529719235274,30
WFG2_D30,MOEA/D-GP,7,0.6524401405458701,0.02563201190569553,30
WFG2_D30,MOEA/D-GP,8,0.6736863713771138,0.02482071482078434,30
WFG2_D30,MOEA/D-GP,9,0.6769408481077361,0.02734420687714165,30
WFG2_D30,MOEA/D-GP,10,0.6430568179447893,0.027522745714818313,30
WFG2_D30,MOEA/D-GP,11,0.6622014395066731,0.028972750400819924,30
WFG2_D30,MOEA/D-GP,12,0.647601371374248,0.027400821841848562,30
WFG2_D30,MOEA/D-GP,13,0.6466827851013961,0.029786947529566954,30
WFG2_D30,MOEA/D-GP,14,0.6571414934292352,0.03080526870179283,30
WFG2_D30,MOEA/D-GP,15,0.6876758703050758,0.023474323232029172,30
WFG2_D30,MOEA/D-GP,16,0.6614537186246038,0.026561211368358196,30
WFG2_D30,MOEA/D-GP,17,0.6709695436467219,0.02544815924122451,30
WFG2_D30,MOEA/D-GP,18,0.6329993158671912,0.02711927468192,30
WFG2_D30,MOEA/D-GP,19,0.6864301077089708,0.022763025550736175,30
WFG2_D30,MOEA/D-GP,20,0.659444269828214,0.029313871346231906,30
WFG2_D30,SMS-EGO,1,0.6743512730491708,0.025254056601993757,30
WFG2_D30,SMS-EGO,2,0.6520015830990318,0.029232806378749535,30
WFG2_D30,SMS-EGO,3,0.6911019497614768,0.023638378956728632,30
WFG2_D30,SMS-EGO,4,0.6568002147824363,0.029998534262165637,30
WFG2_D30,SMS-EGO,5,0.620983564381245,0.027950719322844757,30
WFG2_D30,SMS-EGO,6,0.6195565102526143,0.03000154467404537,30
WFG2_D30,SMS-EGO,7,0.6249101039417151,0.029722799403561005,30
WFG2_D30,SMS-EGO,8,0.6605441699300559,0.026275422825245295,30
WFG2_D30,SMS-EGO,9,0.6311244792913565,0.02857117753946664,30
WFG2_D30,SMS-EGO,10,0.6517786013855095,0.027282559334447773,30
WFG2_D30,SMS-EGO,11,0.6319272258711764,0.02898566629369052,30
WFG2_D30,SMS-EGO,12,0.6548538969409323,0.028740810958530906,30
WFG2_D30,SMS-EGO,13,0.6617226904901133,0.023064548174390215,30
WFG2_D30,SMS-EGO,14,0.6641446985458873,0.028956010334258576,30
WFG2_D30,SMS-EGO,15,0.6817610826802174,0.026145978912159196,30
WFG2_D30,SMS-EGO,16,0.6723918170128326,0.023746835075194064,30
WFG2_D30,SMS-EGO,17,0.6266459765582411,0.0321895207888281,30
WFG2_D30,SMS-EGO,18,0.635092424454519,0.02962767055295217,30
WFG2_D30,SMS-EGO,19,0.6576670719991453,0.02728755921113792,30
WFG2_D30,SMS-EGO,20,0.6587081302157054,0.030424271572859794,30
WFG2_D30,ParEGO,1,0.66738812536264,0.028591288263485067,30
WFG2_D30,ParEGO,2,0.607335586169505,0.03225252016937423,30
WFG2_D30,ParEGO,3,0.6575378313397191,0.02780120910193609,30
WFG2_D30,ParEGO,4,0.6617395364865747,0.02653455502809545,30
WFG2_D30,ParEGO,5,0.6453187485321827,0.02853654930025242,30
WFG2_D30,ParEGO,6,0.632025084956388,0.0274333684528714,30
WFG2_D30,ParEGO,7,0.6506405448551902,0.029195293569919796,30
WFG2_D30,ParEGO,8,0.6522402083695046,0.028272576101312258,30
WFG2_D30,ParEGO,9,0.6401423178017986,0.027845071634270847,30
WFG2_D30,ParEGO,10,0.6208038144219117,0.03125148351912208,30
WFG2_D30,ParEGO,11,0.633479606671385,0.029703015156004816,30
WFG2_D30,ParEGO,12,0.6412776073368064,0.02707628279443871,30
WFG2_D30,ParEGO,13,0.6616588832810358,0.027467674476754265,30
WFG2_D30,ParEGO,14,0.6426604565316683,0.030911619929727706,30
WFG2_D30,ParEGO,15,0.6451667043789604,0.028645391712318266,30
WFG2_D30,ParEGO,16,0.6508355289829098,0.02758904344610378,30
WFG2_D30,ParEGO,17,0.6389801027963086,0.029889680470714986,30
WFG2_D30,ParEGO,18,0.6648272945848934,0.02674829713232919,30
WFG2_D30,ParEGO,19,0.6851741070868802,0.025572423983907282,30
WFG2_D30,ParEGO,20,0.6606230683564448,0.03205861760265091,30
WFG2_D30,HF-NSGA-II,1,0.6466785445414384,0.028851790861992153,30
WFG2_D30,HF-NSGA-II,2,0.6324321193766755,0.02726877162981594,30
WFG2_D30,HF-NSGA-II,3,0.6484593904076403,0.02730127252626309,30
WFG2_D30,HF-NSGA-II,4,0.6245597809290645,0.032192785650616305,30
WFG2_D30,HF-NSGA-II,5,0.6296276177662573,0.03217771715962007,30
WFG2_D30,HF-NSGA-II,6,0.6399212044460308,0.030097173325986392,30
WFG2_D30,HF-NSGA-II,7,0.6163388910737655,0.029581792329850753,30
WFG2_D30,HF-NSGA-II,8,0.6323722788693974,0.028684431321996894,30
WFG2_D30,HF-NSGA-II,9,0.6478130176695223,0.027111549739699974,30
WFG2_D30,HF-NSGA-II,10,0.6551598385904936,0.02879424441808914,30
WFG2_D30,HF-NSGA-II,11,0.6608345043258166,0.025864740439157846,30
WFG2_D30,HF-NSGA-II,12,0.631019149672147,0.02787026685999152,30
WFG2_D30,HF-NSGA-II,13,0.6123755487002428,0.030019068864943033,30
WFG2_D30,HF-NSGA-II,14,0.6138019893866707,0.031500779080226145,30
WFG2_D30,HF-NSGA-II,15,0.6070288979995216,0.030653996406932355,30
WFG2_D30,HF-NSGA-II,16,0.6490339699272788,0.02952250211866718,30
WFG2_D30,HF-NSGA-II,17,0.6276565684952092,0.027604334217948008,30
WFG2_D30,HF-NSGA-II,18,0.6470871649177293,0.024707030807349276,30
WFG2_D30,HF-NSGA-II,19,0.6134466969846293,0.028866077938638754,30
WFG2_D30,HF-NSGA-II,20,0.6172407724798897,0.030360006602353093,30
WFG3_D30,MF-BCL-SAEA,1,0.776930148172197,0.016677254817132295,30
WFG3_D30,MF-BCL-SAEA,2,0.7722514721217453,0.018598769598895937,30
WFG3_D30,MF-BCL-SAEA,3,0.7756757887073121,0.015467922356329634,30
WFG3_D30,MF-BCL-SAEA,4,0.776083913109324,0.017124773576629296,30
WFG3_D30,MF-BCL-SAEA,5,0.7570228862153002,0.019207408715292033,30
WFG3_D30,MF-BCL-SAEA,6,0.7810526234517026,0.017457110434485917,30
WFG3_D30,MF-BCL-SAEA,7,0.7778319250742298,0.018573937921162166,30
WFG3_D30,MF-BCL-SAEA,8,0.7835502010966827,0.015773057380453172,30
WFG3_D30,MF-BCL-SAEA,9,0.7775563387260334,0.017759220265620154,30
WFG3_D30,MF-BCL-SAEA,10,0.7700812729342301,0.017199003784459214,30
WFG3_D30,MF-BCL-SAEA,11,0.7681999013034774,0.017977351974012373,30
WFG3_D30,MF-BCL-SAEA,12,0.7834655431194654,0.016466982932955586,30
WFG3_D30,MF-BCL-SAEA,13,0.7443001600836269,0.022759919101767234,30
WFG3_D30,MF-BCL-SAEA,14,0.7907880145190105,0.01581309958752826,30
WFG3_D30,MF-BCL-SAEA,15,0.7726064062655309,0.017900634558008385,30
WFG3_D30,MF-BCL-SAEA,16,0.7720822266521763,0.019221858146820325,30
WFG3_D30,MF-BCL-SAEA,17,0.7811984744465582,0.017373853168341648,30
WFG3_D30,MF-BCL-SAEA,18,0.7594425523060502,0.020074065287908442,30
WFG3_D30,MF-BCL-SAEA,19,0.7875399764527825,0.021515443241542934,30
WFG3_D30,MF-BCL-SAEA,20,0.7596124119088297,0.016966079903575914,30
WFG3_D30,MF-EMTO,1,0.743536840105647,0.019939341715564336,30
WFG3_D30,MF-EMTO,2,0.7513219249459848,0.020476122659827563,30
WFG3_D30,MF-EMTO,3,0.742746773553378,0.017514751817923307,30
WFG3_D30,MF-EMTO,4,0.7350066340336618,0.020834659861173326,30
WFG3_D30,MF-EMTO,5,0.7728883204340677,0.018484624828929135,30
WFG3_D30,MF-EMTO,6,0.7465207032389857,0.020568335567786342,30
WFG3_D30,MF-EMTO,7,0.7831169857348016,0.01620598780826882,30
WFG3_D30,MF-EMTO,8,0.7608418996717417,0.018340881902107725,30
WFG3_D30,MF-EMTO,9,0.7181647457789159,0.022375806105652034,30
WFG3_D30,MF-EMTO,10,0.751564561029626,0.01990923958825356,30
WFG3_D30,MF-EMTO,11,0.7361438536352233,0.019684754685474308,30
WFG3_D30,MF-EMTO,12,0.745533107089928,0.021895769844307966,30
WFG3_D30,MF-EMTO,13,0.7801666937613703,0.01743812688214293,30
WFG3_D30,MF-EMTO,14,0.7452089581471201,0.023102835221892083,30
WFG3_D30,MF-EMTO,15,0.7506640475370634,0.021079718500226385,30
WFG3_D30,MF-EMTO,16,0.7416604723928404,0.020545797966735526,30
WFG3_D30,MF-EMTO,17,0.7361787435490416,0.018884597929475836,30
WFG3_D30,MF-EMTO,18,0.777484435990871,0.016309906292901678,30
WFG3_D30,MF-EMTO,19,0.7462527655103448,0.018793973248158704,30
WFG3_D30,MF-EMTO,20,0.7601281425031798,0.020408499105550024,30
WFG3_D30,qNEHVI,1,0.7543117846020251,0.019258225869446147,30
WFG3_D30,qNEHVI,2,0.7390069211686573,0.018643325777136146,30
WFG3_D30,qNEHVI,3,0.7181268609636136,0.022345863932865036,30
WFG3_D30,qNEHVI,4,0.7498842368642551,0.01699530537928506,30
WFG3_D30,qNEHVI,5,0.7325153899630542,0.01803847109424709,30
WFG3_D30,qNEHVI,6,0.7436825631445051,0.021108252884368368,30
WFG3_D30,qNEHVI,7,0.7525908853313975,0.01789858591784108,30
WFG3_D30,qNEHVI,8,0.7372734173780277,0.02037491871940126,30
WFG3_D30,qNEHVI,9,0.733548439251314,0.02106951458533872,30
WFG3_D30,qNEHVI,10,0.7258711612151131,0.0209979064892348,30
WFG3_D30,qNEHVI,11,0.7478238670991914,0.020204750837088788,30
WFG3_D30,qNEHVI,12,0.738995018352029,0.021494083139465804,30
WFG3_D30,qNEHVI,13,0.7764778711197282,0.01636271344606579,30
WFG3_D30,qNEHVI,14,0.7663071287089886,0.021295945698657066,30
WFG3_D30,qNEHVI,15,0.7324690394071152,0.021667574801923658,30
WFG3_D30,qNEHVI,16,0.7438786661301572,0.017113598802109154,30
WFG3_D30,qNEHVI,17,0.7479338478115517,0.020064719278461946,30
WFG3_D30,qNEHVI,18,0.7393554557434246,0.019761413517587083,30
WFG3_D30,qNEHVI,19,0.7446212438738237,0.02166759833653665,30
WFG3_D30,qNEHVI,20,0.7261559566279063,0.02246581136691229,30
WFG3_D30,LC-SAEA,1,0.7666124835748301,0.020555896832275954,30
WFG3_D30,LC-SAEA,2,0.7699182577429061,0.01864167632891972,30
WFG3_D30,LC-SAEA,3,0.7544114760858761,0.020014517354012672,30
WFG3_D30,LC-SAEA,4,0.7422897098627553,0.019554089542347473,30
WFG3_D30,LC-SAEA,5,0.7715433497528554,0.01858397261698876,30
WFG3_D30,LC-SAEA,6,0.7496929068774405,0.019743222202234807,30
WFG3_D30,LC-SAEA,7,0.7259400871271112,0.0212872346889347,30
WFG3_D30,LC-SAEA,8,0.7463464460102139,0.021872661854910873,30
WFG3_D30,LC-SAEA,9,0.7390106262826089,0.022820947694984686,30
WFG3_D30,LC-SAEA,10,0.7105749563365121,0.020116297179422458,30
WFG3_D30,LC-SAEA,11,0.7285878412119439,0.021887993643608557,30
WFG3_D30,LC-SAEA,12,0.7405718097123968,0.022284063264513144,30
WFG3_D30,LC-SAEA,13,0.7549093284684922,0.021477877719596486,30
WFG3_D30,LC-SAEA,14,0.688445159910902,0.023598322569953655,30
WFG3_D30,LC-SAEA,15,0.7295243328066536,0.021901556752146438,30
WFG3_D30,LC-SAEA,16,0.7368742811166217,0.01958512129197368,30
WFG3_D30,LC-SAEA,17,0.7434032057123818,0.01986209738334989,30
WFG3_D30,LC-SAEA,18,0.7411788977468957,0.020926743311972182,30
WFG3_D30,LC-SAEA,19,0.7233418048839066,0.022846828275042082,30
WFG3_D30,LC-SAEA,20,0.7414429679855951,0.019475635029856258,30
WFG3_D30,C-SAEA,1,0.7116926103247753,0.024940837039988468,30
WFG3_D30,C-SAEA,2,0.7408665503497012,0.019306527275374536,30
WFG3_D30,C-SAEA,3,0.7191635510736006,0.02496768435497728,30
WFG3_D30,C-SAEA,4,0.7174641666605777,0.022693560477116383,30
WFG3_D30,C-SAEA,5,0.7204542588296702,0.02324194739366625,30
WFG3_D30,C-SAEA,6,0.720262531033945,0.021881856573735342,30
WFG3_D30,C-SAEA,7,0.759807642218349,0.019964103827308323,30
WFG3_D30,C-SAEA,8,0.7516067880221928,0.021253627096401335,30
WFG3_D30,C-SAEA,9,0.7018214207082759,0.022780400037700738,30
WFG3_D30,C-SAEA,10,0.7216905792509501,0.023505958709325977,30
WFG3_D30,C-SAEA,11,0.7278274656281292,0.02457561148984111,30
WFG3_D30,C-SAEA,12,0.7172125912505495,0.02531323014963362,30
WFG3_D30,C-SAEA,13,0.7160537566037172,0.022712678643972598,30
WFG3_D30,C-SAEA,14,0.7398001453143421,0.018464418547701027,30
WFG3_D30,C-SAEA,15,0.7249910487601096,0.023397353075893,30
WFG3_D30,C-SAEA,16,0.7182635480013153,0.02222997996307079,30
WFG3_D30,C-SAEA,17,0.7238202799195623,0.022944336275833588,30
WFG3_D30,C-SAEA,18,0.7001290736364845,0.026943995044560395,30
WFG3_D30,C-SAEA,19,0.7121533571044854,0.02268477486115372,30
WFG3_D30,C-SAEA,20,0.7165341158166408,0.026065196690373292,30
WFG3_D30,MOEA/D-GP,1,0.735398738078851,0.02154567429711308,30
WFG3_D30,MOEA/D-GP,2,0.7181123515493002,0.02396528127062973,30
WFG3_D30,MOEA/D-GP,3,0.72283623915999,0.022502761605328273,30
WFG3_D30,MOEA/D-GP,4,0.7390255024209171,0.021210394560890047,30
WFG3_D30,MOEA/D-GP,5,0.7205476891420741,0.019502607825027198,30
WFG3_D30,MOEA/D-GP,6,0.7475526716441575,0.020693220526207635,30
WFG3_D30,MOEA/D-GP,7,0.7268461875282569,0.01844569172548162,30
WFG3_D30,MOEA/D-GP,8,0.6968602237764853,0.024365410569390566,30
WFG3_D30,MOEA/D-GP,9,0.7461186783034282,0.019187384743894184,30
WFG3_D30,MOEA/D-GP,10,0.7171115531832575,0.02129712929411211,30
WFG3_D30,MOEA/D-GP,11,0.7176118123795496,0.0227629840070491,30
WFG3_D30,MOEA/D-GP,12,0.7136861082993988,0.025146286253435988,30
WFG3_D30,MOEA/D-GP,13,0.7519456694172504,0.02062160189154519,30
WFG3_D30,MOEA/D-GP,14,0.7004208765650713,0.023328288664643867,30
WFG3_D30,MOEA/D-GP,15,0.7102674130827342,0.022441124506659676,30
WFG3_D30,MOEA/D-GP,16,0.732093936944956,0.020984185936718178,30
WFG3_D30,MOEA/D-GP,17,0.7389822220881208,0.02216277918371382,30
WFG3_D30,MOEA/D-GP,18,0.7359746217558397,0.020126619809478805,30
WFG3_D30,MOEA/D-GP,19,0.7152048740631413,0.02319233950879616,30
WFG3_D30,MOEA/D-GP,20,0.7617677508233155,0.019258178292661545,30
WFG3_D30,SMS-EGO,1,0.7275442290207781,0.022906606799134272,30
WFG3_D30,SMS-EGO,2,0.7394580652095682,0.020097348472557296,30
WFG3_D30,SMS-EGO,3,0.7084559975584851,0.023895200925613525,30
WFG3_D30,SMS-EGO,4,0.7154756571807094,0.0231065118698488,30
WFG3_D30,SMS-EGO,5,0.7141807099401318,0.023823578138602683,30
WFG3_D30,SMS-EGO,6,0.7206869888702767,0.02107873329537114,30
WFG3_D30,SMS-EGO,7,0.7120525756988805,0.026145940469158604,30
WFG3_D30,SMS-EGO,8,0.7277983657823629,0.02132930284771597,30
WFG3_D30,SMS-EGO,9,0.7065559968474137,0.024301663080072852,30
WFG3_D30,SMS-EGO,10,0.6957706047979061,0.024882387584406508,30
WFG3_D30,SMS-EGO,11,0.7242728785983107,0.01877570409415079,30
WFG3_D30,SMS-EGO,12,0.7153083333932737,0.021815057594160976,30
WFG3_D30,SMS-EGO,13,0.7412373682826945,0.02178132176132272,30
WFG3_D30,SMS-EGO,14,0.7273379504676698,0.020874157069801304,30
WFG3_D30,SMS-EGO,15,0.6858639563855394,0.02338752111357784,30
WFG3_D30,SMS-EGO,16,0.7023853114867774,0.021210945511897436,30
WFG3_D30,SMS-EGO,17,0.6974314039831115,0.025847923391095394,30
WFG3_D30,SMS-EGO,18,0.7316960030692801,0.019099939014923142,30
WFG3_D30,SMS-EGO,19,0.7350558360612743,0.020015179029947237,30
WFG3_D30,SMS-EGO,20,0.7484052951533043,0.01946710661313162,30
WFG3_D30,ParEGO,1,0.6916609708396704,0.026326196472137024,30
WFG3_D30,ParEGO,2,0.6997434377608783,0.026214668749640915,30
WFG3_D30,ParEGO,3,0.7150904754903051,0.021954013149648267,30
WFG3_D30,ParEGO,4,0.7062664869185941,0.024347401573849785,30
WFG3_D30,ParEGO,5,0.72381524097763,0.02398261811605455,30
WFG3_D30,ParEGO,6,0.6981434744669793,0.023062277085919798,30
WFG3_D30,ParEGO,7,0.6952450256599247,0.024660426489137816,30
WFG3_D30,ParEGO,8,0.7061387104295208,0.02257351144541412,30
WFG3_D30,ParEGO,9,0.7059719041413751,0.026305939451848944,30
WFG3_D30,ParEGO,10,0.7143728466881634,0.02222920133019613,30
WFG3_D30,ParEGO,11,0.703944543022202,0.0230055064626539,30
WFG3_D30,ParEGO,12,0.7084521069869288,0.023473591432801887,30
WFG3_D30,ParEGO,13,0.7044210638163109,0.023772010039651924,30
WFG3_D30,ParEGO,14,0.690207648349094,0.02372390545371417,30
WFG3_D30,ParEGO,15,0.7046875000730979,0.022729922758078863,30
WFG3_D30,ParEGO,16,0.7062528484890871,0.021125283643088473,30
WFG3_D30,ParEGO,17,0.6923181409195471,0.02458683562022051,30
WFG3_D30,ParEGO,18,0.7010274369087562,0.024734011847729543,30
WFG3_D30,ParEGO,19,0.7506917220635643,0.019847856010439903,30
WFG3_D30,ParEGO,20,0.7272309203165558,0.019556061816121108,30
WFG3_D30,HF-NSGA-II,1,0.7154273183288147,0.021472715143869652,30
WFG3_D30,HF-NSGA-II,2,0.6765060006415541,0.024559787362130013,30
WFG3_D30,HF-NSGA-II,3,0.7171044168913582,0.02453580891928907,30
WFG3_D30,HF-NSGA-II,4,0.6784772814370978,0.02299753673730654,30
WFG3_D30,HF-NSGA-II,5,0.6864141390830883,0.0266312402129759,30
WFG3_D30,HF-NSGA-II,6,0.6941777037727177,0.0245144507858022,30
WFG3_D30,HF-NSGA-II,7,0.7131842642748474,0.023073655301946116,30
WFG3_D30,HF-NSGA-II,8,0.6911327484184386,0.025797301231987577,30
WFG3_D30,HF-NSGA-II,9,0.7111086841786823,0.024341649205950232,30
WFG3_D30,HF-NSGA-II,10,0.7004840377826175,0.023441969427518784,30
WFG3_D30,HF-NSGA-II,11,0.6617436787080725,0.027509082268962322,30
WFG3_D30,HF-NSGA-II,12,0.7042717641543724,0.0230998585318788,30
WFG3_D30,HF-NSGA-II,13,0.7106071156349164,0.022620894906517634,30
WFG3_D30,HF-NSGA-II,14,0.6959928455637183,0.022875502896250892,30
WFG3_D30,HF-NSGA-II,15,0.7266245538671822,0.021477064928038036,30
WFG3_D30,HF-NSGA-II,16,0.7166986089564907,0.021091075925833137,30
WFG3_D30,HF-NSGA-II,17,0.7205868802146209,0.022201046598969824,30
WFG3_D30,HF-NSGA-II,18,0.7066366531185023,0.025078583501248117,30
WFG3_D30,HF-NSGA-II,19,0.7055801338974551,0.023246071562572936,30
WFG3_D30,HF-NSGA-II,20,0.7136333084601971,0.02066798219389642,30
WFG4_D30,MF-BCL-SAEA,1,0.838532471806985,0.012350732470132637,30
WFG4_D30,MF-BCL-SAEA,2,0.827278012025944,0.012077973833198844,30
WFG4_D30,MF-BCL-SAEA,3,0.846763643217883,0.012953190861432165,30
WFG4_D30,MF-BCL-SAEA,4,0.8514919008961973,0.009515886639834076,30
WFG4_D30,MF-BCL-SAEA,5,0.8219217215612703,0.015435030201718783,30
WFG4_D30,MF-BCL-SAEA,6,0.8244234357328568,0.011993390838356752,30
WFG4_D30,MF-BCL-SAEA,7,0.8108543776898287,0.01627664638103242,30
WFG4_D30,MF-BCL-SAEA,8,0.8180340665530912,0.012746675841999414,30
WFG4_D30,MF-BCL-SAEA,9,0.8219493792739107,0.017286120659745975,30
WFG4_D30,MF-BCL-SAEA,10,0.835037887846613,0.013309734705857529,30
WFG4_D30,MF-BCL-SAEA,11,0.8309112716074312,0.014506524514018751,30
WFG4_D30,MF-BCL-SAEA,12,0.8343218742465546,0.013730198249679132,30
WFG4_D30,MF-BCL-SAEA,13,0.8460795818921208,0.011897336632236941,30
WFG4_D30,MF-BCL-SAEA,14,0.8470318196628657,0.014740846280945637,30
WFG4_D30,MF-BCL-SAEA,15,0.8197191376158807,0.016550869682834816,30
WFG4_D30,MF-BCL-SAEA,16,0.835074671709138,0.015201891450080187,30
WFG4_D30,MF-BCL-SAEA,17,0.8463027305273958,0.012759212263212836,30
WFG4_D30,MF-BCL-SAEA,18,0.8629266406577576,0.012327881712597313,30
WFG4_D30,MF-BCL-SAEA,19,0.8356350620448659,0.011483600202808775,30
WFG4_D30,MF-BCL-SAEA,20,0.8114048713513622,0.011469772053010946,30
WFG4_D30,MF-EMTO,1,0.8100383716367181,0.013800285426474643,30
WFG4_D30,MF-EMTO,2,0.8123442453941149,0.014655302234161649,30
WFG4_D30,MF-EMTO,3,0.8360750992796574,0.012999154853306044,30
WFG4_D30,MF-EMTO,4,0.8184507157445956,0.016100200489142145,30
WFG4_D30,MF-EMTO,5,0.8140985893118188,0.016355290460652025,30
WFG4_D30,MF-EMTO,6,0.7982515163827252,0.01563999159702054,30
WFG4_D30,MF-EMTO,7,0.823227784266499,0.010855040045298402,30
WFG4_D30,MF-EMTO,8,0.804707132727216,0.015138993472683871,30
WFG4_D30,MF-EMTO,9,0.8044916537689442,0.016664354454060115,30
WFG4_D30,MF-EMTO,10,0.7949389870583148,0.0174846863173029,30
WFG4_D30,MF-EMTO,11,0.8239493953449161,0.013744364244214744,30
WFG4_D30,MF-EMTO,12,0.7963839768051556,0.016076927586281452,30
WFG4_D30,MF-EMTO,13,0.8017773294064154,0.01802755240496149,30
WFG4_D30,MF-EMTO,14,0.7739869996000215,0.017959952693360336,30
WFG4_D30,MF-EMTO,15,0.7964715285648095,0.01987468991824173,30
WFG4_D30,MF-EMTO,16,0.8306405696775353,0.010737123503437734,30
WFG4_D30,MF-EMTO,17,0.8007166670583091,0.015014470188500996,30
WFG4_D30,MF-EMTO,18,0.7972484290877041,0.015979735372985974,30
WFG4_D30,MF-EMTO,19,0.805448833122479,0.01751125598614292,30
WFG4_D30,MF-EMTO,20,0.80251627730928,0.017518019766139193,30
WFG4_D30,qNEHVI,1,0.7494855973263319,0.022706674350587697,30
WFG4_D30,qNEHVI,2,0.7830913710946905,0.015967269123545753,30
WFG4_D30,qNEHVI,3,0.8059004332867205,0.015875066275406646,30
WFG4_D30,qNEHVI,4,0.8395085068654322,0.012934375549029114,30
WFG4_D30,qNEHVI,5,0.8233276212943993,0.01397796733664745,30
WFG4_D30,qNEHVI,6,0.7925907620868065,0.017055726172654693,30
WFG4_D30,qNEHVI,7,0.80834385172709,0.014471492174247464,30
WFG4_D30,qNEHVI,8,0.8085201167695549,0.015125827402348267,30
WFG4_D30,qNEHVI,9,0.7773875642057889,0.016085273740233757,30
WFG4_D30,qNEHVI,10,0.8288142444381248,0.013039680279441428,30
WFG4_D30,qNEHVI,11,0.7961641163275894,0.015181316627545226,30
WFG4_D30,qNEHVI,12,0.8110091911752235,0.01513397041762561,30
WFG4_D30,qNEHVI,13,0.8131158359100125,0.01507334810282428,30
WFG4_D30,qNEHVI,14,0.816695807781476,0.013437043571060578,30
WFG4_D30,qNEHVI,15,0.7900059280093807,0.016608466419897917,30
WFG4_D30,qNEHVI,16,0.8052515948529438,0.019087381645632326,30
WFG4_D30,qNEHVI,17,0.7911737946797096,0.01688533419944799,30
WFG4_D30,qNEHVI,18,0.8233474165430048,0.011578530233211433,30
WFG4_D30,qNEHVI,19,0.805816661807305,0.01645558884598542,30
WFG4_D30,qNEHVI,20,0.7966935376018691,0.017673353582359247,30
WFG4_D30,LC-SAEA,1,0.7805396089161843,0.020279359522744244,30
WFG4_D30,LC-SAEA,2,0.7782479988432428,0.018285582023151885,30
WFG4_D30,LC-SAEA,3,0.8178305759023534,0.015490297004064702,30
WFG4_D30,LC-SAEA,4,0.8087282125778861,0.015032542101409632,30
WFG4_D30,LC-SAEA,5,0.769281895148229,0.017848125397982233,30
WFG4_D30,LC-SAEA,6,0.8075030517925705,0.0166098420144881,30
WFG4_D30,LC-SAEA,7,0.7987459194765603,0.014119941356210565,30
WFG4_D30,LC-SAEA,8,0.8181735068329206,0.014743652034446796,30
WFG4_D30,LC-SAEA,9,0.8083487743955188,0.01662753881219616,30
WFG4_D30,LC-SAEA,10,0.7832633674247089,0.020564013290006452,30
WFG4_D30,LC-SAEA,11,0.8090006779204598,0.01629587851567419,30
WFG4_D30,LC-SAEA,12,0.8238983492858833,0.01374924329096617,30
WFG4_D30,LC-SAEA,13,0.7828115450645275,0.01823751406204358,30
WFG4_D30,LC-SAEA,14,0.8030039413964394,0.013800216727034645,30
WFG4_D30,LC-SAEA,15,0.791433234568231,0.016233670985523026,30
WFG4_D30,LC-SAEA,16,0.7799367688952048,0.01579278392695718,30
WFG4_D30,LC-SAEA,17,0.7971977436226444,0.014812726854108518,30
WFG4_D30,LC-SAEA,18,0.7858142713883115,0.015813859640898563,30
WFG4_D30,LC-SAEA,19,0.8193195822067395,0.014412387845431597,30
WFG4_D30,LC-SAEA,20,0.8014519547816668,0.01399889997908863,30
WFG4_D30,C-SAEA,1,0.8060589732083695,0.016194930434211597,30
WFG4_D30,C-SAEA,2,0.754351991112187,0.019371006999481726,30
WFG4_D30,C-SAEA,3,0.7850485906566164,0.017017035981435828,30
WFG4_D30,C-SAEA,4,0.7910954083515508,0.01354600095173306,30
WFG4_D30,C-SAEA,5,0.7905614622705751,0.018390991904310865,30
WFG4_D30,C-SAEA,6,0.7934160996748546,0.017645633738629325,30
WFG4_D30,C-SAEA,7,0.7755630382410227,0.01522210308454796,30
WFG4_D30,C-SAEA,8,0.7920621395736732,0.014599288270818772,30
WFG4_D30,C-SAEA,9,0.7901912195388867,0.0185343897486975,30
WFG4_D30,C-SAEA,10,0.7935830471662677,0.01960330918689914,30
WFG4_D30,C-SAEA,11,0.8124015372302289,0.014018775978215737,30
WFG4_D30,C-SAEA,12,0.7767371851314683,0.017644453958384015,30
WFG4_D30,C-SAEA,13,0.7867012049376171,0.01880719634261787,30
WFG4_D30,C-SAEA,14,0.7918503316858181,0.016248984394141033,30
WFG4_D30,C-SAEA,15,0.7929686586405876,0.012715468831041785,30
WFG4_D30,C-SAEA,16,0.7986341216335505,0.017059063478169937,30
WFG4_D30,C-SAEA,17,0.7802105422231077,0.017627698085701467,30
WFG4_D30,C-SAEA,18,0.7944967340637773,0.015437253389394896,30
WFG4_D30,C-SAEA,19,0.8106428055579531,0.015876113238570633,30
WFG4_D30,C-SAEA,20,0.8043133242445736,0.01519280722479664,30
WFG4_D30,MOEA/D-GP,1,0.769165067605258,0.02029474619728597,30
WFG4_D30,MOEA/D-GP,2,0.7911655987451784,0.017356136632647838,30
WFG4_D30,MOEA/D-GP,3,0.7918638950147353,0.015305670913336206,30
WFG4_D30,MOEA/D-GP,4,0.7671012875990816,0.018293554513570776,30
WFG4_D30,MOEA/D-GP,5,0.7657094604248256,0.019960249591880384,30
WFG4_D30,MOEA/D-GP,6,0.781481687321948,0.01884803993757458,30
WFG4_D30,MOEA/D-GP,7,0.7649128139373631,0.018398758988662407,30
WFG4_D30,MOEA/D-GP,8,0.7757678217895115,0.018771475146518477,30
WFG4_D30,MOEA/D-GP,9,0.8160196124485432,0.014640031598806738,30
WFG4_D30,MOEA/D-GP,10,0.7551544800237147,0.02149528268703107,30
WFG4_D30,MOEA/D-GP,11,0.7747331686863623,0.0189054206381374,30
WFG4_D30,MOEA/D-GP,12,0.7715374473641947,0.02084229022567211,30
WFG4_D30,MOEA/D-GP,13,0.8117912264347278,0.01573184234980482,30
WFG4_D30,MOEA/D-GP,14,0.7845916975999326,0.01882992482066122,30
WFG4_D30,MOEA/D-GP,15,0.7283896948412578,0.02083587182848639,30
WFG4_D30,MOEA/D-GP,16,0.7993909718710457,0.01604886044713147,30
WFG4_D30,MOEA/D-GP,17,0.7765020219682025,0.016703852203888796,30
WFG4_D30,MOEA/D-GP,18,0.7680888366318381,0.01657647154668805,30
WFG4_D30,MOEA/D-GP,19,0.7775472778933483,0.020276341256657095,30
WFG4_D30,MOEA/D-GP,20,0.775266490920315,0.01841396498617119,30
WFG4_D30,SMS-EGO,1,0.752974716520459,0.018287291289893707,30
WFG4_D30,SMS-EGO,2,0.7925572381232201,0.018352989905348012,30
WFG4_D30,SMS-EGO,3,0.7791599818782873,0.016710893736694613,30
WFG4_D30,SMS-EGO,4,0.7602509591598139,0.016683492265171063,30
WFG4_D30,SMS-EGO,5,0.7659346026336243,0.020478261492419717,30
WFG4_D30,SMS-EGO,6,0.7966552760516007,0.015467090705738182,30
WFG4_D30,SMS-EGO,7,0.7684055686180882,0.016753879237592213,30
WFG4_D30,SMS-EGO,8,0.7762347076660585,0.018340455022435614,30
WFG4_D30,SMS-EGO,9,0.7719178571328262,0.018558390093817576,30
WFG4_D30,SMS-EGO,10,0.778352820170149,0.015992177562137166,30
WFG4_D30,SMS-EGO,11,0.7517953272858681,0.0169142570770404,30
WFG4_D30,SMS-EGO,12,0.7589193651692232,0.019512793547889196,30
WFG4_D30,SMS-EGO,13,0.7853443313860102,0.019444448450207895,30
WFG4_D30,SMS-EGO,14,0.7868550165409683,0.016072152610989335,30
WFG4_D30,SMS-EGO,15,0.8156127983244941,0.016688656712822526,30
WFG4_D30,SMS-EGO,16,0.7980762414795406,0.016258027634531397,30
WFG4_D30,SMS-EGO,17,0.7754304996999292,0.017912752393655015,30
WFG4_D30,SMS-EGO,18,0.754074406461824,0.019487919581332887,30
WFG4_D30,SMS-EGO,19,0.7557992165632574,0.02192461817295016,30
WFG4_D30,SMS-EGO,20,0.7676962339676295,0.016191284992862008,30
WFG4_D30,ParEGO,1,0.7748189991757229,0.017838852759511872,30
WFG4_D30,ParEGO,2,0.7341462810234698,0.020635750367073026,30
WFG4_D30,ParEGO,3,0.7747681380033509,0.018394651303391078,30
WFG4_D30,ParEGO,4,0.7467385717037193,0.021492488627575752,30
WFG4_D30,ParEGO,5,0.7726170772313864,0.0160753585189677,30
WFG4_D30,ParEGO,6,0.7649948427920978,0.021274935111319546,30
WFG4_D30,ParEGO,7,0.7613919301121481,0.018559463318699853,30
WFG4_D30,ParEGO,8,0.7639984371360845,0.017501620696935415,30
WFG4_D30,ParEGO,9,0.7804364110228247,0.01793525206579684,30
WFG4_D30,ParEGO,10,0.7627062316760569,0.018453350621954648,30
WFG4_D30,ParEGO,11,0.7811303479270104,0.017581288766029383,30
WFG4_D30,ParEGO,12,0.7512993564862968,0.019210577100755747,30
WFG4_D30,ParEGO,13,0.7507199717309374,0.017133207756022867,30
WFG4_D30,ParEGO,14,0.7709411710180153,0.02177388834500632,30
WFG4_D30,ParEGO,15,0.7861728202559447,0.017660937084821984,30
WFG4_D30,ParEGO,16,0.7384917854413449,0.02078765686826108,30
WFG4_D30,ParEGO,17,0.7737259232875974,0.017759672004587754,30
WFG4_D30,ParEGO,18,0.786595565544179,0.01474645847443732,30
WFG4_D30,ParEGO,19,0.7690857522446964,0.018762088832790055,30
WFG4_D30,ParEGO,20,0.7543279286380035,0.02170136210960008,30
WFG4_D30,HF-NSGA-II,1,0.753964467640738,0.019331201959084426,30
WFG4_D30,HF-NSGA-II,2,0.7558567437050648,0.01898805336658846,30
WFG4_D30,HF-NSGA-II,3,0.7313142089738319,0.021083513009164435,30
WFG4_D30,HF-NSGA-II,4,0.7485628463021958,0.020547317569667996,30
WFG4_D30,HF-NSGA-II,5,0.7746249947535113,0.017499951743936155,30
WFG4_D30,HF-NSGA-II,6,0.7624928374664977,0.019255901950415658,30
WFG4_D30,HF-NSGA-II,7,0.7808808096217271,0.019341708931558586,30
WFG4_D30,HF-NSGA-II,8,0.7504630552398615,0.01809618422633587,30
WFG4_D30,HF-NSGA-II,9,0.7718981182760716,0.017001544047660775,30
WFG4_D30,HF-NSGA-II,10,0.7663177211765986,0.018099315088991666,30
WFG4_D30,HF-NSGA-II,11,0.7731349379632633,0.01882556748861367,30
WFG4_D30,HF-NSGA-II,12,0.7718810079507424,0.01713005302924812,30
WFG4_D30,HF-NSGA-II,13,0.7527283362968935,0.01954048319309937,30
WFG4_D30,HF-NSGA-II,14,0.7547406117522726,0.019536552681349382,30
WFG4_D30,HF-NSGA-II,15,0.7551822716728533,0.01850735983144183,30
WFG4_D30,HF-NSGA-II,16,0.737984625324317,0.0236445797006178,30
WFG4_D30,HF-NSGA-II,17,0.7430832079237256,0.01773437691727219,30
WFG4_D30,HF-NSGA-II,18,0.766921213143305,0.020307506466766736,30
WFG4_D30,HF-NSGA-II,19,0.7460461987129936,0.017623602537525016,30
WFG4_D30,HF-NSGA-II,20,0.7677167292678534,0.021676789047516985,30
WFG5_D30,MF-BCL-SAEA,1,0.8707082415288011,0.011588511322368525,30
WFG5_D30,MF-BCL-SAEA,2,0.8388694864132568,0.0126352411208848,30
WFG5_D30,MF-BCL-SAEA,3,0.8502730084806804,0.012972743497278495,30
WFG5_D30,MF-BCL-SAEA,4,0.8700080657715745,0.010904915340554266,30
WFG5_D30,MF-BCL-SAEA,5,0.8564306888560803,0.011519609429224012,30
WFG5_D30,MF-BCL-SAEA,6,0.8646303709224941,0.010018622173467747,30
WFG5_D30,MF-BCL-SAEA,7,0.8662387258945113,0.010589049589107523,30
WFG5_D30,MF-BCL-SAEA,8,0.8780981740941928,0.009553411389219587,30
WFG5_D30,MF-BCL-SAEA,9,0.8727659670848873,0.009576304783928865,30
WFG5_D30,MF-BCL-SAEA,10,0.8321429160783187,0.011986182799802967,30
WFG5_D30,MF-BCL-SAEA,11,0.8454397469538502,0.009514921769065104,30
WFG5_D30,MF-BCL-SAEA,12,0.856505143548166,0.012503505397773817,30
WFG5_D30,MF-BCL-SAEA,13,0.8453281078584396,0.010054120237513623,30
WFG5_D30,MF-BCL-SAEA,14,0.8365196832580605,0.01229552144434955,30
WFG5_D30,MF-BCL-SAEA,15,0.8712602774163875,0.009503892207155378,30
WFG5_D30,MF-BCL-SAEA,16,0.8730650205274548,0.011918185279566833,30
WFG5_D30,MF-BCL-SAEA,17,0.8565200462180514,0.010786733072210833,30
WFG5_D30,MF-BCL-SAEA,18,0.8610291423712024,0.009377393699563254,30
WFG5_D30,MF-BCL-SAEA,19,0.8359868162313192,0.012112198935467378,30
WFG5_D30,MF-BCL-SAEA,20,0.8629942218084031,0.011877914999873854,30
WFG5_D30,MF-EMTO,1,0.8651250157315521,0.011806621301030206,30
WFG5_D30,MF-EMTO,2,0.9050094194820115,0.00783023030687636,30
WFG5_D30,MF-EMTO,3,0.8539137009459316,0.011880654570647305,30
WFG5_D30,MF-EMTO,4,0.8907594310501563,0.01113833375925648,30
WFG5_D30,MF-EMTO,5,0.8569127222465589,0.013777596264373996,30
WFG5_D30,MF-EMTO,6,0.8978609981160545,0.007937564296917977,30
WFG5_D30,MF-EMTO,7,0.8565569134326503,0.010443062773712378,30
WFG5_D30,MF-EMTO,8,0.8539550838778488,0.01241531325403744,30
WFG5_D30,MF-EMTO,9,0.8945747442252867,0.006167301449526515,30
WFG5_D30,MF-EMTO,10,0.8636333923525258,0.010126799790782967,30
WFG5_D30,MF-EMTO,11,0.8600806163863349,0.010840879232447965,30
WFG5_D30,MF-EMTO,12,0.8599712572150695,0.009944250113574502,30
WFG5_D30,MF-EMTO,13,0.9056405441933543,0.00657871493202106,30
WFG5_D30,MF-EMTO,14,0.8854021387253936,0.00926976222708684,30
WFG5_D30,MF-EMTO,15,0.8783544962498018,0.007795681712192791,30
WFG5_D30,MF-EMTO,16,0.8983230964736203,0.00892314467604506,30
WFG5_D30,MF-EMTO,17,0.8886127184813954,0.008304405406500709,30
WFG5_D30,MF-EMTO,18,0.8651848295032325,0.011192803504523452,30
WFG5_D30,MF-EMTO,19,0.8650822851373503,0.010797249037062412,30
WFG5_D30,MF-EMTO,20,0.8663383252844812,0.011345434598450919,30
WFG5_D30,qNEHVI,1,0.8483759549803824,0.010925356034246216,30
WFG5_D30,qNEHVI,2,0.8272110516481325,0.013358926023032602,30
WFG5_D30,qNEHVI,3,0.8700629540672246,0.009165418373561659,30
WFG5_D30,qNEHVI,4,0.8563705428957574,0.010622836352038605,30
WFG5_D30,qNEHVI,5,0.8283555927795332,0.016430125040422863,30
WFG5_D30,qNEHVI,6,0.8416322864881884,0.012776468629785726,30
WFG5_D30,qNEHVI,7,0.8284791682716277,0.013281326272603367,30
WFG5_D30,qNEHVI,8,0.8440972897764123,0.01204876385508029,30
WFG5_D30,qNEHVI,9,0.8435018314523152,0.01040633200766121,30
WFG5_D30,qNEHVI,10,0.8344467027175849,0.013685257098612466,30
WFG5_D30,qNEHVI,11,0.8129145848695395,0.01773417488192916,30
WFG5_D30,qNEHVI,12,0.8348526387427242,0.013481074840032487,30
WFG5_D30,qNEHVI,13,0.8596251677773057,0.011575705730153825,30
WFG5_D30,qNEHVI,14,0.8379932662496238,0.011741563910733293,30
WFG5_D30,qNEHVI,15,0.8550094768642338,0.012202668239478376,30
WFG5_D30,qNEHVI,16,0.8553660884828879,0.008357386304178465,30
WFG5_D30,qNEHVI,17,0.844261432775621,0.012728899337675181,30
WFG5_D30,qNEHVI,18,0.8517122670036144,0.011628759873475737,30
WFG5_D30,qNEHVI,19,0.848519347472093,0.010506904514401297,30
WFG5_D30,qNEHVI,20,0.8390811558717747,0.013471637576875238,30
WFG5_D30,LC-SAEA,1,0.8307913100391271,0.014525988877710568,30
WFG5_D30,LC-SAEA,2,0.8504650305604625,0.01316777279170325,30
WFG5_D30,LC-SAEA,3,0.8491411578349766,0.010151425213797603,30
WFG5_D30,LC-SAEA,4,0.8261028087370328,0.013069452122567674,30
WFG5_D30,LC-SAEA,5,0.8366604254806508,0.01358147699287617,30
WFG5_D30,LC-SAEA,6,0.8644414509967466,0.010695490430275382,30
WFG5_D30,LC-SAEA,7,0.8207991274215015,0.017028456336044776,30
WFG5_D30,LC-SAEA,8,0.8367273241397194,0.014129572202522565,30
WFG5_D30,LC-SAEA,9,0.863093751042433,0.009010175499032267,30
WFG5_D30,LC-SAEA,10,0.8483421179912078,0.012829525396946182,30
WFG5_D30,LC-SAEA,11,0.8380696426545275,0.013076933587379628,30
WFG5_D30,LC-SAEA,12,0.8488206867911449,0.010671041558180841,30
WFG5_D30,LC-SAEA,13,0.8505386886411106,0.006962898291320057,30
WFG5_D30,LC-SAEA,14,0.8332474333337753,0.012780781884363827,30
WFG5_D30,LC-SAEA,15,0.835458254787822,0.011948646406710992,30
WFG5_D30,LC-SAEA,16,0.8483896271853759,0.013106006741587085,30
WFG5_D30,LC-SAEA,17,0.844089924694411,0.014541926153784579,30
WFG5_D30,LC-SAEA,18,0.8325197795323604,0.013216413857471219,30
WFG5_D30,LC-SAEA,19,0.8254714002039073,0.013417305238833808,30
WFG5_D30,LC-SAEA,20,0.8459347780248875,0.010206412073206923,30
WFG5_D30,C-SAEA,1,0.825010522170243,0.013385641317746258,30
WFG5_D30,C-SAEA,2,0.8142748106146181,0.0158252442945881,30
WFG5_D30,C-SAEA,3,0.8183714719824099,0.014099374315427337,30
WFG5_D30,C-SAEA,4,0.8070686276130934,0.016128351332673332,30
WFG5_D30,C-SAEA,5,0.8221261765268182,0.016915595714928535,30
WFG5_D30,C-SAEA,6,0.8336730247354706,0.013500422539888842,30
WFG5_D30,C-SAEA,7,0.8177494759100729,0.015599128773599915,30
WFG5_D30,C-SAEA,8,0.8210021920267409,0.012562245947800988,30
WFG5_D30,C-SAEA,9,0.829083133236793,0.014639568439877931,30
WFG5_D30,C-SAEA,10,0.8286464762097774,0.013229696283813529,30
WFG5_D30,C-SAEA,11,0.8189401972697823,0.014211517119294899,30
WFG5_D30,C-SAEA,12,0.8443816292180356,0.015456879663786522,30
WFG5_D30,C-SAEA,13,0.8358664655281176,0.014899443564759743,30
WFG5_D30,C-SAEA,14,0.8074087208895336,0.015551114888178768,30
WFG5_D30,C-SAEA,15,0.8069676923233113,0.013159057949064695,30
WFG5_D30,C-SAEA,16,0.8192346894570004,0.015666513830083134,30
WFG5_D30,C-SAEA,17,0.8595414809302054,0.01112067149096168,30
WFG5_D30,C-SAEA,18,0.8219971136467458,0.01375981813652483,30
WFG5_D30,C-SAEA,19,0.8402478722316222,0.013839429253680898,30
WFG5_D30,C-SAEA,20,0.8299247921759156,0.014738365117646052,30
WFG5_D30,MOEA/D-GP,1,0.8089889243756142,0.014896673025209297,30
WFG5_D30,MOEA/D-GP,2,0.8039560826425011,0.014217001724446761,30
WFG5_D30,MOEA/D-GP,3,0.8188570500006886,0.012047166038016017,30
WFG5_D30,MOEA/D-GP,4,0.8391046422193736,0.014488589043542801,30
WFG5_D30,MOEA/D-GP,5,0.8284067856128234,0.015870797784034375,30
WFG5_D30,MOEA/D-GP,6,0.832919914896956,0.014826848929891322,30
WFG5_D30,MOEA/D-GP,7,0.7930522988447098,0.016705796475192956,30
WFG5_D30,MOEA/D-GP,8,0.8155674168476095,0.012057075333161032,30
WFG5_D30,MOEA/D-GP,9,0.8195956305893162,0.014485518972590657,30
WFG5_D30,MOEA/D-GP,10,0.8217769816854875,0.015402674212891184,30
WFG5_D30,MOEA/D-GP,11,0.806075104841995,0.01580361716153057,30
WFG5_D30,MOEA/D-GP,12,0.8366103875241784,0.012901825086165556,30
WFG5_D30,MOEA/D-GP,13,0.7897048968025792,0.018634354732692277,30
WFG5_D30,MOEA/D-GP,14,0.7955232086012889,0.016675924599054863,30
WFG5_D30,MOEA/D-GP,15,0.8222359819087055,0.013479171241016209,30
WFG5_D30,MOEA/D-GP,16,0.8106764052583778,0.012262871972597695,30
WFG5_D30,MOEA/D-GP,17,0.8360838424820567,0.014455051721144387,30
WFG5_D30,MOEA/D-GP,18,0.8547042119501184,0.010302923775138702,30
WFG5_D30,MOEA/D-GP,19,0.8151109235441136,0.015965674696284606,30
WFG5_D30,MOEA/D-GP,20,0.8319338902754795,0.013524540369799444,30
WFG5_D30,SMS-EGO,1,0.7909884642579559,0.017509894677038194,30
WFG5_D30,SMS-EGO,2,0.8065465440395403,0.016817286055196768,30
WFG5_D30,SMS-EGO,3,0.7990447571566481,0.01573410864094165,30
WFG5_D30,SMS-EGO,4,0.8375677315022394,0.016110155500755566,30
WFG5_D30,SMS-EGO,5,0.816351723578351,0.017820053507737334,30
WFG5_D30,SMS-EGO,6,0.7988655443507017,0.015916475014613875,30
WFG5_D30,SMS-EGO,7,0.780381499502188,0.018344305939039966,30
WFG5_D30,SMS-EGO,8,0.8098765776672507,0.014610442822480248,30
WFG5_D30,SMS-EGO,9,0.8180768273540134,0.01396308655443534,30
WFG5_D30,SMS-EGO,10,0.7838989050078743,0.017770349227264018,30
WFG5_D30,SMS-EGO,11,0.8006539140527209,0.015989439578742725,30
WFG5_D30,SMS-EGO,12,0.8069568179295956,0.014692338177027833,30
WFG5_D30,SMS-EGO,13,0.8409671826778023,0.011154159910491913,30
WFG5_D30,SMS-EGO,14,0.8099163531994985,0.014478478910780891,30
WFG5_D30,SMS-EGO,15,0.8262333369577006,0.011816820156599267,30
WFG5_D30,SMS-EGO,16,0.7970702026694768,0.016871202948841015,30
WFG5_D30,SMS-EGO,17,0.8172942412819126,0.013533104697124487,30
WFG5_D30,SMS-EGO,18,0.7862351318129415,0.01660638067534799,30
WFG5_D30,SMS-EGO,19,0.8267365484068917,0.014409582462787082,30
WFG5_D30,SMS-EGO,20,0.8403052703413093,0.01363614826852823,30
WFG5_D30,ParEGO,1,0.7955521397277602,0.01366401542664251,30
WFG5_D30,ParEGO,2,0.8123792742882793,0.014494795085633429,30
WFG5_D30,ParEGO,3,0.8108369652280861,0.01440116224901416,30
WFG5_D30,ParEGO,4,0.7796150404972944,0.015382916615702295,30
WFG5_D30,ParEGO,5,0.7926055585179534,0.016327073085665188,30
WFG5_D30,ParEGO,6,0.805985739178599,0.018934875120498858,30
WFG5_D30,ParEGO,7,0.8088212875383277,0.016550296620143255,30
WFG5_D30,ParEGO,8,0.7958697212692459,0.016187845029107882,30
WFG5_D30,ParEGO,9,0.7960354978654003,0.014552676227916924,30
WFG5_D30,ParEGO,10,0.8112931511582976,0.014322838175541582,30
WFG5_D30,ParEGO,11,0.7799028653250892,0.015311395806113163,30
WFG5_D30,ParEGO,12,0.8078264802706003,0.017021018848999175,30
WFG5_D30,ParEGO,13,0.7760641923717011,0.01956328142015346,30
WFG5_D30,ParEGO,14,0.8237275864592835,0.01461181474137811,30
WFG5_D30,ParEGO,15,0.8128476899154442,0.015193878551618991,30
WFG5_D30,ParEGO,16,0.80499675055791,0.015963287097777095,30
WFG5_D30,ParEGO,17,0.8325794054403866,0.015982418011757697,30
WFG5_D30,ParEGO,18,0.7798274477798107,0.016308076308110847,30
WFG5_D30,ParEGO,19,0.803422495665064,0.015063808633873195,30
WFG5_D30,ParEGO,20,0.7974826545134898,0.015268888637188269,30
WFG5_D30,HF-NSGA-II,1,0.7694229069206047,0.018795162149860135,30
WFG5_D30,HF-NSGA-II,2,0.8015482020907355,0.01463646477595805,30
WFG5_D30,HF-NSGA-II,3,0.7641369071106601,0.019191978682539263,30
WFG5_D30,HF-NSGA-II,4,0.7746899852694916,0.01830177796644503,30
WFG5_D30,HF-NSGA-II,5,0.7831162370670248,0.016849756185995907,30
WFG5_D30,HF-NSGA-II,6,0.7887299504873891,0.0175839467685626,30
WFG5_D30,HF-NSGA-II,7,0.8183770320579901,0.014926493899043788,30
WFG5_D30,HF-NSGA-II,8,0.7933364643697735,0.014001931941051092,30
WFG5_D30,HF-NSGA-II,9,0.7353784473647588,0.0239156274119948,30
WFG5_D30,HF-NSGA-II,10,0.7954340824597562,0.01712028042177052,30
WFG5_D30,HF-NSGA-II,11,0.7868091793415707,0.016126922169434395,30
WFG5_D30,HF-NSGA-II,12,0.7891650677875336,0.014871904723673796,30
WFG5_D30,HF-NSGA-II,13,0.7711904911905678,0.018857850252957744,30
WFG5_D30,HF-NSGA-II,14,0.7831313185012304,0.018083494011480353,30
WFG5_D30,HF-NSGA-II,15,0.8254306482314926,0.010791069349788726,30
WFG5_D30,HF-NSGA-II,16,0.812783684304684,0.015152275358497325,30
WFG5_D30,HF-NSGA-II,17,0.8020735926931002,0.015377027528465651,30
WFG5_D30,HF-NSGA-II,18,0.7959875463041897,0.01899309360258292,30
WFG5_D30,HF-NSGA-II,19,0.7713713397124827,0.017869011697295094,30
WFG5_D30,HF-NSGA-II,20,0.8206730030423933,0.012696228357255916,30
WFG6_D30,MF-BCL-SAEA,1,0.8642440672152952,0.011568179452683397,30
WFG6_D30,MF-BCL-SAEA,2,0.8759385870442374,0.01144723914681787,30
WFG6_D30,MF-BCL-SAEA,3,0.8610457174869456,0.012076366641287145,30
WFG6_D30,MF-BCL-SAEA,4,0.854742292250781,0.013824025647725266,30
WFG6_D30,MF-BCL-SAEA,5,0.8628541042375316,0.008390767332874796,30
WFG6_D30,MF-BCL-SAEA,6,0.8795755424256071,0.010630590250177993,30
WFG6_D30,MF-BCL-SAEA,7,0.859696156424908,0.009751871124891589,30
WFG6_D30,MF-BCL-SAEA,8,0.8721877039680583,0.01051927989450596,30
WFG6_D30,MF-BCL-SAEA,9,0.8712164353707827,0.009837936230919612,30
WFG6_D30,MF-BCL-SAEA,10,0.8923494511026918,0.009259355663933854,30
WFG6_D30,MF-BCL-SAEA,11,0.8857309423439458,0.011330541750071805,30
WFG6_D30,MF-BCL-SAEA,12,0.8536245775778769,0.01160206127867362,30
WFG6_D30,MF-BCL-SAEA,13,0.845670157612919,0.010111469905853416,30
WFG6_D30,MF-BCL-SAEA,14,0.8774626850824809,0.009382680696179153,30
WFG6_D30,MF-BCL-SAEA,15,0.8484662181483812,0.01516605712411371,30
WFG6_D30,MF-BCL-SAEA,16,0.8442100385047081,0.011115439754490152,30
WFG6_D30,MF-BCL-SAEA,17,0.8740587721862856,0.007823498437182497,30
WFG6_D30,MF-BCL-SAEA,18,0.8685636934875212,0.009896090084904687,30
WFG6_D30,MF-BCL-SAEA,19,0.8499886307154783,0.012388017776187801,30
WFG6_D30,MF-BCL-SAEA,20,0.8763127237450894,0.00844804141413606,30
WFG6_D30,MF-EMTO,1,0.8423718333357567,0.0124520965594541,30
WFG6_D30,MF-EMTO,2,0.8660260855362412,0.011915236266595004,30
WFG6_D30,MF-EMTO,3,0.8488425641799096,0.01016405020177722,30
WFG6_D30,MF-EMTO,4,0.840417152786927,0.014987518900799064,30
WFG6_D30,MF-EMTO,5,0.8652264389082854,0.01026803150434316,30
WFG6_D30,MF-EMTO,6,0.8704294735937821,0.011013333181200931,30
WFG6_D30,MF-EMTO,7,0.8551357270713553,0.013080991401584231,30
WFG6_D30,MF-EMTO,8,0.8026477818483941,0.016613192011870403,30
WFG6_D30,MF-EMTO,9,0.8389538279687256,0.011376409005445978,30
WFG6_D30,MF-EMTO,10,0.8368729745583462,0.015112320226645872,30
WFG6_D30,MF-EMTO,11,0.8713786136874955,0.011060063462383165,30
WFG6_D30,MF-EMTO,12,0.8680679339894598,0.011498873398749566,30
WFG6_D30,MF-EMTO,13,0.8599643937908115,0.011982623316091099,30
WFG6_D30,MF-EMTO,14,0.8507728012986413,0.012126610294634346,30
WFG6_D30,MF-EMTO,15,0.8300799842582325,0.014993574412216697,30
WFG6_D30,MF-EMTO,16,0.8432230218620809,0.012477923328389614,30
WFG6_D30,MF-EMTO,17,0.8337919010465525,0.013119744733109071,30
WFG6_D30,MF-EMTO,18,0.8385702709518973,0.014512713791340823,30
WFG6_D30,MF-EMTO,19,0.8460001326759876,0.011503174436123127,30
WFG6_D30,MF-EMTO,20,0.8330222502623832,0.01507436909046678,30
WFG6_D30,qNEHVI,1,0.8443995714422519,0.01349343334426711,30
WFG6_D30,qNEHVI,2,0.8007762779103694,0.01158990117221383,30
WFG6_D30,qNEHVI,3,0.8677020400184543,0.01162571214928604,30
WFG6_D30,qNEHVI,4,0.8362499457680311,0.011934058988140409,30
WFG6_D30,qNEHVI,5,0.8590036053908817,0.00921666995042344,30
WFG6_D30,qNEHVI,6,0.8615839862849736,0.01223067756701441,30
WFG6_D30,qNEHVI,7,0.8567552568671306,0.011602691366723046,30
WFG6_D30,qNEHVI,8,0.8048733475397924,0.014455522631565385,30
WFG6_D30,qNEHVI,9,0.8390627427819725,0.01345381119055695,30
WFG6_D30,qNEHVI,10,0.8456021890175662,0.012001438091608,30
WFG6_D30,qNEHVI,11,0.8520412214233016,0.012440940007967883,30
WFG6_D30,qNEHVI,12,0.8289687674418404,0.013537599481528984,30
WFG6_D30,qNEHVI,13,0.8184236150329287,0.012083936932341036,30
WFG6_D30,qNEHVI,14,0.8454453104032187,0.010086266360548038,30
WFG6_D30,qNEHVI,15,0.8512795850720253,0.011756291375972575,30
WFG6_D30,qNEHVI,16,0.816869232845082,0.014078430521807397,30
WFG6_D30,qNEHVI,17,0.8395362990960852,0.011631888442941192,30
WFG6_D30,qNEHVI,18,0.8471522714291907,0.011021952391119826,30
WFG6_D30,qNEHVI,19,0.851456619680995,0.013623095388587265,30
WFG6_D30,qNEHVI,20,0.8420523276042136,0.01306454985534391,30
WFG6_D30,LC-SAEA,1,0.8214778075781866,0.014538011703304658,30
WFG6_D30,LC-SAEA,2,0.8291031320591338,0.015281149379308896,30
WFG6_D30,LC-SAEA,3,0.8419308687958101,0.015166420088951426,30
WFG6_D30,LC-SAEA,4,0.8161889476265505,0.014884528556591009,30
WFG6_D30,LC-SAEA,5,0.810806282602701,0.016350362732048398,30
WFG6_D30,LC-SAEA,6,0.8482499762448913,0.013002546379133057,30
WFG6_D30,LC-SAEA,7,0.8377801182543102,0.011178565313840714,30
WFG6_D30,LC-SAEA,8,0.8296644658485838,0.009480199371818654,30
WFG6_D30,LC-SAEA,9,0.8446751968787833,0.014695136286721113,30
WFG6_D30,LC-SAEA,10,0.8440536256842577,0.01564125915798873,30
WFG6_D30,LC-SAEA,11,0.8035022271645332,0.012918372710081302,30
WFG6_D30,LC-SAEA,12,0.8413191463884393,0.011274182448165852,30
WFG6_D30,LC-SAEA,13,0.804899580501121,0.01594244826119355,30
WFG6_D30,LC-SAEA,14,0.8087232464817721,0.015997643335451936,30
WFG6_D30,LC-SAEA,15,0.8009971426424771,0.01591874175445776,30
WFG6_D30,LC-SAEA,16,0.811825165924133,0.013970579571890006,30
WFG6_D30,LC-SAEA,17,0.8386753448495801,0.013705908969062708,30
WFG6_D30,LC-SAEA,18,0.83039239067515,0.011934242688987347,30
WFG6_D30,LC-SAEA,19,0.8273616466785171,0.013030554400153804,30
WFG6_D30,LC-SAEA,20,0.8220287275097027,0.01589716761562575,30
WFG6_D30,C-SAEA,1,0.8234115540468703,0.01443752236111833,30
WFG6_D30,C-SAEA,2,0.8247247200562482,0.012942539953106631,30
WFG6_D30,C-SAEA,3,0.8240991224854209,0.011203831304868475,30
WFG6_D30,C-SAEA,4,0.7779888157885516,0.013667753387179432,30
WFG6_D30,C-SAEA,5,0.8090332753320165,0.015239717136668605,30
WFG6_D30,C-SAEA,6,0.8114987228721722,0.01353598272807097,30
WFG6_D30,C-SAEA,7,0.8120913049014753,0.01849083300077305,30
WFG6_D30,C-SAEA,8,0.8278090487456864,0.012763546585973498,30
WFG6_D30,C-SAEA,9,0.819239708731926,0.011565007858042438,30
WFG6_D30,C-SAEA,10,0.8185940543822727,0.013720276809455933,30
WFG6_D30,C-SAEA,11,0.8009127775632021,0.017795443763144646,30
WFG6_D30,C-SAEA,12,0.8256454579049443,0.01361590314167601,30
WFG6_D30,C-SAEA,13,0.8302130205077467,0.018023250926701727,30
WFG6_D30,C-SAEA,14,0.8375003113324551,0.013159130172917328,30
WFG6_D30,C-SAEA,15,0.8370100384951433,0.014174463863249886,30
WFG6_D30,C-SAEA,16,0.8257672755127717,0.011317899511783209,30
WFG6_D30,C-SAEA,17,0.8155802626654838,0.016636250793648093,30
WFG6_D30,C-SAEA,18,0.8324931749965611,0.0106022578198165,30
WFG6_D30,C-SAEA,19,0.8143842926523427,0.015998642784640336,30
WFG6_D30,C-SAEA,20,0.8150608284339862,0.014323853139865717,30
WFG6_D30,MOEA/D-GP,1,0.8030975553208581,0.015645457372240927,30
WFG6_D30,MOEA/D-GP,2,0.8215305467685113,0.015149831298181388,30
WFG6_D30,MOEA/D-GP,3,0.8383821261537618,0.011464295955460023,30
WFG6_D30,MOEA/D-GP,4,0.8333529019320897,0.012231113250169253,30
WFG6_D30,MOEA/D-GP,5,0.8326084380134476,0.01380949296290984,30
WFG6_D30,MOEA/D-GP,6,0.8163215052199392,0.01629871782740342,30
WFG6_D30,MOEA/D-GP,7,0.8246488341462779,0.011779367543316155,30
WFG6_D30,MOEA/D-GP,8,0.8397673414282145,0.012503397933236373,30
WFG6_D30,MOEA/D-GP,9,0.8449195827674345,0.01303593987280833,30
WFG6_D30,MOEA/D-GP,10,0.8253693648890046,0.014397455823701198,30
WFG6_D30,MOEA/D-GP,11,0.7983176980351212,0.012080548385393797,30
WFG6_D30,MOEA/D-GP,12,0.8427967006997659,0.01087706104372549,30
WFG6_D30,MOEA/D-GP,13,0.8001269648685546,0.016904504512744178,30
WFG6_D30,MOEA/D-GP,14,0.8101184993081862,0.016703267823184716,30
WFG6_D30,MOEA/D-GP,15,0.8417795961000769,0.010229192989557157,30
WFG6_D30,MOEA/D-GP,16,0.8117723695637991,0.013460408302143928,30
WFG6_D30,MOEA/D-GP,17,0.8151138870079117,0.018252006749287793,30
WFG6_D30,MOEA/D-GP,18,0.8030494734551852,0.013178888207765945,30
WFG6_D30,MOEA/D-GP,19,0.836719358260357,0.013036407284027333,30
WFG6_D30,MOEA/D-GP,20,0.783149103066782,0.018480992606293642,30
WFG6_D30,SMS-EGO,1,0.8130817538908119,0.017109846020015602,30
WFG6_D30,SMS-EGO,2,0.8223772401311836,0.014973424542076737,30
WFG6_D30,SMS-EGO,3,0.7962994099947258,0.01576773190869503,30
WFG6_D30,SMS-EGO,4,0.8090463890987459,0.013848491352269949,30
WFG6_D30,SMS-EGO,5,0.8248300058676129,0.013960799754995255,30
WFG6_D30,SMS-EGO,6,0.8158471361598689,0.01686282758760797,30
WFG6_D30,SMS-EGO,7,0.8363167047042466,0.012973841343387148,30
WFG6_D30,SMS-EGO,8,0.8201036902304037,0.012298652365076025,30
WFG6_D30,SMS-EGO,9,0.8165791696597104,0.01731870741133238,30
WFG6_D30,SMS-EGO,10,0.7719820873908101,0.017651520989247986,30
WFG6_D30,SMS-EGO,11,0.7986960332184666,0.019849888728980875,30
WFG6_D30,SMS-EGO,12,0.8097035721960262,0.013630863382557592,30
WFG6_D30,SMS-EGO,13,0.8216300743360806,0.01314650437732015,30
WFG6_D30,SMS-EGO,14,0.8356302706477521,0.013279062797299436,30
WFG6_D30,SMS-EGO,15,0.8083363074902062,0.015546434364151278,30
WFG6_D30,SMS-EGO,16,0.8180372445498395,0.016800527235358118,30
WFG6_D30,SMS-EGO,17,0.8254136361691882,0.01167300388328246,30
WFG6_D30,SMS-EGO,18,0.7986574395025373,0.01707080454556209,30
WFG6_D30,SMS-EGO,19,0.8123725372237035,0.0150214797434272,30
WFG6_D30,SMS-EGO,20,0.7955846408999386,0.016333736432933205,30
WFG6_D30,ParEGO,1,0.8237960722555512,0.015197403854271924,30
WFG6_D30,ParEGO,2,0.7902186142717681,0.017210233585297673,30
WFG6_D30,ParEGO,3,0.790820245042815,0.01576060518217558,30
WFG6_D30,ParEGO,4,0.7994802916227058,0.01562909852732901,30
WFG6_D30,ParEGO,5,0.801122263456962,0.015089600720912807,30
WFG6_D30,ParEGO,6,0.7937663814786237,0.017031602735356012,30
WFG6_D30,ParEGO,7,0.7980210809865772,0.0179833206200809,30
WFG6_D30,ParEGO,8,0.7976076294612451,0.017663135176083294,30
WFG6_D30,ParEGO,9,0.7984883379931489,0.01567189577231795,30
WFG6_D30,ParEGO,10,0.8253576439638414,0.015141638463509216,30
WFG6_D30,ParEGO,11,0.7950272286107687,0.017035177115982594,30
WFG6_D30,ParEGO,12,0.8063283249677867,0.014758190296416455,30
WFG6_D30,ParEGO,13,0.8295194002421246,0.014296474067932496,30
WFG6_D30,ParEGO,14,0.7856141686123455,0.01654751677518794,30
WFG6_D30,ParEGO,15,0.8135443725038486,0.014732203486934199,30
WFG6_D30,ParEGO,16,0.7913878075753373,0.017263742801973892,30
WFG6_D30,ParEGO,17,0.781703629667676,0.01730411298097621,30
WFG6_D30,ParEGO,18,0.7874465758070518,0.015691752037807944,30
WFG6_D30,ParEGO,19,0.7990689769754448,0.011892734413255786,30
WFG6_D30,ParEGO,20,0.7984115097242234,0.01870810148160139,30
WFG6_D30,HF-NSGA-II,1,0.7626148867013209,0.01840273678160173,30
WFG6_D30,HF-NSGA-II,2,0.8000173546937933,0.014713125337872113,30
WFG6_D30,HF-NSGA-II,3,0.7722248644822596,0.016966322546565875,30
WFG6_D30,HF-NSGA-II,4,0.8035241924188511,0.017493910285411172,30
WFG6_D30,HF-NSGA-II,5,0.7790497898671852,0.017942243322087596,30
WFG6_D30,HF-NSGA-II,6,0.7833573226517109,0.017993317380245344,30
WFG6_D30,HF-NSGA-II,7,0.7808129205438348,0.017564433367373466,30
WFG6_D30,HF-NSGA-II,8,0.784400945634267,0.016496963694440998,30
WFG6_D30,HF-NSGA-II,9,0.7889950199472023,0.017329503596672468,30
WFG6_D30,HF-NSGA-II,10,0.7730580256144741,0.020641426867341817,30
WFG6_D30,HF-NSGA-II,11,0.8305202667920222,0.013276974875295366,30
WFG6_D30,HF-NSGA-II,12,0.7633829594148651,0.019767388815056665,30
WFG6_D30,HF-NSGA-II,13,0.7662976854671909,0.01736034525857528,30
WFG6_D30,HF-NSGA-II,14,0.7851426585857499,0.019308481937416647,30
WFG6_D30,HF-NSGA-II,15,0.7850614235264536,0.017215438437677606,30
WFG6_D30,HF-NSGA-II,16,0.7814059292443859,0.016094144007808613,30
WFG6_D30,HF-NSGA-II,17,0.774726762769432,0.017691055102633274,30
WFG6_D30,HF-NSGA-II,18,0.8038588481847789,0.014592885695473345,30
WFG6_D30,HF-NSGA-II,19,0.8025420588983775,0.01808361324000323,30
WFG6_D30,HF-NSGA-II,20,0.7811279911836161,0.018326452243169648,30
