algorithm,seed,HF_calls,HV,IGD_plus
MF-BCL-SAEA,1,20,0.6813360826979075,0.042913314861024635
MF-BCL-SAEA,1,30,0.7320091651383678,0.03223610184908294
MF-BCL-SAEA,1,40,0.7743953262017552,0.024149301185055806
MF-BCL-SAEA,1,50,0.8050451658893298,0.018461333469401344
MF-BCL-SAEA,1,60,0.8306838079697931,0.014069051374696844
MF-BCL-SAEA,1,70,0.8488062134087682,0.010937193466529502
MF-BCL-SAEA,1,80,0.8637010523669209,0.00870215345557677
MF-BCL-SAEA,1,90,0.8721565532928636,0.006907001268272477
MF-BCL-SAEA,1,100,0.8846223784054581,0.006822602940311171
MF-BCL-SAEA,1,110,0.8905502766843619,0.005526683632965007
MF-BCL-SAEA,1,120,0.899355899597655,0.005340868093799515
MF-BCL-SAEA,1,130,0.8974001782812702,0.005101797211633389
MF-BCL-SAEA,1,140,0.9016182152341263,0.004606407567366631
MF-BCL-SAEA,1,150,0.9081486947098572,0.003493347572411377
MF-BCL-SAEA,1,160,0.905772443223272,0.0036358048038764765
MF-BCL-SAEA,1,170,0.9080023830922128,0.004173635792209009
MF-BCL-SAEA,1,180,0.9114715910523665,0.004260968926747013
MF-BCL-SAEA,1,190,0.912264858764208,0.003184713767654879
MF-BCL-SAEA,1,200,0.9115676427288893,0.004028152839154855
MF-BCL-SAEA,2,20,0.6813652191062117,0.04347766315696047
MF-BCL-SAEA,2,30,0.7352280706870504,0.03192756954193164
MF-BCL-SAEA,2,40,0.7789864188397793,0.024459552328456795
MF-BCL-SAEA,2,50,0.8079518814891575,0.018176214665835893
MF-BCL-SAEA,2,60,0.8363466072499797,0.01451294792839841
MF-BCL-SAEA,2,70,0.8557981502416744,0.010832171538640174
MF-BCL-SAEA,2,80,0.8700761270652371,0.00855298607489839
MF-BCL-SAEA,2,90,0.8851026037478492,0.007159748045266449
MF-BCL-SAEA,2,100,0.890373370344418,0.0063125694732014655
MF-BCL-SAEA,2,110,0.8969380727025076,0.0050378927994012505
MF-BCL-SAEA,2,120,0.90247884374737,0.004968994523028278
MF-BCL-SAEA,2,130,0.9078296059876155,0.004664630324893732
MF-BCL-SAEA,2,140,0.9089129634337225,0.004454291209688901
MF-BCL-SAEA,2,150,0.9100859509861576,0.004238730587820499
MF-BCL-SAEA,2,160,0.9126744498399791,0.0036682989495274623
MF-BCL-SAEA,2,170,0.913612591854833,0.0036881467313821205
MF-BCL-SAEA,2,180,0.9150706565127383,0.003749396600967663
MF-BCL-SAEA,2,190,0.91487175541053,0.004088658969652483
MF-BCL-SAEA,2,200,0.9157877952207317,0.003069853957695412
MF-BCL-SAEA,3,20,0.6876824786288641,0.043429578137025956
MF-BCL-SAEA,3,30,0.7364537900074472,0.03235807726031153
MF-BCL-SAEA,3,40,0.7704816210329759,0.024025429500039865
MF-BCL-SAEA,3,50,0.8068208583357127,0.01850392056040206
MF-BCL-SAEA,3,60,0.8300175462376065,0.01418350107904164
MF-BCL-SAEA,3,70,0.8528815796428947,0.012162024046678124
MF-BCL-SAEA,3,80,0.8671302503933492,0.009070251681771089
MF-BCL-SAEA,3,90,0.876828795040172,0.007286636614260374
MF-BCL-SAEA,3,100,0.8871673449414095,0.00623756017144796
MF-BCL-SAEA,3,110,0.8913595966187191,0.005557651911563288
MF-BCL-SAEA,3,120,0.8913440791418837,0.005245272272965859
MF-BCL-SAEA,3,130,0.8934022854098904,0.004083963226714827
MF-BCL-SAEA,3,140,0.8994128009481438,0.004284454714328254
MF-BCL-SAEA,3,150,0.9036052802237909,0.004447060485447942
MF-BCL-SAEA,3,160,0.9081454907523554,0.00425404514158578
MF-BCL-SAEA,3,170,0.9067474431943913,0.0033089254310325385
MF-BCL-SAEA,3,180,0.9112798273974132,0.0038935940585722913
MF-BCL-SAEA,3,190,0.9111521036741498,0.004267672703676848
MF-BCL-SAEA,3,200,0.9109618984925557,0.004757294376426793
MF-BCL-SAEA,4,20,0.6799315351838124,0.04309543891579833
MF-BCL-SAEA,4,30,0.7341912035526265,0.0313630375978006
MF-BCL-SAEA,4,40,0.7758083822013047,0.024352859237716306
MF-BCL-SAEA,4,50,0.804210495197131,0.018606692437979293
MF-BCL-SAEA,4,60,0.8282837767142425,0.013925765502447793
MF-BCL-SAEA,4,70,0.8475586831409713,0.010919381730055145
MF-BCL-SAEA,4,80,0.8666552980329661,0.008617003777874029
MF-BCL-SAEA,4,90,0.8724219383526497,0.007322602018138241
MF-BCL-SAEA,4,100,0.8815632173991863,0.006257571163153376
MF-BCL-SAEA,4,110,0.8934375966710993,0.006531164308553596
MF-BCL-SAEA,4,120,0.8952894191144155,0.004888164846467288
MF-BCL-SAEA,4,130,0.9011327915228542,0.004639403994414124
MF-BCL-SAEA,4,140,0.9049764347825183,0.004712488772362278
MF-BCL-SAEA,4,150,0.9037422542346512,0.004677565245867971
MF-BCL-SAEA,4,160,0.9048156872414607,0.003702664155438377
MF-BCL-SAEA,4,170,0.9063222948977847,0.00419509633092065
MF-BCL-SAEA,4,180,0.9047899404804494,0.003610906223785196
MF-BCL-SAEA,4,190,0.9114397642657358,0.00391646702347009
MF-BCL-SAEA,4,200,0.9097257735463716,0.004006072868856774
MF-BCL-SAEA,5,20,0.6806874292478254,0.04250631204208334
MF-BCL-SAEA,5,30,0.731999599824568,0.03177159975303352
MF-BCL-SAEA,5,40,0.7758416007391576,0.02443084129719615
MF-BCL-SAEA,5,50,0.8089689381330751,0.018351716068037965
MF-BCL-SAEA,5,60,0.8315688443327921,0.013885642966880767
MF-BCL-SAEA,5,70,0.8532008848011822,0.011608626228406783
MF-BCL-SAEA,5,80,0.8666237658224283,0.009089644932313954
MF-BCL-SAEA,5,90,0.8812140372104637,0.006415555436589554
MF-BCL-SAEA,5,100,0.8899577025786876,0.006785365877204569
MF-BCL-SAEA,5,110,0.8945516665977051,0.006258657530396295
MF-BCL-SAEA,5,120,0.8972438523358951,0.0058078912122557546
MF-BCL-SAEA,5,130,0.900392683760275,0.004430267378104006
MF-BCL-SAEA,5,140,0.9039591652482182,0.003862097585404467
MF-BCL-SAEA,5,150,0.9115070667912776,0.004641043418969287
MF-BCL-SAEA,5,160,0.9121497537471501,0.004363512661271304
MF-BCL-SAEA,5,170,0.9093161612877636,0.003939596861526089
MF-BCL-SAEA,5,180,0.9137280920135241,0.003609643486965274
MF-BCL-SAEA,5,190,0.913889417674956,0.0036369385041972496
MF-BCL-SAEA,5,200,0.9164037709345833,0.004074915778641772
MF-BCL-SAEA,6,20,0.6817832898702351,0.042785326377829405
MF-BCL-SAEA,6,30,0.7366425668273423,0.032190883266083443
MF-BCL-SAEA,6,40,0.778839483340847,0.024355933608800853
MF-BCL-SAEA,6,50,0.8097311498766816,0.018406294952366058
MF-BCL-SAEA,6,60,0.8314393886460894,0.01375750150219277
MF-BCL-SAEA,6,70,0.8568792215720222,0.010717274368085136
MF-BCL-SAEA,6,80,0.867437397499805,0.009188493107617001
MF-BCL-SAEA,6,90,0.8804450592980579,0.007535617151037914
MF-BCL-SAEA,6,100,0.8904470368707288,0.007055479118855906
MF-BCL-SAEA,6,110,0.8906569220272571,0.005581591151412523
MF-BCL-SAEA,6,120,0.8924440947740594,0.00495079065654047
MF-BCL-SAEA,6,130,0.895187430952982,0.004997957491183524
MF-BCL-SAEA,6,140,0.9067445633185505,0.004138223512577918
MF-BCL-SAEA,6,150,0.9075480289252453,0.00425834997778676
MF-BCL-SAEA,6,160,0.9078020540931121,0.003952069141215334
MF-BCL-SAEA,6,170,0.9130322395839625,0.00386750107241141
MF-BCL-SAEA,6,180,0.9133515371009522,0.0035270385307777786
MF-BCL-SAEA,6,190,0.9166748960227783,0.004174495754471553
MF-BCL-SAEA,6,200,0.9089405934876903,0.0033516659662642077
MF-BCL-SAEA,7,20,0.6815558702805276,0.0436166137316497
MF-BCL-SAEA,7,30,0.7338508513720631,0.03302274217113474
MF-BCL-SAEA,7,40,0.7792396918579402,0.024679286056846255
MF-BCL-SAEA,7,50,0.8084965698276803,0.018461135935516078
MF-BCL-SAEA,7,60,0.830836570721304,0.014181575894545806
MF-BCL-SAEA,7,70,0.8521009289808661,0.011813286874747001
MF-BCL-SAEA,7,80,0.8670581940156121,0.008936930830830258
MF-BCL-SAEA,7,90,0.8785850670217344,0.007619077788823552
MF-BCL-SAEA,7,100,0.8901473476863074,0.006511990644251187
MF-BCL-SAEA,7,110,0.8942822608739159,0.006338383473211546
MF-BCL-SAEA,7,120,0.8965106696794205,0.004687846904100157
MF-BCL-SAEA,7,130,0.9040328582272276,0.00417083933340615
MF-BCL-SAEA,7,140,0.9044994156434242,0.003876858645075125
MF-BCL-SAEA,7,150,0.9103263770797893,0.004010668697119744
MF-BCL-SAEA,7,160,0.9114541091284403,0.00425643631774472
MF-BCL-SAEA,7,170,0.9106484874595103,0.0038833166136515163
MF-BCL-SAEA,7,180,0.9144904877685075,0.003969347408999951
MF-BCL-SAEA,7,190,0.9116875159570953,0.0035711167735823376
MF-BCL-SAEA,7,200,0.9101500157093065,0.003655008006579695
MF-BCL-SAEA,8,20,0.6817115795303454,0.043399262101640586
MF-BCL-SAEA,8,30,0.7348032042694307,0.032569624099919696
MF-BCL-SAEA,8,40,0.7754734339414721,0.024203430382014834
MF-BCL-SAEA,8,50,0.8076787328509712,0.018139840078392477
MF-BCL-SAEA,8,60,0.8310052300454036,0.01462934132973857
MF-BCL-SAEA,8,70,0.8488075760263761,0.0109637876891815
MF-BCL-SAEA,8,80,0.8677696955328454,0.00959506836114953
MF-BCL-SAEA,8,90,0.8822310347753883,0.0080410177451396
MF-BCL-SAEA,8,100,0.8874380066756286,0.0058877656318631275
MF-BCL-SAEA,8,110,0.8944624516201797,0.005256952990078541
MF-BCL-SAEA,8,120,0.8978832228713072,0.005382500356358957
MF-BCL-SAEA,8,130,0.9035026959088531,0.005214876216316822
MF-BCL-SAEA,8,140,0.9019507748444814,0.004557399758156245
MF-BCL-SAEA,8,150,0.9058296138525241,0.0037981992453072983
MF-BCL-SAEA,8,160,0.9104622873360494,0.0036655253385994577
MF-BCL-SAEA,8,170,0.907831414424626,0.003389422537846562
MF-BCL-SAEA,8,180,0.9122248484343308,0.004087519070433952
MF-BCL-SAEA,8,190,0.9114551487089604,0.004209698990048086
MF-BCL-SAEA,8,200,0.9126978406013978,0.003306965264381714
MF-BCL-SAEA,9,20,0.680969110133183,0.04325519234456961
MF-BCL-SAEA,9,30,0.7339011775839175,0.03278866108772202
MF-BCL-SAEA,9,40,0.7760443216873125,0.023634257236229167
MF-BCL-SAEA,9,50,0.8067199889166318,0.017732733169852098
MF-BCL-SAEA,9,60,0.8351633513839889,0.013092333872398271
MF-BCL-SAEA,9,70,0.853369332734252,0.011128158335894867
MF-BCL-SAEA,9,80,0.8703972114387085,0.008874870245212902
MF-BCL-SAEA,9,90,0.8826192246613778,0.007561979618822025
MF-BCL-SAEA,9,100,0.8856456442142603,0.006279320219761967
MF-BCL-SAEA,9,110,0.8943539652048524,0.005938113579559978
MF-BCL-SAEA,9,120,0.8999872861531942,0.004833871725709906
MF-BCL-SAEA,9,130,0.9072914745354561,0.004662174679228517
MF-BCL-SAEA,9,140,0.9093555703649169,0.0034415998953526193
MF-BCL-SAEA,9,150,0.911593650603707,0.004183664031956184
MF-BCL-SAEA,9,160,0.9111155035380002,0.004364955618969033
MF-BCL-SAEA,9,170,0.9117931734245374,0.003995046914601002
MF-BCL-SAEA,9,180,0.910757345678757,0.0040437453666600995
MF-BCL-SAEA,9,190,0.9132855373211166,0.003883287710419287
MF-BCL-SAEA,9,200,0.9181225920519624,0.003889171189427521
MF-BCL-SAEA,10,20,0.6771778105799562,0.042738809392479364
MF-BCL-SAEA,10,30,0.7354042429085534,0.03170162502796584
MF-BCL-SAEA,10,40,0.7750491163981343,0.024391031958864065
MF-BCL-SAEA,10,50,0.8129016623508303,0.018342770689390418
MF-BCL-SAEA,10,60,0.830804543517524,0.014585739688839786
MF-BCL-SAEA,10,70,0.8524312105050177,0.011488076638089194
MF-BCL-SAEA,10,80,0.8673892687814003,0.009167004749992548
MF-BCL-SAEA,10,90,0.8809261027059909,0.007581438459625401
MF-BCL-SAEA,10,100,0.8899191630613696,0.006682265304838667
MF-BCL-SAEA,10,110,0.8942437541753279,0.005814058737748039
MF-BCL-SAEA,10,120,0.9029763311505116,0.005165441800394311
MF-BCL-SAEA,10,130,0.9017353902143666,0.004644527358280977
MF-BCL-SAEA,10,140,0.9067849065362157,0.004389697479886503
MF-BCL-SAEA,10,150,0.9096466906034749,0.004261008125488606
MF-BCL-SAEA,10,160,0.909887641582344,0.003702974582575437
MF-BCL-SAEA,10,170,0.9101326397957041,0.003744070870618433
MF-BCL-SAEA,10,180,0.9121611259191229,0.003688501746908492
MF-BCL-SAEA,10,190,0.9127246270233297,0.004005701856558192
MF-BCL-SAEA,10,200,0.9116252335147603,0.003501507340439607
MF-BCL-SAEA,11,20,0.6875911838853376,0.04315043211638861
MF-BCL-SAEA,11,30,0.734304276009066,0.03241406593273591
MF-BCL-SAEA,11,40,0.779615237138566,0.024098106883562714
MF-BCL-SAEA,11,50,0.814319014388694,0.018752594369067004
MF-BCL-SAEA,11,60,0.8329948695074321,0.01432083306318496
MF-BCL-SAEA,11,70,0.856639627791709,0.011608780421492068
MF-BCL-SAEA,11,80,0.8728338607083113,0.008519541921208539
MF-BCL-SAEA,11,90,0.8868282467062982,0.00796274536078809
MF-BCL-SAEA,11,100,0.8880361615092076,0.0060682204709698985
MF-BCL-SAEA,11,110,0.9025740266479868,0.005589520479857051
MF-BCL-SAEA,11,120,0.9015215966743559,0.005557882612670598
MF-BCL-SAEA,11,130,0.9024031143564417,0.003718109169844931
MF-BCL-SAEA,11,140,0.9109503498735744,0.005152427038644998
MF-BCL-SAEA,11,150,0.9147830401492641,0.004071589598511375
MF-BCL-SAEA,11,160,0.9152295948558207,0.004135129009550873
MF-BCL-SAEA,11,170,0.9163815595771664,0.004010811244219193
MF-BCL-SAEA,11,180,0.9191532094410529,0.0032675179805738887
MF-BCL-SAEA,11,190,0.9168837885497286,0.003777577554467443
MF-BCL-SAEA,11,200,0.9191601259699766,0.003672004087857253
MF-BCL-SAEA,12,20,0.6815362580171475,0.04332928929220434
MF-BCL-SAEA,12,30,0.7351270236191693,0.032048802112830774
MF-BCL-SAEA,12,40,0.7816567037844235,0.024202865286164672
MF-BCL-SAEA,12,50,0.8074300771736438,0.017888783218186294
MF-BCL-SAEA,12,60,0.8375171865967153,0.014360214326345953
MF-BCL-SAEA,12,70,0.8548714708279618,0.010956549004974232
MF-BCL-SAEA,12,80,0.8716881875355743,0.008971074849790489
MF-BCL-SAEA,12,90,0.8819616619638526,0.007895129944374907
MF-BCL-SAEA,12,100,0.8906802139060067,0.006729586658779823
MF-BCL-SAEA,12,110,0.8921709323241092,0.005390641767800189
MF-BCL-SAEA,12,120,0.9005587470989793,0.005230636314168558
MF-BCL-SAEA,12,130,0.9020545413438639,0.004770305140953048
MF-BCL-SAEA,12,140,0.9074560099436074,0.004400666179464552
MF-BCL-SAEA,12,150,0.9063577505584127,0.0038238287654099663
MF-BCL-SAEA,12,160,0.9069346144175784,0.004105394873706162
MF-BCL-SAEA,12,170,0.917352165144552,0.003944873619235904
MF-BCL-SAEA,12,180,0.9138182772394473,0.0032232568003510795
MF-BCL-SAEA,12,190,0.9154354493410001,0.0042124715647805944
MF-BCL-SAEA,12,200,0.9118187065371426,0.003326566103408772
MF-BCL-SAEA,13,20,0.6828590575095408,0.04388315262517085
MF-BCL-SAEA,13,30,0.7337856411263364,0.03179749019571103
MF-BCL-SAEA,13,40,0.779188108393585,0.024172451325950493
MF-BCL-SAEA,13,50,0.8084761229860582,0.0182095879424665
MF-BCL-SAEA,13,60,0.8355555817150935,0.014207441419486913
MF-BCL-SAEA,13,70,0.858104125780822,0.011793520438922508
MF-BCL-SAEA,13,80,0.8704749274597785,0.009218322115916612
MF-BCL-SAEA,13,90,0.8808368556720808,0.00775145448051293
MF-BCL-SAEA,13,100,0.8908210470445442,0.006181941705089742
MF-BCL-SAEA,13,110,0.9014237745386977,0.00537188936639056
MF-BCL-SAEA,13,120,0.901413373334667,0.005702936645175869
MF-BCL-SAEA,13,130,0.9074907222308697,0.004810214314745857
MF-BCL-SAEA,13,140,0.9104638386704292,0.004158609472340738
MF-BCL-SAEA,13,150,0.9143032239694805,0.003701074168380386
MF-BCL-SAEA,13,160,0.9137645005232853,0.0036942172298091163
MF-BCL-SAEA,13,170,0.9149050461820413,0.0038701396928856927
MF-BCL-SAEA,13,180,0.9201212501309062,0.004261765668189556
MF-BCL-SAEA,13,190,0.9164317997449729,0.003373751258218238
MF-BCL-SAEA,13,200,0.9189610386360716,0.003502186310935534
MF-BCL-SAEA,14,20,0.6828523423430238,0.04351412027285049
MF-BCL-SAEA,14,30,0.7379809442545681,0.03206707546009733
MF-BCL-SAEA,14,40,0.7784684484531273,0.024411421778190733
MF-BCL-SAEA,14,50,0.8058009755778963,0.018284545322373853
MF-BCL-SAEA,14,60,0.8367811465750196,0.015069253831160395
MF-BCL-SAEA,14,70,0.8534706825282679,0.011510406942372925
MF-BCL-SAEA,14,80,0.8629297944278278,0.008677375270753605
MF-BCL-SAEA,14,90,0.8791515086952894,0.007403147590755114
MF-BCL-SAEA,14,100,0.8859177744725829,0.0063882816809107965
MF-BCL-SAEA,14,110,0.8913247038287746,0.005039760288090109
MF-BCL-SAEA,14,120,0.8996648397290504,0.005330165287549307
MF-BCL-SAEA,14,130,0.9039399214954605,0.004835667819759063
MF-BCL-SAEA,14,140,0.9063316775250873,0.004018731219159654
MF-BCL-SAEA,14,150,0.9108533848629291,0.004109838968604345
MF-BCL-SAEA,14,160,0.9078486868692714,0.004371397978838287
MF-BCL-SAEA,14,170,0.9072258484586111,0.003653863355905409
MF-BCL-SAEA,14,180,0.9145725591134127,0.003560826608191956
MF-BCL-SAEA,14,190,0.9068209337921729,0.00325978112336495
MF-BCL-SAEA,14,200,0.9106188594234809,0.0032787355184731286
MF-BCL-SAEA,15,20,0.6783977355714668,0.04337543155559506
MF-BCL-SAEA,15,30,0.7310613461299843,0.03243376245940516
MF-BCL-SAEA,15,40,0.7773711473734705,0.0237777105398982
MF-BCL-SAEA,15,50,0.8119827664744488,0.017861239747736207
MF-BCL-SAEA,15,60,0.8365176128194548,0.014828023977505272
MF-BCL-SAEA,15,70,0.8552396144846423,0.010905207079381753
MF-BCL-SAEA,15,80,0.8692784371616172,0.009508598935437465
MF-BCL-SAEA,15,90,0.87677343430966,0.0074340008914637705
MF-BCL-SAEA,15,100,0.8864503364815812,0.006143108655449629
MF-BCL-SAEA,15,110,0.895526290317081,0.005889265017588809
MF-BCL-SAEA,15,120,0.9008459096153487,0.005246053279836036
MF-BCL-SAEA,15,130,0.904772570915842,0.004853780016406402
MF-BCL-SAEA,15,140,0.9075088842412987,0.004051853453453294
MF-BCL-SAEA,15,150,0.9073589706007054,0.0044824743335626326
MF-BCL-SAEA,15,160,0.9105995502043357,0.003981770469526309
MF-BCL-SAEA,15,170,0.9143133822385809,0.003961237168325269
MF-BCL-SAEA,15,180,0.9148823413066911,0.004028624696303319
MF-BCL-SAEA,15,190,0.9126090458665491,0.004075268195520464
MF-BCL-SAEA,15,200,0.912636865860671,0.004069794645149329
MF-BCL-SAEA,16,20,0.68039675037447,0.043599859966485355
MF-BCL-SAEA,16,30,0.735434214310145,0.032279035146982875
MF-BCL-SAEA,16,40,0.778815643223724,0.02468259520180052
MF-BCL-SAEA,16,50,0.809237236339998,0.01887592216446545
MF-BCL-SAEA,16,60,0.8356740414236115,0.013736274124721077
MF-BCL-SAEA,16,70,0.8562843091114719,0.010316730796983281
MF-BCL-SAEA,16,80,0.8671358541836549,0.009226433720599761
MF-BCL-SAEA,16,90,0.8822101177241888,0.007537041627490234
MF-BCL-SAEA,16,100,0.8892067477398301,0.006303781336644615
MF-BCL-SAEA,16,110,0.8957050316605013,0.005317272249439522
MF-BCL-SAEA,16,120,0.9031700917653475,0.005213606223478445
MF-BCL-SAEA,16,130,0.9050013558400705,0.0046623060369484935
MF-BCL-SAEA,16,140,0.9055101274219656,0.004732949151698147
MF-BCL-SAEA,16,150,0.906527455097368,0.0036712753028502712
MF-BCL-SAEA,16,160,0.9139673703890812,0.0045174516116300726
MF-BCL-SAEA,16,170,0.9137797700290446,0.00400055762830878
MF-BCL-SAEA,16,180,0.9136594549005039,0.0030848407094477195
MF-BCL-SAEA,16,190,0.9132617370189596,0.003461389321409245
MF-BCL-SAEA,16,200,0.9152042209886884,0.003624541238084194
MF-BCL-SAEA,17,20,0.6813774405643002,0.0434833006991502
MF-BCL-SAEA,17,30,0.7338577945084791,0.0317414158053452
MF-BCL-SAEA,17,40,0.7789508205980514,0.024097126640593148
MF-BCL-SAEA,17,50,0.803704444842162,0.017930055562809227
MF-BCL-SAEA,17,60,0.8367689586128307,0.014468025345176603
MF-BCL-SAEA,17,70,0.8550521354015168,0.01148424214435486
MF-BCL-SAEA,17,80,0.8696290208834909,0.009399368353890413
MF-BCL-SAEA,17,90,0.8846048108223046,0.007917533021572292
MF-BCL-SAEA,17,100,0.8896930763306244,0.006436625294711875
MF-BCL-SAEA,17,110,0.8952199763777432,0.0053377346531258635
MF-BCL-SAEA,17,120,0.9004896365917211,0.0046333254520472935
MF-BCL-SAEA,17,130,0.9055153172293494,0.005119238276755382
MF-BCL-SAEA,17,140,0.9080415294315993,0.004029619590474201
MF-BCL-SAEA,17,150,0.9088836135856435,0.0039033620059640037
MF-BCL-SAEA,17,160,0.9127995265768568,0.003686234487286668
MF-BCL-SAEA,17,170,0.9115710690472987,0.004230342488749026
MF-BCL-SAEA,17,180,0.9123647127115067,0.003774866741859359
MF-BCL-SAEA,17,190,0.9125686879140337,0.0038737926808468455
MF-BCL-SAEA,17,200,0.9180815104820989,0.003589390726023034
MF-BCL-SAEA,18,20,0.6820494835392815,0.043079064700027536
MF-BCL-SAEA,18,30,0.7366456018919456,0.03199092540767855
MF-BCL-SAEA,18,40,0.7763005906699803,0.024567743662782308
MF-BCL-SAEA,18,50,0.8127540287933768,0.01843428505953714
MF-BCL-SAEA,18,60,0.8362854597548186,0.013335329715770306
MF-BCL-SAEA,18,70,0.857314171767596,0.010780152627944049
MF-BCL-SAEA,18,80,0.8696408587055731,0.00949694638722151
MF-BCL-SAEA,18,90,0.8795221714781944,0.007328338423434416
MF-BCL-SAEA,18,100,0.8925178586547494,0.006437121808391345
MF-BCL-SAEA,18,110,0.8951970304719067,0.005405988482783751
MF-BCL-SAEA,18,120,0.8989210920681177,0.005366461704228766
MF-BCL-SAEA,18,130,0.903054989182162,0.004707713401629254
MF-BCL-SAEA,18,140,0.9066322386375968,0.0038535490824291615
MF-BCL-SAEA,18,150,0.9088018513399875,0.003992197678801639
MF-BCL-SAEA,18,160,0.9105366994531618,0.0046857560418135285
MF-BCL-SAEA,18,170,0.9141263160606846,0.0034003027533696796
MF-BCL-SAEA,18,180,0.9153294410582901,0.003904762829114585
MF-BCL-SAEA,18,190,0.9143581980363251,0.0034799974163551173
MF-BCL-SAEA,18,200,0.9157117298574968,0.0038802052002825252
MF-BCL-SAEA,19,20,0.6751135880557162,0.0430433315288174
MF-BCL-SAEA,19,30,0.7372460161460971,0.032098949653425246
MF-BCL-SAEA,19,40,0.7760224964033061,0.0244046961538667
MF-BCL-SAEA,19,50,0.8022723654691686,0.018447423949006784
MF-BCL-SAEA,19,60,0.8341869047908295,0.01482761861138845
MF-BCL-SAEA,19,70,0.8509127926586042,0.011812166594937081
MF-BCL-SAEA,19,80,0.8663705194917736,0.00906020822888731
MF-BCL-SAEA,19,90,0.8794845185433692,0.007578893552326959
MF-BCL-SAEA,19,100,0.8873868904883457,0.006028927282226546
MF-BCL-SAEA,19,110,0.8940698348721045,0.006177345750558666
MF-BCL-SAEA,19,120,0.9014459867235589,0.005376278289707855
MF-BCL-SAEA,19,130,0.9059344705788507,0.005223408544555075
MF-BCL-SAEA,19,140,0.9051773901570404,0.004887515404984753
MF-BCL-SAEA,19,150,0.907173198653792,0.004488748263250051
MF-BCL-SAEA,19,160,0.9113598898247728,0.004217724854759362
MF-BCL-SAEA,19,170,0.9100668312200028,0.0037771487217840923
MF-BCL-SAEA,19,180,0.9126526262982985,0.0036205822464858892
MF-BCL-SAEA,19,190,0.9086895115865733,0.0031722434421403295
MF-BCL-SAEA,19,200,0.9097094306446538,0.0028748337983035208
MF-BCL-SAEA,20,20,0.683718553011503,0.043148571800812746
MF-BCL-SAEA,20,30,0.7334771604704386,0.032401436929212796
MF-BCL-SAEA,20,40,0.7801872165765922,0.02444762397087925
MF-BCL-SAEA,20,50,0.8075823432706285,0.018130477183448908
MF-BCL-SAEA,20,60,0.8367287952952366,0.01452077122209
MF-BCL-SAEA,20,70,0.852430713155991,0.011139018143103141
MF-BCL-SAEA,20,80,0.8678015780520568,0.008962500246350306
MF-BCL-SAEA,20,90,0.8771527618305428,0.007220974121147928
MF-BCL-SAEA,20,100,0.8899138588078521,0.006676599325857343
MF-BCL-SAEA,20,110,0.8992228201390551,0.0062204456317693285
MF-BCL-SAEA,20,120,0.9017190713312502,0.006028165933422461
MF-BCL-SAEA,20,130,0.9039612581249638,0.004456604777064775
MF-BCL-SAEA,20,140,0.911970426939089,0.004498249295716101
MF-BCL-SAEA,20,150,0.91202564572675,0.004382626032662437
MF-BCL-SAEA,20,160,0.9129991890130723,0.0045535334547067855
MF-BCL-SAEA,20,170,0.9148248531480844,0.003572774595505943
MF-BCL-SAEA,20,180,0.9146089046645337,0.003851660712293853
MF-BCL-SAEA,20,190,0.9142459555290474,0.003211648404213696
MF-BCL-SAEA,20,200,0.9168226465777065,0.003622922015460827
MF-BCL-SAEA,21,20,0.6804882581461681,0.042305567495029214
MF-BCL-SAEA,21,30,0.7316014337222156,0.032273456586531996
MF-BCL-SAEA,21,40,0.7783049254439313,0.024173749600574033
MF-BCL-SAEA,21,50,0.8093862045352818,0.01776212501667662
MF-BCL-SAEA,21,60,0.835916790630197,0.014023319271037454
MF-BCL-SAEA,21,70,0.857682581694296,0.010962107111391858
MF-BCL-SAEA,21,80,0.8692470302354901,0.009226970975697937
MF-BCL-SAEA,21,90,0.8793602994810046,0.008119476129519885
MF-BCL-SAEA,21,100,0.889139566803336,0.0062194187468783396
MF-BCL-SAEA,21,110,0.8947928713696014,0.005933369525012654
MF-BCL-SAEA,21,120,0.8993745420817297,0.005975445726928831
MF-BCL-SAEA,21,130,0.9041388635951946,0.0043626557428372865
MF-BCL-SAEA,21,140,0.9079207328091786,0.004392233584862281
MF-BCL-SAEA,21,150,0.9084640264307081,0.004292782519426108
MF-BCL-SAEA,21,160,0.9117154920201914,0.0035921063138941206
MF-BCL-SAEA,21,170,0.918714188061544,0.0034925877922550993
MF-BCL-SAEA,21,180,0.911125546681364,0.004147417116154533
MF-BCL-SAEA,21,190,0.9137187611508626,0.003940000221961051
MF-BCL-SAEA,21,200,0.9145641983484246,0.0036447536270345807
MF-BCL-SAEA,22,20,0.68094287226738,0.04315273066622145
MF-BCL-SAEA,22,30,0.7338899891753252,0.032420865707716635
MF-BCL-SAEA,22,40,0.7802448179289666,0.024065112334154086
MF-BCL-SAEA,22,50,0.8107034891595699,0.018207544204562304
MF-BCL-SAEA,22,60,0.8359611441447703,0.013783247430679789
MF-BCL-SAEA,22,70,0.8597707462001166,0.01122856282546278
MF-BCL-SAEA,22,80,0.8694374925783931,0.009406015601388736
MF-BCL-SAEA,22,90,0.8829354893813094,0.0073795967285530326
MF-BCL-SAEA,22,100,0.8882958854834353,0.006281781000138238
MF-BCL-SAEA,22,110,0.8997876128396527,0.005819579953769095
MF-BCL-SAEA,22,120,0.9053793773865527,0.004775187806625723
MF-BCL-SAEA,22,130,0.9107536143345465,0.0049082222792619975
MF-BCL-SAEA,22,140,0.9117033184730868,0.004531304219895105
MF-BCL-SAEA,22,150,0.912443123703793,0.004722084678085559
MF-BCL-SAEA,22,160,0.9152264938967679,0.003870113385121936
MF-BCL-SAEA,22,170,0.9161017975431512,0.003422570569613733
MF-BCL-SAEA,22,180,0.9188054307795248,0.0038469884149525606
MF-BCL-SAEA,22,190,0.9130988942541438,0.003839432838876428
MF-BCL-SAEA,22,200,0.9165833837202301,0.0034784262699759346
MF-BCL-SAEA,23,20,0.6831861586858521,0.04341353140089115
MF-BCL-SAEA,23,30,0.7367741065445846,0.032697217992024484
MF-BCL-SAEA,23,40,0.7753125539779131,0.024315677557663482
MF-BCL-SAEA,23,50,0.8059341038160948,0.018705865214634586
MF-BCL-SAEA,23,60,0.8335562828212761,0.013798266522668547
MF-BCL-SAEA,23,70,0.8530526336511964,0.011262132790149192
MF-BCL-SAEA,23,80,0.8658842450365821,0.0092138194844622
MF-BCL-SAEA,23,90,0.8753493202557945,0.007633239053533586
MF-BCL-SAEA,23,100,0.8851834352968647,0.005940436463662073
MF-BCL-SAEA,23,110,0.8943062358930298,0.0051536416333285845
MF-BCL-SAEA,23,120,0.8967574196866844,0.005138617340783379
MF-BCL-SAEA,23,130,0.8999357217329993,0.004669685588483404
MF-BCL-SAEA,23,140,0.9051797811482964,0.005006324878647119
MF-BCL-SAEA,23,150,0.9042829320492162,0.004114686188953701
MF-BCL-SAEA,23,160,0.9074130172315151,0.003912904709215864
MF-BCL-SAEA,23,170,0.9129464422379996,0.0036071966914090993
MF-BCL-SAEA,23,180,0.9120768968751366,0.0038127576985786246
MF-BCL-SAEA,23,190,0.9104543721005159,0.003726743598201569
MF-BCL-SAEA,23,200,0.9143651386163525,0.0035702905304592298
MF-BCL-SAEA,24,20,0.6820254849863872,0.043886046725047666
MF-BCL-SAEA,24,30,0.7364638069593612,0.0322208019780255
MF-BCL-SAEA,24,40,0.7779127695514263,0.02498474294783702
MF-BCL-SAEA,24,50,0.8087436126997459,0.018342378249743795
MF-BCL-SAEA,24,60,0.8361981435232141,0.014008896482574416
MF-BCL-SAEA,24,70,0.8561579861405717,0.011442716838275732
MF-BCL-SAEA,24,80,0.8711035335563232,0.00965006595876455
MF-BCL-SAEA,24,90,0.8801206488031487,0.007970015316983041
MF-BCL-SAEA,24,100,0.8891170186525362,0.006568259601770096
MF-BCL-SAEA,24,110,0.8935562752870251,0.005038581203250689
MF-BCL-SAEA,24,120,0.9008983460419012,0.004769353842928798
MF-BCL-SAEA,24,130,0.9078705792028213,0.004740084264633228
MF-BCL-SAEA,24,140,0.9093774853105983,0.003952542414405393
MF-BCL-SAEA,24,150,0.9098326414779517,0.004018450804758238
MF-BCL-SAEA,24,160,0.9126188519733097,0.004377476080187795
MF-BCL-SAEA,24,170,0.9114500511650706,0.003706082993653346
MF-BCL-SAEA,24,180,0.915191177295343,0.003733064562198721
MF-BCL-SAEA,24,190,0.9171385548660681,0.003484199381056207
MF-BCL-SAEA,24,200,0.9144108260212017,0.0033810617545139937
MF-BCL-SAEA,25,20,0.682313421002174,0.04268197978040397
MF-BCL-SAEA,25,30,0.7370342952398237,0.03239676657211622
MF-BCL-SAEA,25,40,0.7765082840376755,0.024298881377565664
MF-BCL-SAEA,25,50,0.8080013701015202,0.01841017432903089
MF-BCL-SAEA,25,60,0.8352553268656981,0.01423954426532324
MF-BCL-SAEA,25,70,0.8543808132690556,0.011065388900708465
MF-BCL-SAEA,25,80,0.8692817471000186,0.008894205141331194
MF-BCL-SAEA,25,90,0.8799375498592612,0.007503483553124576
MF-BCL-SAEA,25,100,0.8833262048993111,0.006035324433260565
MF-BCL-SAEA,25,110,0.8942985020272141,0.005441538113187612
MF-BCL-SAEA,25,120,0.8989032037442565,0.005117747213077427
MF-BCL-SAEA,25,130,0.9017507184401274,0.0050258167799325845
MF-BCL-SAEA,25,140,0.9089850094760481,0.0044422962693740665
MF-BCL-SAEA,25,150,0.9077242850024049,0.004141325177474293
MF-BCL-SAEA,25,160,0.9106722028091088,0.0037556119003821845
MF-BCL-SAEA,25,170,0.9124236457718414,0.004334873801769196
MF-BCL-SAEA,25,180,0.9106224988246354,0.003772873233214482
MF-BCL-SAEA,25,190,0.9093021156873972,0.0035835612004206114
MF-BCL-SAEA,25,200,0.9148702536345386,0.0037786292496889873
MF-BCL-SAEA,26,20,0.6807930658312356,0.0436909745757936
MF-BCL-SAEA,26,30,0.7385128345084483,0.03189845987355546
MF-BCL-SAEA,26,40,0.7837610969072816,0.025133860180590464
MF-BCL-SAEA,26,50,0.8093458442370571,0.018489945017976305
MF-BCL-SAEA,26,60,0.8365140883863631,0.014100320056426908
MF-BCL-SAEA,26,70,0.8556737238776014,0.011348517828197752
MF-BCL-SAEA,26,80,0.8674374641313394,0.009447334419025505
MF-BCL-SAEA,26,90,0.8818688240742186,0.008172542201578384
MF-BCL-SAEA,26,100,0.888842646430715,0.006428754119415236
MF-BCL-SAEA,26,110,0.8972400207934926,0.00602745484083653
MF-BCL-SAEA,26,120,0.9015376062761973,0.004041260256556917
MF-BCL-SAEA,26,130,0.9035625426286813,0.004626323877165901
MF-BCL-SAEA,26,140,0.9082037590263567,0.004619011093293065
MF-BCL-SAEA,26,150,0.9161387513445969,0.004559378700971466
MF-BCL-SAEA,26,160,0.9086644058175779,0.0035243152690710307
MF-BCL-SAEA,26,170,0.9140503601182925,0.003589512386244385
MF-BCL-SAEA,26,180,0.9132612121644667,0.004023166578261272
MF-BCL-SAEA,26,190,0.9201674243299919,0.004082890728701915
MF-BCL-SAEA,26,200,0.9181380503071522,0.004034205416127121
MF-BCL-SAEA,27,20,0.6808751702797554,0.043132497487828075
MF-BCL-SAEA,27,30,0.7334294449551191,0.03208544899331772
MF-BCL-SAEA,27,40,0.7734652650905075,0.024058424771993547
MF-BCL-SAEA,27,50,0.8101073791408145,0.019025172733565264
MF-BCL-SAEA,27,60,0.8332178333567738,0.014374025709545572
MF-BCL-SAEA,27,70,0.8529191926899848,0.01084387060537783
MF-BCL-SAEA,27,80,0.8675214379208432,0.008637867989983975
MF-BCL-SAEA,27,90,0.87827900909056,0.00716114083393463
MF-BCL-SAEA,27,100,0.8875740053146864,0.007126705647074497
MF-BCL-SAEA,27,110,0.9004641338879594,0.005905980298836214
MF-BCL-SAEA,27,120,0.8982873242145974,0.0044067116394987125
MF-BCL-SAEA,27,130,0.9017210124235031,0.004983549967106502
MF-BCL-SAEA,27,140,0.9061993961847965,0.003760585896340386
MF-BCL-SAEA,27,150,0.9100327631685865,0.004110922304791697
MF-BCL-SAEA,27,160,0.9114391679841317,0.003705274749076727
MF-BCL-SAEA,27,170,0.914990092025655,0.0040031644172063095
MF-BCL-SAEA,27,180,0.9126242596314673,0.004234543009542222
MF-BCL-SAEA,27,190,0.9195016870220205,0.0032000296654009744
MF-BCL-SAEA,27,200,0.9154506380362215,0.003931646732859678
MF-BCL-SAEA,28,20,0.6777484339514793,0.043476938799712116
MF-BCL-SAEA,28,30,0.7339604350238691,0.03230199637901998
MF-BCL-SAEA,28,40,0.7724239821520363,0.0241044375829242
MF-BCL-SAEA,28,50,0.8066709274414926,0.018208456133684107
MF-BCL-SAEA,28,60,0.834271375561166,0.014235560522087706
MF-BCL-SAEA,28,70,0.8490933600946937,0.01109554623537981
MF-BCL-SAEA,28,80,0.8649145559956859,0.009168929936640986
MF-BCL-SAEA,28,90,0.8758002319964706,0.007265656931742143
MF-BCL-SAEA,28,100,0.8841156041826554,0.005929435908480959
MF-BCL-SAEA,28,110,0.887081783607884,0.006501027812496282
MF-BCL-SAEA,28,120,0.8953495226419397,0.005219826343730767
MF-BCL-SAEA,28,130,0.8973430644650828,0.004690161841859429
MF-BCL-SAEA,28,140,0.903043619230445,0.005055763666512073
MF-BCL-SAEA,28,150,0.9043209675271275,0.004289034007794253
MF-BCL-SAEA,28,160,0.902370053363865,0.004304844322331467
MF-BCL-SAEA,28,170,0.9080119696843185,0.004371622196409293
MF-BCL-SAEA,28,180,0.9110049986558733,0.003298719708958087
MF-BCL-SAEA,28,190,0.9080719996341907,0.0037333782781433034
MF-BCL-SAEA,28,200,0.9091772043944782,0.003147287318955988
MF-BCL-SAEA,29,20,0.6819549246230371,0.042995494403268525
MF-BCL-SAEA,29,30,0.7368956615313113,0.03202428024647645
MF-BCL-SAEA,29,40,0.7726291881406981,0.023592963952258225
MF-BCL-SAEA,29,50,0.8129995905846776,0.018604293335940277
MF-BCL-SAEA,29,60,0.832877829589815,0.014308005549331334
MF-BCL-SAEA,29,70,0.8572842739043125,0.011563105633292485
MF-BCL-SAEA,29,80,0.8664091650685213,0.009497142999287587
MF-BCL-SAEA,29,90,0.8787982623206246,0.007064525037553203
MF-BCL-SAEA,29,100,0.8852707618315417,0.00683438147777692
MF-BCL-SAEA,29,110,0.893223597515373,0.0059838700774779725
MF-BCL-SAEA,29,120,0.8967283616001219,0.004928418519056278
MF-BCL-SAEA,29,130,0.9088603989994407,0.0041925132543115615
MF-BCL-SAEA,29,140,0.9050756303443913,0.0046405854949817405
MF-BCL-SAEA,29,150,0.9071414585003125,0.004160430174353302
MF-BCL-SAEA,29,160,0.9075905819621948,0.003820568279125297
MF-BCL-SAEA,29,170,0.9100881225497051,0.004165519858027542
MF-BCL-SAEA,29,180,0.9129844155728827,0.003772167119383189
MF-BCL-SAEA,29,190,0.918255229050084,0.003496150470110207
MF-BCL-SAEA,29,200,0.9108382781171093,0.0037023130644320986
MF-BCL-SAEA,30,20,0.6812632589333154,0.04334916370876719
MF-BCL-SAEA,30,30,0.7367295076761722,0.03170201514229249
MF-BCL-SAEA,30,40,0.7727229590842004,0.024891495574647402
MF-BCL-SAEA,30,50,0.8125909802420446,0.01834538192148231
MF-BCL-SAEA,30,60,0.8343481851478819,0.014519094841906966
MF-BCL-SAEA,30,70,0.8588099819306211,0.01138936397041145
MF-BCL-SAEA,30,80,0.8692727157055827,0.009028927875245214
MF-BCL-SAEA,30,90,0.8836118738491515,0.007856756010348038
MF-BCL-SAEA,30,100,0.8928112263868031,0.006569847310997184
MF-BCL-SAEA,30,110,0.8979570108299172,0.006288332268888735
MF-BCL-SAEA,30,120,0.9025860263172474,0.0052791305589537105
MF-BCL-SAEA,30,130,0.9076560972875317,0.004350919804783796
MF-BCL-SAEA,30,140,0.9077352063373397,0.004870963692830823
MF-BCL-SAEA,30,150,0.9126716599915418,0.003555494820432035
MF-BCL-SAEA,30,160,0.9152036362316595,0.0035298356348565686
MF-BCL-SAEA,30,170,0.912579738790594,0.003973096697774644
MF-BCL-SAEA,30,180,0.9168779087782364,0.0037572341473733678
MF-BCL-SAEA,30,190,0.9208952966529954,0.0044564893777922195
MF-BCL-SAEA,30,200,0.9158047285027329,0.0033899704579098354
MF-EMTO,1,20,0.6540258441069688,0.052454869830507324
MF-EMTO,1,30,0.6996817787813837,0.04304883458172514
MF-EMTO,1,40,0.728342592633919,0.03522166023795696
MF-EMTO,1,50,0.7559365374175975,0.0308102222830734
MF-EMTO,1,60,0.7731478409593298,0.026592545098634377
MF-EMTO,1,70,0.8092549678166656,0.02240953400781963
MF-EMTO,1,80,0.8078527886033876,0.019275228957130897
MF-EMTO,1,90,0.8363239132504049,0.017352255646363366
MF-EMTO,1,100,0.8398911876335641,0.015891199706738916
MF-EMTO,1,110,0.8523450108029185,0.0145476478390414
MF-EMTO,1,120,0.8581999824059763,0.01252710364446155
MF-EMTO,1,130,0.8655290397154457,0.012258871149923276
MF-EMTO,1,140,0.8681054604739729,0.011050157609932372
MF-EMTO,1,150,0.8750319822734366,0.012939244441810497
MF-EMTO,1,160,0.8775971619496716,0.010696188662107873
MF-EMTO,1,170,0.8824761192615698,0.010281852978790466
MF-EMTO,1,180,0.8806923015546428,0.00912731221269865
MF-EMTO,1,190,0.8848773950658114,0.011010530785932554
MF-EMTO,1,200,0.887930968442217,0.009699088166983163
MF-EMTO,2,20,0.6604200392837833,0.05126220720690676
MF-EMTO,2,30,0.6940109463581622,0.0441267206447192
MF-EMTO,2,40,0.725156988583036,0.035982342385363124
MF-EMTO,2,50,0.7562637246355433,0.03124947779735977
MF-EMTO,2,60,0.7742148527692072,0.02681634211055337
MF-EMTO,2,70,0.7900390603429668,0.02228632704287655
MF-EMTO,2,80,0.8048162658177669,0.01997453532252866
MF-EMTO,2,90,0.8198280168120533,0.01655218270590782
MF-EMTO,2,100,0.8286296012592546,0.015559470710502043
MF-EMTO,2,110,0.8378345518387947,0.014051811812918587
MF-EMTO,2,120,0.8472725638869246,0.012095568624371283
MF-EMTO,2,130,0.8475795503562492,0.011335180718871128
MF-EMTO,2,140,0.8654641282102465,0.011364878572359722
MF-EMTO,2,150,0.866822322468007,0.010524767404482393
MF-EMTO,2,160,0.863508229534126,0.01076460218647665
MF-EMTO,2,170,0.8755113488072137,0.010568524684211284
MF-EMTO,2,180,0.8666976933942532,0.00791514352949983
MF-EMTO,2,190,0.8723342867863418,0.009728359968999296
MF-EMTO,2,200,0.8821466949887554,0.008440553573791197
MF-EMTO,3,20,0.6557379589955559,0.052859685489169375
MF-EMTO,3,30,0.6965222807409698,0.044019003524642594
MF-EMTO,3,40,0.7216819508677687,0.03579260630753302
MF-EMTO,3,50,0.7510356839602904,0.030526201201871946
MF-EMTO,3,60,0.7830673086035094,0.026461390745159095
MF-EMTO,3,70,0.7921744866162772,0.022741768320822
MF-EMTO,3,80,0.8070796873469283,0.020960366995795118
MF-EMTO,3,90,0.8209108760700293,0.018394240199022943
MF-EMTO,3,100,0.8280566793367073,0.015524966488429992
MF-EMTO,3,110,0.839630850344968,0.013449103333044082
MF-EMTO,3,120,0.8430232459939322,0.012565585147077682
MF-EMTO,3,130,0.8548680318057431,0.012791034075796726
MF-EMTO,3,140,0.8566429619685532,0.011599324663206418
MF-EMTO,3,150,0.8631068968902764,0.010695692107488346
MF-EMTO,3,160,0.87166335498261,0.010500287892921885
MF-EMTO,3,170,0.8627796162190611,0.009922695476180975
MF-EMTO,3,180,0.8746418687648829,0.010031142020520536
MF-EMTO,3,190,0.8764753402050836,0.008543647273725976
MF-EMTO,3,200,0.8726994178687375,0.008368651175378656
MF-EMTO,4,20,0.6622502295187965,0.05167751258820248
MF-EMTO,4,30,0.6976271603722838,0.043470324488259396
MF-EMTO,4,40,0.7179982941791689,0.03705846629235762
MF-EMTO,4,50,0.7524117643927163,0.030347943539578266
MF-EMTO,4,60,0.7695144529908923,0.02564990661280222
MF-EMTO,4,70,0.7982424947139949,0.022571765041588653
MF-EMTO,4,80,0.8188585188982456,0.019775482719497885
MF-EMTO,4,90,0.8293346014943748,0.017051846986363313
MF-EMTO,4,100,0.8400552039511551,0.01549337125351103
MF-EMTO,4,110,0.8459272182572704,0.013824888916081931
MF-EMTO,4,120,0.8551904067993804,0.013719249559078495
MF-EMTO,4,130,0.8611906028195364,0.01164413117225099
MF-EMTO,4,140,0.8653749611338224,0.011800368858362434
MF-EMTO,4,150,0.8670800277715952,0.010158497217359523
MF-EMTO,4,160,0.8700385909566037,0.009718904994090862
MF-EMTO,4,170,0.8783013775475451,0.00984512065359568
MF-EMTO,4,180,0.8827142335398762,0.009856231793801103
MF-EMTO,4,190,0.8757673308940714,0.00985087086178036
MF-EMTO,4,200,0.8864223562384205,0.008582700896076673
MF-EMTO,5,20,0.6488091510334585,0.05275382081237384
MF-EMTO,5,30,0.6956660676211252,0.04330323762014947
MF-EMTO,5,40,0.7349669338027547,0.03696070386576217
MF-EMTO,5,50,0.7583248999262397,0.03070028214390618
MF-EMTO,5,60,0.7789967495501132,0.02614660491358775
MF-EMTO,5,70,0.7975811472911184,0.022884508381113392
MF-EMTO,5,80,0.8011688367527702,0.019455206167645057
MF-EMTO,5,90,0.8194689250994378,0.018645233039795883
MF-EMTO,5,100,0.8392295625370477,0.01689019084057788
MF-EMTO,5,110,0.8371086082089081,0.01445386957351786
MF-EMTO,5,120,0.8489773331956961,0.01253544049032752
MF-EMTO,5,130,0.8546364533320464,0.011523143723007846
MF-EMTO,5,140,0.8595402098247139,0.012677159302365376
MF-EMTO,5,150,0.8675933688058586,0.010662675458232828
MF-EMTO,5,160,0.8759811723148823,0.009826251762068836
MF-EMTO,5,170,0.8770681388004785,0.011024783687736793
MF-EMTO,5,180,0.8732937491871521,0.009501656394184444
MF-EMTO,5,190,0.8681054765325894,0.009697234686685595
MF-EMTO,5,200,0.8753499214673905,0.009577240759591698
MF-EMTO,6,20,0.6633301483445948,0.05363977649772036
MF-EMTO,6,30,0.6911347948837198,0.04293362484955861
MF-EMTO,6,40,0.7348151167934345,0.03552006776927683
MF-EMTO,6,50,0.7579726982920465,0.030228414587909577
MF-EMTO,6,60,0.7767109702010685,0.02643027819046958
MF-EMTO,6,70,0.8000334116618711,0.02223376626964633
MF-EMTO,6,80,0.810655727802903,0.019274216329436714
MF-EMTO,6,90,0.8217518323740193,0.01726110728445793
MF-EMTO,6,100,0.8291667855472518,0.014495385661657437
MF-EMTO,6,110,0.8390916334541679,0.01454299634752862
MF-EMTO,6,120,0.8476514142761712,0.012873319850356496
MF-EMTO,6,130,0.8630753309658954,0.012469091872949086
MF-EMTO,6,140,0.8636708162817233,0.01137513959199631
MF-EMTO,6,150,0.8693093324378502,0.011550865459044417
MF-EMTO,6,160,0.8677866436669619,0.009941634256168525
MF-EMTO,6,170,0.867750087150733,0.011061228501403876
MF-EMTO,6,180,0.870429757417213,0.010273752388496035
MF-EMTO,6,190,0.8829616903706441,0.010158224072895511
MF-EMTO,6,200,0.8819447034120776,0.008562355405626405
MF-EMTO,7,20,0.6616859866172179,0.052721933624695266
MF-EMTO,7,30,0.6936185512641224,0.04318233262737545
MF-EMTO,7,40,0.7192745008660305,0.03518503883441698
MF-EMTO,7,50,0.749691628592117,0.031167642813279092
MF-EMTO,7,60,0.779037569854449,0.026054796194200782
MF-EMTO,7,70,0.7924838384999252,0.022530944694663893
MF-EMTO,7,80,0.8059612540157237,0.02078258057802028
MF-EMTO,7,90,0.8303862077834089,0.0171263928374991
MF-EMTO,7,100,0.837150060989368,0.015666800336556045
MF-EMTO,7,110,0.8498804566494494,0.01470992610639936
MF-EMTO,7,120,0.8423562623615239,0.012497083261943228
MF-EMTO,7,130,0.8555480129106896,0.012428023690609568
MF-EMTO,7,140,0.8590148318088751,0.011410021370190829
MF-EMTO,7,150,0.8716511459808599,0.010662057507472083
MF-EMTO,7,160,0.870104950382754,0.010197815761955695
MF-EMTO,7,170,0.8708913841806585,0.009868776592674123
MF-EMTO,7,180,0.8765560301353981,0.010129214184686436
MF-EMTO,7,190,0.8777978211413335,0.010232962329581445
MF-EMTO,7,200,0.8832681394889006,0.009388786254503253
MF-EMTO,8,20,0.6525030108584927,0.05388318055847231
MF-EMTO,8,30,0.6949880277098605,0.04267350160306598
MF-EMTO,8,40,0.7302952241885408,0.03572624658544048
MF-EMTO,8,50,0.7533449197745036,0.031230223614614513
MF-EMTO,8,60,0.7696304385803757,0.02594676365131088
MF-EMTO,8,70,0.7969915825904811,0.022383845479563062
MF-EMTO,8,80,0.8068573442170692,0.01936419792700373
MF-EMTO,8,90,0.823883213173925,0.01682182954135385
MF-EMTO,8,100,0.8317083674706384,0.016498592114811448
MF-EMTO,8,110,0.83765979783172,0.013428208282154103
MF-EMTO,8,120,0.8417782012593847,0.012081878779639883
MF-EMTO,8,130,0.8450532146263706,0.012614940187701575
MF-EMTO,8,140,0.8649550326146922,0.011388505204763259
MF-EMTO,8,150,0.8635670114354195,0.010647584176147456
MF-EMTO,8,160,0.8625122588222037,0.009796982462436711
MF-EMTO,8,170,0.8714096454308694,0.010223987993263793
MF-EMTO,8,180,0.8720324178905203,0.009468834592804308
MF-EMTO,8,190,0.8732777452584909,0.010465439186546868
MF-EMTO,8,200,0.8745763618366823,0.010901678329969288
MF-EMTO,9,20,0.6600443302711839,0.05219987067270142
MF-EMTO,9,30,0.7044989582216115,0.04316770506995267
MF-EMTO,9,40,0.7302419248511787,0.03635711180208615
MF-EMTO,9,50,0.7574791487083253,0.028919901633102464
MF-EMTO,9,60,0.7787459264658892,0.025804074354285847
MF-EMTO,9,70,0.7976395295391717,0.02279105425316979
MF-EMTO,9,80,0.8185190894780836,0.020407593419888896
MF-EMTO,9,90,0.8162496100289507,0.016911099097963248
MF-EMTO,9,100,0.8410102567012215,0.01608027900524008
MF-EMTO,9,110,0.849061039054822,0.014906923159029023
MF-EMTO,9,120,0.8509747303000113,0.013028491508554986
MF-EMTO,9,130,0.8747750105173078,0.012380857961506848
MF-EMTO,9,140,0.863497845753526,0.011863312086773726
MF-EMTO,9,150,0.8656112112236598,0.010624022648938691
MF-EMTO,9,160,0.8816596060299634,0.010076357511262258
MF-EMTO,9,170,0.8807666477207104,0.01006428840365353
MF-EMTO,9,180,0.883418287707706,0.008958966010432666
MF-EMTO,9,190,0.8912626997709505,0.009176554061040223
MF-EMTO,9,200,0.8847380378289328,0.009913202880102577
MF-EMTO,10,20,0.658560775958334,0.05388222740765756
MF-EMTO,10,30,0.6996653116488766,0.043312079787746136
MF-EMTO,10,40,0.7361757378662819,0.034588851007879014
MF-EMTO,10,50,0.7590384709835323,0.03089377948606955
MF-EMTO,10,60,0.7732335005548916,0.026948546841216104
MF-EMTO,10,70,0.793944421646807,0.022651660736559276
MF-EMTO,10,80,0.8150742803391151,0.018304365487631702
MF-EMTO,10,90,0.827901611952938,0.01611985475837545
MF-EMTO,10,100,0.8353260025145778,0.016570964760839784
MF-EMTO,10,110,0.859392524479721,0.013867485185718578
MF-EMTO,10,120,0.861387238759903,0.013059219004054724
MF-EMTO,10,130,0.8607662405774296,0.012639059643496016
MF-EMTO,10,140,0.8613359490496497,0.01161376979220473
MF-EMTO,10,150,0.8706156119052915,0.0100075214237962
MF-EMTO,10,160,0.8723044524438648,0.011260729595357215
MF-EMTO,10,170,0.8776302933840079,0.008172401018733148
MF-EMTO,10,180,0.8706543401866123,0.010079794301198347
MF-EMTO,10,190,0.8805364878187326,0.009381604309715257
MF-EMTO,10,200,0.8887453451074285,0.008839230859626158
MF-EMTO,11,20,0.6544851939349136,0.052397836968231346
MF-EMTO,11,30,0.6902195422396844,0.04440199790036588
MF-EMTO,11,40,0.7215803591608465,0.03631999943918555
MF-EMTO,11,50,0.7444422134155604,0.03164704130345121
MF-EMTO,11,60,0.7746773761229361,0.026153641450938358
MF-EMTO,11,70,0.7979387304629734,0.02316491591699612
MF-EMTO,11,80,0.8076933752141641,0.019682338901543694
MF-EMTO,11,90,0.8197854414966602,0.017710395206566004
MF-EMTO,11,100,0.8296337667878627,0.015132903722188338
MF-EMTO,11,110,0.8377369807434868,0.01266180024937552
MF-EMTO,11,120,0.8489417382166285,0.011935259249182439
MF-EMTO,11,130,0.8544744474989147,0.012055416732221678
MF-EMTO,11,140,0.8505195782230442,0.010164253185554029
MF-EMTO,11,150,0.8586620325453836,0.010674147802800104
MF-EMTO,11,160,0.8611657592632073,0.010468727706011323
MF-EMTO,11,170,0.8712139805609633,0.010372679393097013
MF-EMTO,11,180,0.8738144977267286,0.008976198521212436
MF-EMTO,11,190,0.8670739772135776,0.009750532151531925
MF-EMTO,11,200,0.87019843093072,0.009644660600707297
MF-EMTO,12,20,0.657002408602196,0.053593995084634596
MF-EMTO,12,30,0.6955918444004312,0.04254300877396789
MF-EMTO,12,40,0.7238089253019188,0.03469617768581452
MF-EMTO,12,50,0.7576930221241164,0.03161015333796618
MF-EMTO,12,60,0.7771919302760941,0.0257921860475972
MF-EMTO,12,70,0.798216897758896,0.023152896097798876
MF-EMTO,12,80,0.8116871531003028,0.020220967761718056
MF-EMTO,12,90,0.8377163654786511,0.017416169841035337
MF-EMTO,12,100,0.8413045136637933,0.014807065548968538
MF-EMTO,12,110,0.8415175389174232,0.014884382770664988
MF-EMTO,12,120,0.8595935579156249,0.01326122278805848
MF-EMTO,12,130,0.8686155120761638,0.012426897503426916
MF-EMTO,12,140,0.871766321392496,0.011141641217382054
MF-EMTO,12,150,0.8762881072407741,0.01158305809930953
MF-EMTO,12,160,0.8679682593599469,0.009544741356083112
MF-EMTO,12,170,0.8859656123920151,0.010620669129511793
MF-EMTO,12,180,0.8826316530534213,0.009195141691302854
MF-EMTO,12,190,0.8824547339726694,0.00997925348568768
MF-EMTO,12,200,0.8859470033353153,0.008397078663135313
MF-EMTO,13,20,0.6557019112907119,0.051900400165184886
MF-EMTO,13,30,0.694473295484566,0.04328360942300921
MF-EMTO,13,40,0.7331632452011815,0.03706063004386137
MF-EMTO,13,50,0.7513100303515386,0.029407095782568147
MF-EMTO,13,60,0.764800052028497,0.025471469973844675
MF-EMTO,13,70,0.7934699717787269,0.021891182518146764
MF-EMTO,13,80,0.8088689943886334,0.02050680391250303
MF-EMTO,13,90,0.817178627541388,0.01785999979502676
MF-EMTO,13,100,0.8248144625681534,0.015388654270870501
MF-EMTO,13,110,0.8365492212044415,0.013311738456569865
MF-EMTO,13,120,0.8504118910558986,0.013049544832355379
MF-EMTO,13,130,0.8481284334059377,0.011884590883541126
MF-EMTO,13,140,0.8560714467385027,0.011658582876712687
MF-EMTO,13,150,0.8645436744883597,0.010796450596623302
MF-EMTO,13,160,0.8624961160812135,0.010060916552425194
MF-EMTO,13,170,0.8710128311671618,0.010035738937705228
MF-EMTO,13,180,0.8672944851998754,0.009321609336465447
MF-EMTO,13,190,0.8720664511110923,0.010419449637368903
MF-EMTO,13,200,0.8816957212143188,0.008126407131098596
MF-EMTO,14,20,0.6575630413971265,0.0526667750649369
MF-EMTO,14,30,0.7016175087041882,0.043184028404089664
MF-EMTO,14,40,0.7292891469678779,0.03620595301392804
MF-EMTO,14,50,0.7469277053997095,0.030823944601152044
MF-EMTO,14,60,0.784046654217302,0.027132951942932044
MF-EMTO,14,70,0.7903938275776441,0.022860109641296405
MF-EMTO,14,80,0.8144018222512787,0.01918391355401408
MF-EMTO,14,90,0.8240351646281607,0.01684183367514101
MF-EMTO,14,100,0.8355751049758073,0.015217397456999163
MF-EMTO,14,110,0.8424643335430595,0.01488591382647864
MF-EMTO,14,120,0.8509834921177247,0.013617591989287369
MF-EMTO,14,130,0.8620607325650116,0.012395543761080811
MF-EMTO,14,140,0.8618125457643043,0.011712795585644012
MF-EMTO,14,150,0.8649208250800489,0.01110153289301288
MF-EMTO,14,160,0.8732533116164253,0.009082902235016267
MF-EMTO,14,170,0.8696860508924051,0.010010360421718299
MF-EMTO,14,180,0.8788441230225627,0.010417243407694607
MF-EMTO,14,190,0.8820930048470675,0.010624388369758962
MF-EMTO,14,200,0.8890399226287493,0.009711543228169904
MF-EMTO,15,20,0.6580787616483472,0.05176123925389904
MF-EMTO,15,30,0.6926718964457073,0.04345579688114587
MF-EMTO,15,40,0.7333186465507844,0.036615570890656195
MF-EMTO,15,50,0.7546513243047591,0.029921212038459054
MF-EMTO,15,60,0.7742391410303704,0.026211778241595984
MF-EMTO,15,70,0.7968136694045098,0.02228172007785128
MF-EMTO,15,80,0.8069349344097299,0.01997666761835089
MF-EMTO,15,90,0.8215806590474471,0.0170855205677863
MF-EMTO,15,100,0.8342244729826244,0.01588192962234518
MF-EMTO,15,110,0.858519943042747,0.014998978497732298
MF-EMTO,15,120,0.8510534068297978,0.011760550839141166
MF-EMTO,15,130,0.8588885847479901,0.012155505677346178
MF-EMTO,15,140,0.8577035750659144,0.011216911521287553
MF-EMTO,15,150,0.8697737294191806,0.010820529675240411
MF-EMTO,15,160,0.8771843987342436,0.010431874231040817
MF-EMTO,15,170,0.8724495846906987,0.010447673014565324
MF-EMTO,15,180,0.8757918715779563,0.010385230680149635
MF-EMTO,15,190,0.8797638359847122,0.009617368677026202
MF-EMTO,15,200,0.883446775651588,0.01010307471372639
MF-EMTO,16,20,0.6524362175730204,0.05225704437332046
MF-EMTO,16,30,0.6946283060313002,0.04346500448725085
MF-EMTO,16,40,0.7199615775554115,0.036063621464385055
MF-EMTO,16,50,0.7479179212315731,0.0297056514315231
MF-EMTO,16,60,0.767766487095459,0.02665091835576758
MF-EMTO,16,70,0.7956644391877115,0.023967294382305104
MF-EMTO,16,80,0.8022663917211433,0.02001400990882237
MF-EMTO,16,90,0.8085272361803292,0.01768361112832412
MF-EMTO,16,100,0.8198111540839718,0.015234340130327026
MF-EMTO,16,110,0.8329246067833046,0.01340762322578419
MF-EMTO,16,120,0.8420917021790824,0.013936561597391754
MF-EMTO,16,130,0.8499995521095262,0.012708237850187945
MF-EMTO,16,140,0.8566683661869398,0.011810456133939518
MF-EMTO,16,150,0.8574010786122059,0.010154643767805706
MF-EMTO,16,160,0.8546881524031904,0.009161664099044427
MF-EMTO,16,170,0.8663515084987952,0.00879471159082725
MF-EMTO,16,180,0.8620387253438123,0.009879976980277405
MF-EMTO,16,190,0.8643424963474332,0.011310899253946679
MF-EMTO,16,200,0.8754934913604849,0.009829266084412282
MF-EMTO,17,20,0.6622834140136264,0.05361286159682115
MF-EMTO,17,30,0.6924923386033143,0.04273976085777556
MF-EMTO,17,40,0.7391175486038573,0.036442444621849396
MF-EMTO,17,50,0.758553133770231,0.03075529350800088
MF-EMTO,17,60,0.7807703733266685,0.02593181061886912
MF-EMTO,17,70,0.7958055034929464,0.023985805248031126
MF-EMTO,17,80,0.8220452611558212,0.019624803286492642
MF-EMTO,17,90,0.8333197631067832,0.017364076926731874
MF-EMTO,17,100,0.843330390392724,0.015520243302684785
MF-EMTO,17,110,0.8492807051222973,0.014456919505426533
MF-EMTO,17,120,0.8554937472209847,0.013364555352398588
MF-EMTO,17,130,0.8665352029635833,0.012353664323658678
MF-EMTO,17,140,0.8651323570861675,0.011697683486956854
MF-EMTO,17,150,0.8789484983242694,0.010307713607845643
MF-EMTO,17,160,0.8786537296338247,0.010216086430196102
MF-EMTO,17,170,0.8772881658774009,0.009920852933165093
MF-EMTO,17,180,0.8822198916564798,0.009184654469841803
MF-EMTO,17,190,0.8804771156416898,0.009061071486986172
MF-EMTO,17,200,0.8895196447477643,0.008653419652568058
MF-EMTO,18,20,0.6595154071827184,0.05272920305611425
MF-EMTO,18,30,0.6855954819667041,0.04391823334430144
MF-EMTO,18,40,0.7255712242571508,0.037131177055330804
MF-EMTO,18,50,0.7508507811563905,0.030674418433771573
MF-EMTO,18,60,0.7855928564510638,0.025963729716476133
MF-EMTO,18,70,0.7907574732192706,0.023373907339038706
MF-EMTO,18,80,0.8160001345917185,0.019775367856009203
MF-EMTO,18,90,0.8239871255070712,0.0171520280211667
MF-EMTO,18,100,0.8349047766638856,0.01625048835084586
MF-EMTO,18,110,0.8435864141378584,0.013327131017927707
MF-EMTO,18,120,0.8544917257275031,0.013538087645541865
MF-EMTO,18,130,0.8541705709349978,0.01341530587215873
MF-EMTO,18,140,0.8674420539426514,0.012196448116019963
MF-EMTO,18,150,0.8580180498010025,0.011855129286495196
MF-EMTO,18,160,0.8698290930918388,0.009466536850923165
MF-EMTO,18,170,0.86795709543113,0.010520867123295414
MF-EMTO,18,180,0.876819390743835,0.010627681484852738
MF-EMTO,18,190,0.8784740242758869,0.00952674906276602
MF-EMTO,18,200,0.8807461835284177,0.00895825583358726
MF-EMTO,19,20,0.6651999330458884,0.05325870652961681
MF-EMTO,19,30,0.6998092174395373,0.04258346034208678
MF-EMTO,19,40,0.7225774019311437,0.03615087546506691
MF-EMTO,19,50,0.7534959679877407,0.03071396004077668
MF-EMTO,19,60,0.7792809944565279,0.02627009067414463
MF-EMTO,19,70,0.8017844229280988,0.023313051887931018
MF-EMTO,19,80,0.8032232036511583,0.019155272986463932
MF-EMTO,19,90,0.8249839420198932,0.017398481799998724
MF-EMTO,19,100,0.8297538973273169,0.015135625975589338
MF-EMTO,19,110,0.842323913895867,0.014335141434662023
MF-EMTO,19,120,0.8541578575904302,0.012325827630549787
MF-EMTO,19,130,0.8586645099806683,0.012901939561393537
MF-EMTO,19,140,0.8683680610554642,0.01052656964079502
MF-EMTO,19,150,0.8748924877496815,0.011570787864226904
MF-EMTO,19,160,0.8794169589356847,0.0102027235017141
MF-EMTO,19,170,0.8737664234329456,0.010667792256380952
MF-EMTO,19,180,0.8765806887959955,0.010262316789599898
MF-EMTO,19,190,0.8868865883188216,0.010849972993693852
MF-EMTO,19,200,0.8872079153386704,0.008393063852560542
MF-EMTO,20,20,0.6677924372369397,0.053202520676624766
MF-EMTO,20,30,0.6905624964222966,0.04304125909898181
MF-EMTO,20,40,0.7259537703983919,0.03647363649911288
MF-EMTO,20,50,0.7466067854100807,0.03158603539871011
MF-EMTO,20,60,0.7726317485738425,0.026227609610184863
MF-EMTO,20,70,0.7969744600411031,0.022411165755012574
MF-EMTO,20,80,0.8071288406722542,0.018744225677532474
MF-EMTO,20,90,0.8127461908014132,0.01773183289562089
MF-EMTO,20,100,0.8295793415276778,0.016325461586716775
MF-EMTO,20,110,0.8315081713930259,0.014916160813057827
MF-EMTO,20,120,0.8452408385252499,0.013692365807212179
MF-EMTO,20,130,0.848556965120154,0.013283689954848717
MF-EMTO,20,140,0.8521909013568723,0.010832177539038165
MF-EMTO,20,150,0.8579064721861277,0.011590525853407049
MF-EMTO,20,160,0.8669149358809873,0.010334772537805882
MF-EMTO,20,170,0.8647541140448292,0.01100254289075383
MF-EMTO,20,180,0.8704106557284762,0.009056599770256904
MF-EMTO,20,190,0.8696109823367025,0.008821617089089646
MF-EMTO,20,200,0.8689513297768291,0.007017433099379494
MF-EMTO,21,20,0.6533377863326306,0.05198588754417329
MF-EMTO,21,30,0.7010081642449368,0.043389589538909624
MF-EMTO,21,40,0.7310492358663914,0.03654965957950444
MF-EMTO,21,50,0.7538615447832455,0.031159430393520923
MF-EMTO,21,60,0.7801623435296903,0.026061520145056628
MF-EMTO,21,70,0.8062167877642181,0.02145566926547246
MF-EMTO,21,80,0.8160133521774089,0.019355181041865628
MF-EMTO,21,90,0.8254391307909489,0.01788006778703849
MF-EMTO,21,100,0.8354137436380135,0.015676477253707504
MF-EMTO,21,110,0.8490869242316841,0.014322803720891838
MF-EMTO,21,120,0.8488228383757744,0.013463899648860356
MF-EMTO,21,130,0.8574932920069172,0.011759036153812357
MF-EMTO,21,140,0.869232785321319,0.011434004533717786
MF-EMTO,21,150,0.8694937077495257,0.011414880160643518
MF-EMTO,21,160,0.8832909787573457,0.010354275612273126
MF-EMTO,21,170,0.8734423087063841,0.00813423093109751
MF-EMTO,21,180,0.8775625838256871,0.010713450843948837
MF-EMTO,21,190,0.8848711641010217,0.009601066048260287
MF-EMTO,21,200,0.8852629874840326,0.009091599072857228
MF-EMTO,22,20,0.6546570235258079,0.05332174424334724
MF-EMTO,22,30,0.6813411476394065,0.04378224651857118
MF-EMTO,22,40,0.723255308987715,0.0364703730080942
MF-EMTO,22,50,0.7512968399911694,0.030643215606757836
MF-EMTO,22,60,0.7721453952360131,0.02723798671186534
MF-EMTO,22,70,0.792636983327295,0.02452015415438166
MF-EMTO,22,80,0.7978049508164905,0.02087798223840366
MF-EMTO,22,90,0.812640575340386,0.01864912812313209
MF-EMTO,22,100,0.8231182524762743,0.015448956324758747
MF-EMTO,22,110,0.839049048503738,0.013218807702991279
MF-EMTO,22,120,0.8327829824266829,0.012767126735545661
MF-EMTO,22,130,0.8442263694745727,0.012522325480331841
MF-EMTO,22,140,0.8584804039644657,0.009496739026657165
MF-EMTO,22,150,0.857589171811562,0.010340134354925175
MF-EMTO,22,160,0.8582350586817312,0.01088625232318306
MF-EMTO,22,170,0.8576991744840585,0.01097834854280299
MF-EMTO,22,180,0.8681427316375926,0.010060495344166616
MF-EMTO,22,190,0.8598114580343796,0.009279539283034485
MF-EMTO,22,200,0.8739616358496701,0.009388654696144314
MF-EMTO,23,20,0.6571404514562464,0.05174643700625744
MF-EMTO,23,30,0.6958307731525889,0.0432463607837548
MF-EMTO,23,40,0.7322416789636763,0.03613715732151504
MF-EMTO,23,50,0.7646536915170135,0.03094853699315426
MF-EMTO,23,60,0.7805770742625522,0.02640008554524599
MF-EMTO,23,70,0.7975475167089298,0.022461406376450863
MF-EMTO,23,80,0.8252423192466372,0.019994866434241285
MF-EMTO,23,90,0.8261979674705389,0.017791764500571815
MF-EMTO,23,100,0.84008868368631,0.015035193393803168
MF-EMTO,23,110,0.8551482381135235,0.014370299047477554
MF-EMTO,23,120,0.8737939966730444,0.01221655241658468
MF-EMTO,23,130,0.866313325163662,0.01116757413583656
MF-EMTO,23,140,0.8874372380705933,0.012641539162756262
MF-EMTO,23,150,0.8776222796416057,0.01098721789340096
MF-EMTO,23,160,0.8792393203005389,0.010081559542776952
MF-EMTO,23,170,0.8854892464067925,0.008438795883250404
MF-EMTO,23,180,0.888994243987239,0.01039652605813126
MF-EMTO,23,190,0.8942613622308293,0.008768223058993023
MF-EMTO,23,200,0.8916178005624058,0.01082560564485592
MF-EMTO,24,20,0.6583739690754072,0.052138415436421295
MF-EMTO,24,30,0.7041924471756722,0.04312083802553856
MF-EMTO,24,40,0.7239118681680424,0.03609927072907265
MF-EMTO,24,50,0.7499921245226717,0.03070834925008861
MF-EMTO,24,60,0.772914034868701,0.025860031687232325
MF-EMTO,24,70,0.7914684910673226,0.022927181678083063
MF-EMTO,24,80,0.8068981033025061,0.020616095742431905
MF-EMTO,24,90,0.8153088132137569,0.01714713437837532
MF-EMTO,24,100,0.8290089082358276,0.01571073516776023
MF-EMTO,24,110,0.8417124380658639,0.014721959878929552
MF-EMTO,24,120,0.8498564665512521,0.012345190363749847
MF-EMTO,24,130,0.8567740588385083,0.010853955480299002
MF-EMTO,24,140,0.8549875712761688,0.01274619650559402
MF-EMTO,24,150,0.85971863968933,0.01114859997362194
MF-EMTO,24,160,0.8631378998752114,0.011475354488867185
MF-EMTO,24,170,0.8655848711048153,0.010602089196639453
MF-EMTO,24,180,0.8754620834725481,0.009298474707347666
MF-EMTO,24,190,0.874307564423227,0.010215326598007503
MF-EMTO,24,200,0.8745422912426974,0.009272552033339286
MF-EMTO,25,20,0.6501357239185983,0.051909177438537256
MF-EMTO,25,30,0.6941971165226657,0.04398607086324334
MF-EMTO,25,40,0.7275894382058584,0.036044728323065496
MF-EMTO,25,50,0.7541447509681803,0.030341944164891534
MF-EMTO,25,60,0.7801633831699774,0.026364874953410024
MF-EMTO,25,70,0.8033829760234718,0.023461910395913617
MF-EMTO,25,80,0.8184657890169501,0.01944848462622903
MF-EMTO,25,90,0.8272088670809006,0.01707442869769241
MF-EMTO,25,100,0.8333434431296879,0.014391045248356833
MF-EMTO,25,110,0.8515618645494152,0.014328540134835796
MF-EMTO,25,120,0.85082959304587,0.012778804401722712
MF-EMTO,25,130,0.8599615873742258,0.011983539541943942
MF-EMTO,25,140,0.8638547632245843,0.010060317774461775
MF-EMTO,25,150,0.8640227837832551,0.011399310108974488
MF-EMTO,25,160,0.8719898942054367,0.009153729741488158
MF-EMTO,25,170,0.8760992947447244,0.009839514726627982
MF-EMTO,25,180,0.8761771596019077,0.00863917366819561
MF-EMTO,25,190,0.8793866202074828,0.00861623791856938
MF-EMTO,25,200,0.8823977259282412,0.009173618663747149
MF-EMTO,26,20,0.6577450356210688,0.052989947779930734
MF-EMTO,26,30,0.6945579732379784,0.042605070919268996
MF-EMTO,26,40,0.735427303192259,0.035923930344554725
MF-EMTO,26,50,0.7541766553672886,0.031165906002887666
MF-EMTO,26,60,0.7767896178348517,0.02609639161379002
MF-EMTO,26,70,0.7978463063199811,0.024187415624633012
MF-EMTO,26,80,0.8023116994911771,0.020206302811239335
MF-EMTO,26,90,0.8289974595615801,0.016385608347725136
MF-EMTO,26,100,0.8377284900486512,0.015235656107236326
MF-EMTO,26,110,0.8468348778795274,0.01438399058709077
MF-EMTO,26,120,0.8554733533312483,0.013764038135336241
MF-EMTO,26,130,0.8624989359829028,0.011007905367068676
MF-EMTO,26,140,0.8700512522754282,0.011336913411034502
MF-EMTO,26,150,0.8682547039843764,0.010193812162182335
MF-EMTO,26,160,0.868792490894681,0.010174069859830246
MF-EMTO,26,170,0.8739021277790828,0.010050229880741304
MF-EMTO,26,180,0.8805184863848942,0.009965423649707586
MF-EMTO,26,190,0.877186657570775,0.010063757052532922
MF-EMTO,26,200,0.8909160630697291,0.009131511845124857
MF-EMTO,27,20,0.658036873488417,0.054157455722239976
MF-EMTO,27,30,0.6958734321933482,0.04330547712031262
MF-EMTO,27,40,0.7307531622233614,0.03650694251206398
MF-EMTO,27,50,0.756733918082515,0.029658116517329313
MF-EMTO,27,60,0.7750691023151747,0.026066208176239544
MF-EMTO,27,70,0.7915713735354972,0.022689751249075015
MF-EMTO,27,80,0.810721391571168,0.020472397269762892
MF-EMTO,27,90,0.8224986710485447,0.016867746124010843
MF-EMTO,27,100,0.8402049853648688,0.014489622711567653
MF-EMTO,27,110,0.8459008357132703,0.014616362940596893
MF-EMTO,27,120,0.8565066675614038,0.013364740582876894
MF-EMTO,27,130,0.8607444219785236,0.011823088588312781
MF-EMTO,27,140,0.8673726681994053,0.011410316873443103
MF-EMTO,27,150,0.8710448360834229,0.010294481435283392
MF-EMTO,27,160,0.8744874890013029,0.00935903834650182
MF-EMTO,27,170,0.8748558940580563,0.010153393102855911
MF-EMTO,27,180,0.8856571863276541,0.009353428796708042
MF-EMTO,27,190,0.8940998632320895,0.009687344302332774
MF-EMTO,27,200,0.8854990222323531,0.00896964994495728
MF-EMTO,28,20,0.6550273273656179,0.05219577817204636
MF-EMTO,28,30,0.690877602532225,0.042936698367386165
MF-EMTO,28,40,0.7280988600544661,0.03548598137295598
MF-EMTO,28,50,0.7520807203208602,0.029965185770596425
MF-EMTO,28,60,0.7661229476893607,0.026414231486202883
MF-EMTO,28,70,0.7845396653618721,0.022607542270921602
MF-EMTO,28,80,0.7929647218107301,0.019848270421212767
MF-EMTO,28,90,0.8124628974008338,0.01808295210377586
MF-EMTO,28,100,0.8289956132010151,0.015263604487345256
MF-EMTO,28,110,0.8365209818492948,0.014253141068315319
MF-EMTO,28,120,0.850015094527504,0.013814537059811938
MF-EMTO,28,130,0.8529499972999307,0.012483441105354189
MF-EMTO,28,140,0.8564477885476779,0.011177371734355101
MF-EMTO,28,150,0.8517062835981516,0.010759936186744116
MF-EMTO,28,160,0.8591969469719924,0.010790448524506545
MF-EMTO,28,170,0.8667150858740414,0.010103276047200254
MF-EMTO,28,180,0.8722479167429924,0.008532182235944609
MF-EMTO,28,190,0.8639403315501725,0.008794006336780801
MF-EMTO,28,200,0.8623336959274848,0.009553339786062907
MF-EMTO,29,20,0.6572145466084736,0.05170624808313737
MF-EMTO,29,30,0.6921105405923883,0.04274665933936806
MF-EMTO,29,40,0.7298566286798087,0.03528066425657109
MF-EMTO,29,50,0.7571318810029051,0.030967639879165593
MF-EMTO,29,60,0.7763661880679306,0.0269516189503462
MF-EMTO,29,70,0.7981082646879264,0.022151058040722617
MF-EMTO,29,80,0.8056288484932718,0.0203145148130163
MF-EMTO,29,90,0.8228143856025032,0.01704170629882672
MF-EMTO,29,100,0.8351552548408446,0.01628124422221135
MF-EMTO,29,110,0.8472643869061646,0.014650297968452521
MF-EMTO,29,120,0.8384696099679554,0.012445291753980422
MF-EMTO,29,130,0.8564551527472081,0.013211902048609017
MF-EMTO,29,140,0.8588407284636318,0.010215033772255747
MF-EMTO,29,150,0.8634388817171884,0.010678906352113517
MF-EMTO,29,160,0.8731628549846653,0.011058131518501041
MF-EMTO,29,170,0.870469838713034,0.009206229801208297
MF-EMTO,29,180,0.8799793693251051,0.0096815204899093
MF-EMTO,29,190,0.8762499845328503,0.009897466783597658
MF-EMTO,29,200,0.8857606572258496,0.010485999215344394
MF-EMTO,30,20,0.651183600374835,0.05294885475994029
MF-EMTO,30,30,0.6948506021726389,0.043649780580331504
MF-EMTO,30,40,0.7242599384688405,0.03632939529246606
MF-EMTO,30,50,0.7517705518927139,0.03011988437867649
MF-EMTO,30,60,0.7775567303217771,0.025764730514314577
MF-EMTO,30,70,0.7933274912774992,0.022177987169686338
MF-EMTO,30,80,0.8142576086878374,0.018962485325879307
MF-EMTO,30,90,0.8301845356385495,0.017366364391573134
MF-EMTO,30,100,0.8268877002354305,0.015622345453305929
MF-EMTO,30,110,0.8450959326145937,0.013556844901587197
MF-EMTO,30,120,0.8533061782353601,0.011393484794307764
MF-EMTO,30,130,0.8595219290681286,0.011968055572498427
MF-EMTO,30,140,0.872402674088252,0.011816847957772625
MF-EMTO,30,150,0.8689275999156585,0.009942763278129069
MF-EMTO,30,160,0.8771056393045052,0.011166342434927692
MF-EMTO,30,170,0.878542169356983,0.010173875468993147
MF-EMTO,30,180,0.8675533060214148,0.009047811988601702
MF-EMTO,30,190,0.8767568998904808,0.009337460640085938
MF-EMTO,30,200,0.8805227397679047,0.008904066894731286
qNEHVI,1,20,0.6529220247394155,0.053922261800098036
qNEHVI,1,30,0.6854371776971073,0.04558021122837723
qNEHVI,1,40,0.7166592007081704,0.03809531140720853
qNEHVI,1,50,0.7421089755836616,0.03429790741213152
qNEHVI,1,60,0.7684931110278799,0.03028226885310032
qNEHVI,1,70,0.7763369546822129,0.024952181791021426
qNEHVI,1,80,0.8013800313256488,0.02158178233462436
qNEHVI,1,90,0.814877106447206,0.020019931181812098
qNEHVI,1,100,0.8207047872450643,0.015896803953793073
qNEHVI,1,110,0.8288566074231618,0.01649439202462781
qNEHVI,1,120,0.8423784325814845,0.015381966329455104
qNEHVI,1,130,0.8481301694484444,0.013672887362845729
qNEHVI,1,140,0.8520679418889185,0.012207081058878815
qNEHVI,1,150,0.8608838403512272,0.011229761135713964
qNEHVI,1,160,0.8576204044909421,0.012240366616140879
qNEHVI,1,170,0.8603628381843311,0.01090248840743516
qNEHVI,1,180,0.8623095661371944,0.011325940946649128
qNEHVI,1,190,0.8703560750983822,0.010664117341345918
qNEHVI,1,200,0.8850616391224655,0.011209760307257942
qNEHVI,2,20,0.6489626619309624,0.053777438405016004
qNEHVI,2,30,0.6860849172139428,0.04605700465272005
qNEHVI,2,40,0.7149480297544298,0.03942007928202104
qNEHVI,2,50,0.7519523042472416,0.033036479474940414
qNEHVI,2,60,0.7584909365441403,0.02901877618004238
qNEHVI,2,70,0.7804586782868171,0.025154405986157747
qNEHVI,2,80,0.7976162241737166,0.02241254575660389
qNEHVI,2,90,0.8070478585900248,0.01887346279216219
qNEHVI,2,100,0.8124845447402155,0.018228058416251025
qNEHVI,2,110,0.8224407098590297,0.01549538781314052
qNEHVI,2,120,0.8445832262862008,0.014829958102863942
qNEHVI,2,130,0.8480496936291799,0.013914101424861755
qNEHVI,2,140,0.8493551029750519,0.013247612091015987
qNEHVI,2,150,0.8490286396083263,0.012235337423853866
qNEHVI,2,160,0.8612266109548969,0.011503932653881433
qNEHVI,2,170,0.8675729589168834,0.01148145399960106
qNEHVI,2,180,0.8641997526629182,0.008970113646384937
qNEHVI,2,190,0.8638062436036363,0.01131680500178639
qNEHVI,2,200,0.8724907209916423,0.010885612470097662
qNEHVI,3,20,0.6524677346431715,0.054459859203004723
qNEHVI,3,30,0.687192466438274,0.04619585390510763
qNEHVI,3,40,0.719524129945311,0.038899987402252596
qNEHVI,3,50,0.7448651700172243,0.03281469406844812
qNEHVI,3,60,0.768311106326286,0.030486302037663823
qNEHVI,3,70,0.7784298939086464,0.025596535028353035
qNEHVI,3,80,0.8090735459689139,0.022150074710729727
qNEHVI,3,90,0.8132831660127392,0.019774353626647753
qNEHVI,3,100,0.8269180095041485,0.017314400431528806
qNEHVI,3,110,0.8381692249184173,0.016505525120460336
qNEHVI,3,120,0.8435850890570425,0.014235339795185743
qNEHVI,3,130,0.8496102034703884,0.012828372115883129
qNEHVI,3,140,0.8543502014066463,0.01260459661142147
qNEHVI,3,150,0.8603340407585767,0.014250288163957507
qNEHVI,3,160,0.8665885873195265,0.010646312168861334
qNEHVI,3,170,0.8675491508705327,0.009578870827504167
qNEHVI,3,180,0.8692034461410814,0.010822855975348288
qNEHVI,3,190,0.8765499948338624,0.009608470271081557
qNEHVI,3,200,0.8829487640095391,0.009643937281385878
qNEHVI,4,20,0.6510856320668472,0.0525938946759021
qNEHVI,4,30,0.6821791307651062,0.044957178439984424
qNEHVI,4,40,0.7076261179783998,0.03909277161061232
qNEHVI,4,50,0.7416851404581799,0.03309705507531001
qNEHVI,4,60,0.7487896383831164,0.028429336424816175
qNEHVI,4,70,0.7732480011369421,0.024657703606150293
qNEHVI,4,80,0.7851623696084806,0.021266326811412637
qNEHVI,4,90,0.8015903155764034,0.020228014827789076
qNEHVI,4,100,0.810678341053869,0.01793406973783123
qNEHVI,4,110,0.8214213794152138,0.016095173140684996
qNEHVI,4,120,0.8285911898867326,0.01583782637411902
qNEHVI,4,130,0.8427659247663523,0.013997522640208154
qNEHVI,4,140,0.8409977059337183,0.013019366382358885
qNEHVI,4,150,0.8413902949823244,0.012096120284551353
qNEHVI,4,160,0.8471973845745077,0.011573121785951514
qNEHVI,4,170,0.8540495846113871,0.011390413691292825
qNEHVI,4,180,0.8526575708556131,0.012166764205785708
qNEHVI,4,190,0.8483915845010737,0.010017693435323374
qNEHVI,4,200,0.8574065158899745,0.010791324738886368
qNEHVI,5,20,0.646428223210162,0.05326479264370355
qNEHVI,5,30,0.6805523514166817,0.04489867619182038
qNEHVI,5,40,0.7160763229251305,0.039331681079166084
qNEHVI,5,50,0.7394790276264926,0.03171748419672557
qNEHVI,5,60,0.7607099220313988,0.028864793591131616
qNEHVI,5,70,0.7777067484621896,0.025844774427667156
qNEHVI,5,80,0.7902271280959234,0.0227736784991082
qNEHVI,5,90,0.803617170676666,0.0202282386178286
qNEHVI,5,100,0.8273985572037025,0.018936983257476586
qNEHVI,5,110,0.8336659859741437,0.016344329237348493
qNEHVI,5,120,0.837775464885884,0.016077559831080536
qNEHVI,5,130,0.8502851830338614,0.014084301373144486
qNEHVI,5,140,0.843260737386615,0.013395511688878725
qNEHVI,5,150,0.85707454908591,0.011994078904080822
qNEHVI,5,160,0.8639823781249185,0.011634146911762943
qNEHVI,5,170,0.8674648927876654,0.012144059481759742
qNEHVI,5,180,0.8698718351715549,0.012061074277227607
qNEHVI,5,190,0.8794971234222039,0.010285581805766338
qNEHVI,5,200,0.8668171325819272,0.011240803966211159
qNEHVI,6,20,0.6597385933799477,0.054103195001516086
qNEHVI,6,30,0.6925925833532498,0.046027518785905656
qNEHVI,6,40,0.7189822254867987,0.03970194696515007
qNEHVI,6,50,0.7489050258067073,0.03396279644809949
qNEHVI,6,60,0.7602881901275383,0.02852322875437336
qNEHVI,6,70,0.786460778382991,0.02587094614150614
qNEHVI,6,80,0.7984363153415147,0.02266404569678727
qNEHVI,6,90,0.8113251324904477,0.020392007126543193
qNEHVI,6,100,0.8239571664608227,0.018180196175481264
qNEHVI,6,110,0.8310537111844472,0.016053448149910228
qNEHVI,6,120,0.8458716679229953,0.015649480166867825
qNEHVI,6,130,0.8482799678035357,0.013660295974314982
qNEHVI,6,140,0.8518193766241331,0.012367006547941171
qNEHVI,6,150,0.8581634838749285,0.012410242661675794
qNEHVI,6,160,0.8700427007914148,0.013204681478433995
qNEHVI,6,170,0.8650117850935519,0.011056922387298645
qNEHVI,6,180,0.8659730740466656,0.011404918839464718
qNEHVI,6,190,0.8676598491229328,0.01080163357845987
qNEHVI,6,200,0.8737520266987766,0.01051918176443658
qNEHVI,7,20,0.660898460345317,0.05427668046139441
qNEHVI,7,30,0.6863588961153233,0.04532875414635123
qNEHVI,7,40,0.7187513673554097,0.038527864900456385
qNEHVI,7,50,0.7435694824218908,0.033802831215586915
qNEHVI,7,60,0.7591935764950816,0.028508788280175706
qNEHVI,7,70,0.7799809190695077,0.025662291306412992
qNEHVI,7,80,0.7954265934606423,0.021512435578432583
qNEHVI,7,90,0.8117253752324387,0.019593199342873385
qNEHVI,7,100,0.8203232912778594,0.017555744454581586
qNEHVI,7,110,0.8226881136730516,0.016302581795190185
qNEHVI,7,120,0.8357614525353027,0.014693217128065277
qNEHVI,7,130,0.8480391751179868,0.013940070643403319
qNEHVI,7,140,0.8463097872626854,0.013241281527852446
qNEHVI,7,150,0.8583491598952567,0.013354413098187693
qNEHVI,7,160,0.8611106072567813,0.011518842030457844
qNEHVI,7,170,0.8600268659767806,0.010522700735123243
qNEHVI,7,180,0.8698200455984434,0.01150176020273094
qNEHVI,7,190,0.8539234521561236,0.010286761190521326
qNEHVI,7,200,0.8661527816119418,0.011135326657318083
qNEHVI,8,20,0.6480436824172662,0.05375487441395007
qNEHVI,8,30,0.6961438531835717,0.045510425596216854
qNEHVI,8,40,0.7103491091263838,0.03921005192664069
qNEHVI,8,50,0.7442660040933419,0.03248981788043733
qNEHVI,8,60,0.7791745041988055,0.02899534154293011
qNEHVI,8,70,0.7838302075444917,0.02518007747808292
qNEHVI,8,80,0.8115446231134554,0.021460818416423465
qNEHVI,8,90,0.8188408540843174,0.019548997609511582
qNEHVI,8,100,0.8254974826085829,0.018291372568785026
qNEHVI,8,110,0.8338568665986544,0.014858447910291199
qNEHVI,8,120,0.8449920971854418,0.015458012128968872
qNEHVI,8,130,0.8542366285456441,0.013450878412872468
qNEHVI,8,140,0.8643814100876864,0.013626457252580704
qNEHVI,8,150,0.8673009328799706,0.011601020448989623
qNEHVI,8,160,0.8690528911694506,0.011452762935913652
qNEHVI,8,170,0.8718758171383595,0.012209386016275832
qNEHVI,8,180,0.8778418816587826,0.010132781083084935
qNEHVI,8,190,0.8767500342428068,0.010408972163586168
qNEHVI,8,200,0.8790545961277131,0.011105265819810814
qNEHVI,9,20,0.6542866792166527,0.05373397935143419
qNEHVI,9,30,0.688596332860576,0.04547065743910056
qNEHVI,9,40,0.7176639410166936,0.039842488487785085
qNEHVI,9,50,0.746085230675646,0.03411031837697915
qNEHVI,9,60,0.7681512506169594,0.02978860425213569
qNEHVI,9,70,0.7842639265385015,0.025315016357029967
qNEHVI,9,80,0.7989708604106888,0.02169801555658355
qNEHVI,9,90,0.8026899873010198,0.01970262773201289
qNEHVI,9,100,0.8247491396756139,0.017294378772108897
qNEHVI,9,110,0.8223747456068019,0.015161437995086638
qNEHVI,9,120,0.8419675269706284,0.015459541545146473
qNEHVI,9,130,0.8419772509231765,0.01458070560235448
qNEHVI,9,140,0.850571843452842,0.01402180361039665
qNEHVI,9,150,0.8574636361730047,0.013191059279040514
qNEHVI,9,160,0.863534838561524,0.011311812358671607
qNEHVI,9,170,0.8659898156097672,0.011850443001599943
qNEHVI,9,180,0.8661275189663228,0.009743131763009269
qNEHVI,9,190,0.8685905209200012,0.01007776807939652
qNEHVI,9,200,0.8750113947684437,0.01084759436582389
qNEHVI,10,20,0.6457850914815122,0.053938397726038985
qNEHVI,10,30,0.6877580448145191,0.04646031269344065
qNEHVI,10,40,0.7096029965196436,0.03837084857494754
qNEHVI,10,50,0.7350204079640772,0.03381311000185383
qNEHVI,10,60,0.7642042564641118,0.02903578491908951
qNEHVI,10,70,0.7740172683313131,0.026701671621566052
qNEHVI,10,80,0.8023842417213061,0.02252458441224218
qNEHVI,10,90,0.8035925104753486,0.01997830331550866
qNEHVI,10,100,0.8208272708366865,0.01798214119741112
qNEHVI,10,110,0.8234640915293638,0.01588679431263014
qNEHVI,10,120,0.8449480600525818,0.015399379516679763
qNEHVI,10,130,0.8449087423666596,0.013662656389106163
qNEHVI,10,140,0.8517273794668874,0.01159254335247174
qNEHVI,10,150,0.8484722328952451,0.01269505056524101
qNEHVI,10,160,0.8591911299850008,0.011224688388983899
qNEHVI,10,170,0.8696230263950597,0.011074094711683077
qNEHVI,10,180,0.865045506870389,0.01094703350973868
qNEHVI,10,190,0.8656519840338507,0.011159423359590522
qNEHVI,10,200,0.8671227566286143,0.009070356648675502
qNEHVI,11,20,0.6517020234271406,0.05354241472851506
qNEHVI,11,30,0.686144684912596,0.04532533014329016
qNEHVI,11,40,0.7255468065398663,0.03763552401744109
qNEHVI,11,50,0.7442974936537393,0.03237170735066427
qNEHVI,11,60,0.7690952365128243,0.029586415189875283
qNEHVI,11,70,0.7847666772787572,0.025124653548539398
qNEHVI,11,80,0.8023738559396211,0.022088149223314694
qNEHVI,11,90,0.8167170003126379,0.01926357293963044
qNEHVI,11,100,0.8277490960266534,0.01640463756923441
qNEHVI,11,110,0.8320139889552145,0.015799228331734947
qNEHVI,11,120,0.8412901803683478,0.015618413395101295
qNEHVI,11,130,0.8438789417321463,0.013375918653239949
qNEHVI,11,140,0.8477207602412882,0.013583079310548403
qNEHVI,11,150,0.8620840226274221,0.012281504229776433
qNEHVI,11,160,0.8577103525376879,0.011562441563830026
qNEHVI,11,170,0.865564031586194,0.010809637027097984
qNEHVI,11,180,0.872017138372588,0.00999710341330099
qNEHVI,11,190,0.8727725104886027,0.01244619493275557
qNEHVI,11,200,0.8812049550806872,0.011224497027872584
qNEHVI,12,20,0.6529086534104336,0.05369216876356424
qNEHVI,12,30,0.6857246156293172,0.04615606193333614
qNEHVI,12,40,0.7172391912865331,0.038847514952744265
qNEHVI,12,50,0.7458476413894268,0.033836044647800316
qNEHVI,12,60,0.758140879726766,0.02986634802375358
qNEHVI,12,70,0.7837704901542425,0.024801342551903655
qNEHVI,12,80,0.7910856144703172,0.02141968083304352
qNEHVI,12,90,0.8113599819104146,0.019922489554906407
qNEHVI,12,100,0.8185017371396099,0.018438458539192022
qNEHVI,12,110,0.8385970414604471,0.016676764016271908
qNEHVI,12,120,0.8477886222660556,0.0141698528624961
qNEHVI,12,130,0.8508082747824902,0.013978671740590797
qNEHVI,12,140,0.8541410079305859,0.01299783443531014
qNEHVI,12,150,0.8617282356263964,0.01162553877160954
qNEHVI,12,160,0.8614072897331253,0.01325681212927069
qNEHVI,12,170,0.868641734039945,0.011057238611969281
qNEHVI,12,180,0.8715303896648666,0.009655001558914633
qNEHVI,12,190,0.8753805496501653,0.009742729986740618
qNEHVI,12,200,0.8719383680896529,0.01016755085301514
qNEHVI,13,20,0.6597535665917911,0.0534978621805263
qNEHVI,13,30,0.6901589487592891,0.04706682459138346
qNEHVI,13,40,0.7163727901217192,0.038755372281678295
qNEHVI,13,50,0.7450461432456799,0.033391373878659966
qNEHVI,13,60,0.761701006825553,0.02810089730417739
qNEHVI,13,70,0.789661857167139,0.025815643943169327
qNEHVI,13,80,0.8031361216140598,0.02258069664150087
qNEHVI,13,90,0.8153855144706097,0.020065710779155907
qNEHVI,13,100,0.8283082055878813,0.019102274647258822
qNEHVI,13,110,0.8439832603987321,0.01491832194731143
qNEHVI,13,120,0.8494540568042769,0.014927220391598163
qNEHVI,13,130,0.8530881668000709,0.014332549145653838
qNEHVI,13,140,0.8554402726397253,0.01329713902200983
qNEHVI,13,150,0.8628282880796886,0.010859901857580442
qNEHVI,13,160,0.8678546733890288,0.01060738519349829
qNEHVI,13,170,0.8735861539532463,0.01109046785562091
qNEHVI,13,180,0.8724678795865198,0.011882637008139225
qNEHVI,13,190,0.8801398358496713,0.009914347928241252
qNEHVI,13,200,0.8828277087741467,0.00962230011486766
qNEHVI,14,20,0.650220168335157,0.05332668989226956
qNEHVI,14,30,0.6826819100841487,0.045848405399674316
qNEHVI,14,40,0.7246910985889874,0.038321717443344415
qNEHVI,14,50,0.7532326013482766,0.034924415498075324
qNEHVI,14,60,0.7706657537916054,0.03001582760383524
qNEHVI,14,70,0.7905561661122642,0.026049390741622193
qNEHVI,14,80,0.7987916740979449,0.021612636333177063
qNEHVI,14,90,0.8161442051422143,0.021056538011912637
qNEHVI,14,100,0.8309226629737787,0.01768735423505003
qNEHVI,14,110,0.8421603396888931,0.015341417883335559
qNEHVI,14,120,0.8479375212550798,0.015166462265660579
qNEHVI,14,130,0.8680040532002722,0.013155230118088735
qNEHVI,14,140,0.8568470317338815,0.012983482985157108
qNEHVI,14,150,0.869074295951828,0.012891180735222793
qNEHVI,14,160,0.8673537775387472,0.01190636516256826
qNEHVI,14,170,0.8733491097829243,0.012427104707778119
qNEHVI,14,180,0.869152625626273,0.010488652555043488
qNEHVI,14,190,0.8738643035671574,0.00996551176743243
qNEHVI,14,200,0.8680527061051324,0.010179925295692423
qNEHVI,15,20,0.6503776070971649,0.055006438522890694
qNEHVI,15,30,0.683538374809744,0.0470003386296153
qNEHVI,15,40,0.7184535583243544,0.03887762132858925
qNEHVI,15,50,0.7400342014125566,0.0339789415030722
qNEHVI,15,60,0.7639124869863136,0.027763182985054844
qNEHVI,15,70,0.7793991869066522,0.02579254074975203
qNEHVI,15,80,0.8005903379688903,0.022480861049717183
qNEHVI,15,90,0.8185488466348071,0.020561229888054765
qNEHVI,15,100,0.8216875650294162,0.016843246235766492
qNEHVI,15,110,0.8358692046495566,0.016031005696607994
qNEHVI,15,120,0.8308467852464179,0.014286515327452875
qNEHVI,15,130,0.8439852629610746,0.012938880701028272
qNEHVI,15,140,0.8523632948007703,0.012851512335170248
qNEHVI,15,150,0.8573972515530104,0.011459220116081576
qNEHVI,15,160,0.8636406951038768,0.011558171827118784
qNEHVI,15,170,0.862554327816278,0.011492175514342763
qNEHVI,15,180,0.8715510561492482,0.011308470151045302
qNEHVI,15,190,0.872311275877421,0.01182363024588711
qNEHVI,15,200,0.873161729552761,0.009825367892566822
qNEHVI,16,20,0.6551129392426841,0.05398738767104614
qNEHVI,16,30,0.6828689421759667,0.04538216384501286
qNEHVI,16,40,0.7203174817249722,0.03686129649194943
qNEHVI,16,50,0.7395803456502057,0.03509425884297576
qNEHVI,16,60,0.757691536721141,0.030199547896968597
qNEHVI,16,70,0.7794779954966323,0.024746048112013228
qNEHVI,16,80,0.795532580822232,0.022401714270067086
qNEHVI,16,90,0.8130259937556884,0.02026507461343421
qNEHVI,16,100,0.8159622797752587,0.01781619959559577
qNEHVI,16,110,0.8273608334618842,0.015947144277660908
qNEHVI,16,120,0.8360202112437957,0.014094304962683723
qNEHVI,16,130,0.8433092348739651,0.014641176322619872
qNEHVI,16,140,0.8549398888077909,0.012629748791426067
qNEHVI,16,150,0.8492723066443559,0.011724540503260428
qNEHVI,16,160,0.8605197507973141,0.012489271289686346
qNEHVI,16,170,0.8686837632526901,0.012257720310306164
qNEHVI,16,180,0.869946172217968,0.011242569631161888
qNEHVI,16,190,0.8707428656542537,0.010154342606702301
qNEHVI,16,200,0.862926572785251,0.0098905382967968
qNEHVI,17,20,0.6554034757965849,0.05379731117830819
qNEHVI,17,30,0.6878171411765066,0.04675948021739874
qNEHVI,17,40,0.7099560848790787,0.039191622975259674
qNEHVI,17,50,0.7375060351626245,0.03312801700425128
qNEHVI,17,60,0.7689810829718592,0.029652045324857847
qNEHVI,17,70,0.786753116342264,0.024632217975770383
qNEHVI,17,80,0.8007458735675053,0.022804622455157846
qNEHVI,17,90,0.8046516996828023,0.02059754738056709
qNEHVI,17,100,0.8213985491838209,0.01710893601016241
qNEHVI,17,110,0.833836169290972,0.015962596854822153
qNEHVI,17,120,0.8458730914380188,0.015124884105212006
qNEHVI,17,130,0.8502489053866578,0.0138005919853166
qNEHVI,17,140,0.8586902380819649,0.012983726358082199
qNEHVI,17,150,0.8616340170652508,0.010835759952170416
qNEHVI,17,160,0.8656234339995627,0.01302530856714302
qNEHVI,17,170,0.8721227701018704,0.011915368118325635
qNEHVI,17,180,0.8669430769700686,0.012095033514202057
qNEHVI,17,190,0.8833377205918231,0.010143571646509692
qNEHVI,17,200,0.8770509993325738,0.009787167199469276
qNEHVI,18,20,0.64704170144836,0.05322260348616442
qNEHVI,18,30,0.6881501962347258,0.044640810305734344
qNEHVI,18,40,0.71957238294863,0.038673647561213345
qNEHVI,18,50,0.7433527621270385,0.033817689216342414
qNEHVI,18,60,0.7596149770158714,0.028976189297755858
qNEHVI,18,70,0.7915938880814847,0.024577645249538215
qNEHVI,18,80,0.7972208316699346,0.02172810706176612
qNEHVI,18,90,0.8114741832770973,0.01792758831496168
qNEHVI,18,100,0.8185061640267225,0.01764432126106996
qNEHVI,18,110,0.82877392945958,0.01684864874972383
qNEHVI,18,120,0.8340562069603007,0.016454509728967805
qNEHVI,18,130,0.8497565101186918,0.01302978292388
qNEHVI,18,140,0.8516663378189003,0.012425273432644017
qNEHVI,18,150,0.8566852390434846,0.012492162194093853
qNEHVI,18,160,0.8593451553925514,0.011456606448710775
qNEHVI,18,170,0.8619235975885424,0.010389435611285169
qNEHVI,18,180,0.8674948147875453,0.009737532670253549
qNEHVI,18,190,0.8747906402056215,0.010666225251168853
qNEHVI,18,200,0.8702950743016994,0.01077336014369425
qNEHVI,19,20,0.6484768088598738,0.05477497748990806
qNEHVI,19,30,0.6883142399740111,0.04434740966865551
qNEHVI,19,40,0.7119058453558945,0.038405571312298506
qNEHVI,19,50,0.7434725178330478,0.03191765550385152
qNEHVI,19,60,0.7661599155743695,0.028952555051570215
qNEHVI,19,70,0.7853550082789782,0.02501018035528798
qNEHVI,19,80,0.7975216044192383,0.022227291706104328
qNEHVI,19,90,0.8148891901093442,0.01850356430431504
qNEHVI,19,100,0.8263817302086588,0.016858175031688072
qNEHVI,19,110,0.8382575382595889,0.015374708441792626
qNEHVI,19,120,0.8455512569989838,0.014910729546353233
qNEHVI,19,130,0.8486974589552537,0.013896476279682315
qNEHVI,19,140,0.8524641749798912,0.012430681070865554
qNEHVI,19,150,0.8564459367680339,0.012972064412030311
qNEHVI,19,160,0.8682334340416367,0.011405100806900374
qNEHVI,19,170,0.874041219624007,0.009996624272710114
qNEHVI,19,180,0.8752966884121616,0.011014046694278893
qNEHVI,19,190,0.8730014743572542,0.010426862599991359
qNEHVI,19,200,0.8778362671384993,0.008933070960692718
qNEHVI,20,20,0.6581594566839167,0.05372093502534598
qNEHVI,20,30,0.6920718691567156,0.04621128091381822
qNEHVI,20,40,0.7190261434381462,0.03949335720735936
qNEHVI,20,50,0.7406329293132091,0.0344532362561158
qNEHVI,20,60,0.7726545387454942,0.027588809583225002
qNEHVI,20,70,0.7836273948487303,0.02397788777708263
qNEHVI,20,80,0.8007635720613856,0.022250737169506072
qNEHVI,20,90,0.8115022687512983,0.02020654643036252
qNEHVI,20,100,0.8182380522287644,0.016861798683877126
qNEHVI,20,110,0.8348747172397657,0.0167524056038003
qNEHVI,20,120,0.8464566939080042,0.016063707609002286
qNEHVI,20,130,0.8455975354570296,0.013611964454230224
qNEHVI,20,140,0.8536522993579365,0.012127528033006754
qNEHVI,20,150,0.8594205601287529,0.012674095506303941
qNEHVI,20,160,0.8605917044747897,0.012296888005841578
qNEHVI,20,170,0.8611079707193765,0.011746767091294597
qNEHVI,20,180,0.8656719800823464,0.010251782171137667
qNEHVI,20,190,0.8721142927995827,0.010543210843493696
qNEHVI,20,200,0.876220126683395,0.010400933724843625
qNEHVI,21,20,0.6511690922192446,0.054389924346504796
qNEHVI,21,30,0.6823771104220219,0.04564417818387492
qNEHVI,21,40,0.7106806933154609,0.03839384044351352
qNEHVI,21,50,0.7308818487738431,0.03355246745151965
qNEHVI,21,60,0.7557230921490341,0.02874670615082064
qNEHVI,21,70,0.7632006581168124,0.025836238904804798
qNEHVI,21,80,0.7817854928958026,0.023401804547565637
qNEHVI,21,90,0.805244871049265,0.019837434326871448
qNEHVI,21,100,0.8065237527372402,0.01744321153359182
qNEHVI,21,110,0.8184557715266902,0.01632395209231519
qNEHVI,21,120,0.8249291861939894,0.015836607875696414
qNEHVI,21,130,0.8343290638396864,0.013291300406132165
qNEHVI,21,140,0.8416637275312538,0.012751465676306606
qNEHVI,21,150,0.8417300245021535,0.01230691037355818
qNEHVI,21,160,0.8458213455349934,0.010162119678291552
qNEHVI,21,170,0.8576030515747424,0.010566269591505357
qNEHVI,21,180,0.8668704889933758,0.010189234779775604
qNEHVI,21,190,0.8609505038086033,0.010760819278547315
qNEHVI,21,200,0.8613335824060615,0.009864912528088916
qNEHVI,22,20,0.6560375355515441,0.05459493823508962
qNEHVI,22,30,0.6853101943003049,0.047346133844175124
qNEHVI,22,40,0.7188352038613272,0.038357421459580376
qNEHVI,22,50,0.7369726536474791,0.0331678521576345
qNEHVI,22,60,0.7566604568934618,0.029235597775590778
qNEHVI,22,70,0.7840669586800617,0.024609633748823367
qNEHVI,22,80,0.7948574560204209,0.022976948681629014
qNEHVI,22,90,0.8073599077219947,0.018983599413930567
qNEHVI,22,100,0.8225971296756542,0.01716657570158826
qNEHVI,22,110,0.8240360856591299,0.01530623086258795
qNEHVI,22,120,0.8369303318263593,0.015784035883474424
qNEHVI,22,130,0.8458435522675931,0.012800389675308815
qNEHVI,22,140,0.8515709670301318,0.012866190807315632
qNEHVI,22,150,0.8573483396374139,0.011666792758710787
qNEHVI,22,160,0.8579684356827847,0.011848350692886334
qNEHVI,22,170,0.8642832331321255,0.01142355825407038
qNEHVI,22,180,0.8609249242689004,0.012949004204820602
qNEHVI,22,190,0.8724140262702281,0.009847292936061255
qNEHVI,22,200,0.876422558304038,0.011594963033600556
qNEHVI,23,20,0.6527388124734878,0.05326343716177673
qNEHVI,23,30,0.6905428693984066,0.04707024716372217
qNEHVI,23,40,0.7163095982805167,0.039358862428966905
qNEHVI,23,50,0.7361071791309146,0.03347188802006035
qNEHVI,23,60,0.759108946641026,0.02636366455278693
qNEHVI,23,70,0.777669008405084,0.02440557614299684
qNEHVI,23,80,0.7914104644069152,0.022468159378071288
qNEHVI,23,90,0.8142468049447122,0.019305294987618748
qNEHVI,23,100,0.8171058248537557,0.01807618780280349
qNEHVI,23,110,0.8291500848954043,0.017586408172227206
qNEHVI,23,120,0.8392140644041811,0.014799828045552903
qNEHVI,23,130,0.8412431097652732,0.014529048853144117
qNEHVI,23,140,0.8565178725806613,0.014230106222049996
qNEHVI,23,150,0.8493288796263423,0.013150746519812188
qNEHVI,23,160,0.8547002091732058,0.010701506013093045
qNEHVI,23,170,0.8605161927514419,0.010574504727942016
qNEHVI,23,180,0.8634522178405142,0.011358323248034947
qNEHVI,23,190,0.860288784088142,0.009407160894324522
qNEHVI,23,200,0.8663010494199671,0.010665626843170198
qNEHVI,24,20,0.6477330287743818,0.053280515136771935
qNEHVI,24,30,0.6865925726021366,0.04490373837129359
qNEHVI,24,40,0.7094517128315565,0.03938252863866572
qNEHVI,24,50,0.7395148080488889,0.0328491607104059
qNEHVI,24,60,0.7550116369155379,0.028271656625226627
qNEHVI,24,70,0.7849679803841455,0.02455639533810215
qNEHVI,24,80,0.7857726246708724,0.022401040719527896
qNEHVI,24,90,0.8022308011095578,0.019070009640890437
qNEHVI,24,100,0.8236151790665258,0.018054573352093022
qNEHVI,24,110,0.820614005148302,0.01661875000580671
qNEHVI,24,120,0.828905242513346,0.01421571265348793
qNEHVI,24,130,0.8353189428296004,0.01325061652061526
qNEHVI,24,140,0.8460079261063891,0.015277064131183078
qNEHVI,24,150,0.8483417859442473,0.012258946894623984
qNEHVI,24,160,0.850059919890072,0.011917256431383057
qNEHVI,24,170,0.8562268561294087,0.010221482105952783
qNEHVI,24,180,0.8599364834887137,0.010679147097590701
qNEHVI,24,190,0.8606070910048208,0.01031882789452047
qNEHVI,24,200,0.8632249906361854,0.009192689786432907
qNEHVI,25,20,0.6545201804853119,0.05444350254133027
qNEHVI,25,30,0.6854229645691817,0.04478720333126574
qNEHVI,25,40,0.7196569742493353,0.038138813414662506
qNEHVI,25,50,0.7464447639553649,0.03360478080831967
qNEHVI,25,60,0.7705615239431591,0.028914389263719364
qNEHVI,25,70,0.7915877783082076,0.025348742428970686
qNEHVI,25,80,0.8047805983812114,0.022845578871256714
qNEHVI,25,90,0.8088398181209568,0.02050299605137037
qNEHVI,25,100,0.8252114234020983,0.018144733426539876
qNEHVI,25,110,0.8347816640304373,0.01628080425514256
qNEHVI,25,120,0.8448825631024964,0.0137367172011565
qNEHVI,25,130,0.8518146361775292,0.013268853426928994
qNEHVI,25,140,0.8549250047634688,0.01266624009599552
qNEHVI,25,150,0.8543636171894081,0.01306516938577726
qNEHVI,25,160,0.8703883035518168,0.010456156163239564
qNEHVI,25,170,0.8681283291603515,0.01248042774933683
qNEHVI,25,180,0.8704206189917604,0.011100222098813329
qNEHVI,25,190,0.8798435809680216,0.009415104078364775
qNEHVI,25,200,0.8709394659848383,0.010264954514054566
qNEHVI,26,20,0.6472169920541252,0.052881742807812604
qNEHVI,26,30,0.6874299558958953,0.04611973254164227
qNEHVI,26,40,0.7187968858190038,0.039168673466963524
qNEHVI,26,50,0.7406565176634047,0.034440753553659394
qNEHVI,26,60,0.7575063540521844,0.029853302580905437
qNEHVI,26,70,0.7910701660480148,0.026172820857087824
qNEHVI,26,80,0.795590417899547,0.022054701728845005
qNEHVI,26,90,0.8055674483102908,0.020303610639544008
qNEHVI,26,100,0.8242249885793483,0.017226806477359684
qNEHVI,26,110,0.8321122742508621,0.016073085532486733
qNEHVI,26,120,0.8392440511858547,0.015478965761646962
qNEHVI,26,130,0.8503955076780914,0.013528388390633627
qNEHVI,26,140,0.8505305067494418,0.012876442271227289
qNEHVI,26,150,0.857904468340803,0.011489685578487504
qNEHVI,26,160,0.8596528856147149,0.012113406595505834
qNEHVI,26,170,0.8685471446191135,0.01000500083753821
qNEHVI,26,180,0.8777011922662106,0.011687604255418177
qNEHVI,26,190,0.8796210052781499,0.010086044028793225
qNEHVI,26,200,0.8673051874806266,0.009783184494875172
qNEHVI,27,20,0.6493520470913381,0.05369522528424146
qNEHVI,27,30,0.6856246796282301,0.0457263151206151
qNEHVI,27,40,0.7081628085034873,0.03799766326226014
qNEHVI,27,50,0.7407388017481512,0.032630093252363816
qNEHVI,27,60,0.7550227931211669,0.028784503206719957
qNEHVI,27,70,0.7817463708125258,0.025216497259374544
qNEHVI,27,80,0.8022822283496589,0.02188002564302791
qNEHVI,27,90,0.8121700363098525,0.01977759342835077
qNEHVI,27,100,0.8124648744216078,0.016372555666805986
qNEHVI,27,110,0.831600738591745,0.015840266943176227
qNEHVI,27,120,0.8408037919493152,0.01556250198395844
qNEHVI,27,130,0.8433935503109647,0.014215562433746406
qNEHVI,27,140,0.8508170959273536,0.013374156041764935
qNEHVI,27,150,0.8555382763378874,0.011711802596032769
qNEHVI,27,160,0.8533869414052104,0.012617072607203855
qNEHVI,27,170,0.8646624384949737,0.011952204538398755
qNEHVI,27,180,0.8677825143146632,0.011114265330875398
qNEHVI,27,190,0.8603627027284667,0.010514863912270488
qNEHVI,27,200,0.8615543923086725,0.009677225535080058
qNEHVI,28,20,0.6519106229643041,0.053888616005597294
qNEHVI,28,30,0.6850426350054577,0.044600433326369295
qNEHVI,28,40,0.7180675057073456,0.039190836576387486
qNEHVI,28,50,0.7497567810337173,0.03443349040578131
qNEHVI,28,60,0.7598379407949963,0.028582966449984225
qNEHVI,28,70,0.7775660194245949,0.025456592350084704
qNEHVI,28,80,0.799136178676674,0.022076215368420818
qNEHVI,28,90,0.8120800034186679,0.019065889397818725
qNEHVI,28,100,0.8244206457968488,0.017459050421918483
qNEHVI,28,110,0.820527216529644,0.015739431001482146
qNEHVI,28,120,0.843696761787183,0.015115143197828801
qNEHVI,28,130,0.8486479052207361,0.013313947370882116
qNEHVI,28,140,0.8491738310612158,0.012589459043589402
qNEHVI,28,150,0.8526694634643451,0.013814102057907614
qNEHVI,28,160,0.8524672151034208,0.011415277802373901
qNEHVI,28,170,0.8594674106557492,0.01050050862083319
qNEHVI,28,180,0.8621466183006468,0.010247028790315605
qNEHVI,28,190,0.8742841944928772,0.010703451949074296
qNEHVI,28,200,0.8759596743032152,0.008958952893745712
qNEHVI,29,20,0.6488080153746028,0.05474022128316298
qNEHVI,29,30,0.687272470721745,0.04585483942218298
qNEHVI,29,40,0.7174651566574731,0.039503064687726124
qNEHVI,29,50,0.7502911146310265,0.0326757423124458
qNEHVI,29,60,0.7674070638323376,0.02845712619924068
qNEHVI,29,70,0.7877167290947996,0.02446572234338678
qNEHVI,29,80,0.8016635558333806,0.022942004810993573
qNEHVI,29,90,0.8283590992199028,0.019088483332626475
qNEHVI,29,100,0.8267667181613775,0.01879313649686244
qNEHVI,29,110,0.8389807026641144,0.016720234964620655
qNEHVI,29,120,0.8471341321895298,0.015207888957489021
qNEHVI,29,130,0.8579053928671285,0.014249472099155223
qNEHVI,29,140,0.8558870618339308,0.013834173384115299
qNEHVI,29,150,0.868077534721373,0.01333771130778206
qNEHVI,29,160,0.8662853901884617,0.012319226999777813
qNEHVI,29,170,0.8782016937316309,0.011344121803468072
qNEHVI,29,180,0.8776912543922146,0.011311936586684517
qNEHVI,29,190,0.8821453902025579,0.011846989933491574
qNEHVI,29,200,0.87840895606462,0.010384102904547748
qNEHVI,30,20,0.651626354003027,0.05406319120679842
qNEHVI,30,30,0.6853614485938958,0.044648232152995966
qNEHVI,30,40,0.7111702788357845,0.04003402395123595
qNEHVI,30,50,0.7410395887714666,0.033188036479401495
qNEHVI,30,60,0.7602527704391719,0.03039606384707807
qNEHVI,30,70,0.7803649397811893,0.025826967974934147
qNEHVI,30,80,0.796856842330885,0.02188921805549142
qNEHVI,30,90,0.8185472298798441,0.019564407689448993
qNEHVI,30,100,0.8195943391855794,0.01728098840224174
qNEHVI,30,110,0.8277302530391544,0.016642583232321508
qNEHVI,30,120,0.835798085589144,0.014439163805873822
qNEHVI,30,130,0.8478202372500294,0.014960445877188852
qNEHVI,30,140,0.8534532474232788,0.012303667952020819
qNEHVI,30,150,0.854273656159377,0.011941059041955419
qNEHVI,30,160,0.8606411400834435,0.010345278151717985
qNEHVI,30,170,0.8647799165419716,0.011589827441970395
qNEHVI,30,180,0.8764280183814169,0.01102843849005972
qNEHVI,30,190,0.8727053459901223,0.008973582532055284
qNEHVI,30,200,0.8763100089423931,0.01030127475867466
LC-SAEA,1,20,0.6487764797136135,0.05536005178716761
LC-SAEA,1,30,0.6852776899031137,0.048661323802674565
LC-SAEA,1,40,0.7079324607600431,0.04214430627098815
LC-SAEA,1,50,0.7337375581860315,0.03561596643829703
LC-SAEA,1,60,0.7488369277898805,0.030828713337830323
LC-SAEA,1,70,0.7629927508526427,0.027667273713588927
LC-SAEA,1,80,0.7907544534697292,0.024269958520625787
LC-SAEA,1,90,0.799987690838006,0.022024626072425592
LC-SAEA,1,100,0.8078347106391607,0.01968788185486073
LC-SAEA,1,110,0.8234321538392279,0.017134260729091945
LC-SAEA,1,120,0.8215373278005409,0.015918254614789202
LC-SAEA,1,130,0.832269873550066,0.01632836047738211
LC-SAEA,1,140,0.8430390138551005,0.012667464424527156
LC-SAEA,1,150,0.8446074055808461,0.014687705781899655
LC-SAEA,1,160,0.8594683526006893,0.014666928088712727
LC-SAEA,1,170,0.8575856690842548,0.01162638486291065
LC-SAEA,1,180,0.8630164396184513,0.012712515236374958
LC-SAEA,1,190,0.864885428117819,0.012355608383245327
LC-SAEA,1,200,0.8669010640611171,0.011430220610932696
LC-SAEA,2,20,0.6442742928588725,0.05492426875951378
LC-SAEA,2,30,0.6792393786078932,0.047254795234030686
LC-SAEA,2,40,0.7018537312606018,0.042247996700202656
LC-SAEA,2,50,0.7273167273880573,0.03403333080616198
LC-SAEA,2,60,0.7541015176314768,0.032261136197510094
LC-SAEA,2,70,0.7721527495390135,0.027064333139521026
LC-SAEA,2,80,0.7996901279489415,0.025409317278048654
LC-SAEA,2,90,0.7939762534891953,0.022237269761834672
LC-SAEA,2,100,0.8101588581461232,0.019510145100556514
LC-SAEA,2,110,0.8320741070369219,0.020319965331969652
LC-SAEA,2,120,0.8278892665826724,0.01846968735872054
LC-SAEA,2,130,0.8433177898999172,0.014235822722027931
LC-SAEA,2,140,0.8454416597579458,0.013595263403455352
LC-SAEA,2,150,0.8459563985435569,0.013880336213142922
LC-SAEA,2,160,0.863030967472773,0.012736525222399356
LC-SAEA,2,170,0.8534822052395679,0.01232133520139625
LC-SAEA,2,180,0.8605406355382152,0.011454208226337829
LC-SAEA,2,190,0.8593932953279256,0.011266983235282182
LC-SAEA,2,200,0.8674651789724903,0.01141844310515075
LC-SAEA,3,20,0.6527139671510362,0.05508301806961626
LC-SAEA,3,30,0.678156061838864,0.04725838245702727
LC-SAEA,3,40,0.7078371916775925,0.04263839470731729
LC-SAEA,3,50,0.7244433108980126,0.035750172760656035
LC-SAEA,3,60,0.7507655704301242,0.031172184299985882
LC-SAEA,3,70,0.7683078781678597,0.026328533308708085
LC-SAEA,3,80,0.7821779943851805,0.024229277839501757
LC-SAEA,3,90,0.7892281249023968,0.022777158965019716
LC-SAEA,3,100,0.8058253769871746,0.020191010046248462
LC-SAEA,3,110,0.8101412376182858,0.016896920584236537
LC-SAEA,3,120,0.8167595072465992,0.01683480563776412
LC-SAEA,3,130,0.8316640247108041,0.01581806639549754
LC-SAEA,3,140,0.8433398186043801,0.014234707883683266
LC-SAEA,3,150,0.8388534998446908,0.013990956811512899
LC-SAEA,3,160,0.8442491993985881,0.012724225727189002
LC-SAEA,3,170,0.8485199554088785,0.01136451866040821
LC-SAEA,3,180,0.8649180002611424,0.012062441417757934
LC-SAEA,3,190,0.8630916565319477,0.011966119310711894
LC-SAEA,3,200,0.8533103456601979,0.011878170412864398
LC-SAEA,4,20,0.6507451771512112,0.05478492528758726
LC-SAEA,4,30,0.6897049920550392,0.047620835448810545
LC-SAEA,4,40,0.7053799060755666,0.040660886260053826
LC-SAEA,4,50,0.7312733125879606,0.03444504427731629
LC-SAEA,4,60,0.7510051026762976,0.030687585818346803
LC-SAEA,4,70,0.7651308298054184,0.02834757295373304
LC-SAEA,4,80,0.7803789661212189,0.025097955075047015
LC-SAEA,4,90,0.7924055411708211,0.021944194036571822
LC-SAEA,4,100,0.8036163705724699,0.02063079114607895
LC-SAEA,4,110,0.8140616054745973,0.018186351951709943
LC-SAEA,4,120,0.8290942321733139,0.016456268749558037
LC-SAEA,4,130,0.8318623080978461,0.015760183219487054
LC-SAEA,4,140,0.83247078353369,0.014911451012724774
LC-SAEA,4,150,0.8435695283021734,0.01378593106284206
LC-SAEA,4,160,0.8461044072851148,0.013653471664147291
LC-SAEA,4,170,0.8571306477643351,0.01223125514109008
LC-SAEA,4,180,0.8556424454569012,0.013514265607769771
LC-SAEA,4,190,0.8604901779668355,0.012405128940438643
LC-SAEA,4,200,0.8528853760856405,0.010992496333849437
LC-SAEA,5,20,0.6492635158176344,0.05452777259935218
LC-SAEA,5,30,0.6784664130501638,0.046278553979091204
LC-SAEA,5,40,0.7068628732446951,0.04073734138492409
LC-SAEA,5,50,0.729494333869536,0.03494349470267951
LC-SAEA,5,60,0.7537618703591006,0.031105667636167754
LC-SAEA,5,70,0.7765577622676606,0.02870299089685989
LC-SAEA,5,80,0.7839439498131849,0.02416522040834876
LC-SAEA,5,90,0.7925516818339631,0.02373635985245951
LC-SAEA,5,100,0.8190270013749985,0.02081607826840014
LC-SAEA,5,110,0.8137494954631033,0.018238742489024618
LC-SAEA,5,120,0.820789653318731,0.01706994337406784
LC-SAEA,5,130,0.8395835370134723,0.01503139895869659
LC-SAEA,5,140,0.8359068087685971,0.015043510245463175
LC-SAEA,5,150,0.842889504621439,0.013959094350321664
LC-SAEA,5,160,0.8480448228332347,0.013126138151855126
LC-SAEA,5,170,0.8533756699272889,0.012754673074786371
LC-SAEA,5,180,0.8570923080708235,0.012223026891182142
LC-SAEA,5,190,0.864735471956217,0.011856100545768748
LC-SAEA,5,200,0.8636917641278657,0.011135180772800513
LC-SAEA,6,20,0.6403544683869217,0.05661032042334647
LC-SAEA,6,30,0.6790236652968207,0.04698153380792174
LC-SAEA,6,40,0.700048353573369,0.04177000688128495
LC-SAEA,6,50,0.7264659480379125,0.03580773811118287
LC-SAEA,6,60,0.7437771159981639,0.030962656096398075
LC-SAEA,6,70,0.763988385697668,0.02872849472322004
LC-SAEA,6,80,0.7845782292010499,0.024211200026243537
LC-SAEA,6,90,0.7866983287942185,0.021794585425022626
LC-SAEA,6,100,0.7968562249892132,0.020345423602688678
LC-SAEA,6,110,0.8206057819334518,0.01852455409716957
LC-SAEA,6,120,0.8150753454681297,0.018089440117599213
LC-SAEA,6,130,0.8295101274002702,0.01512673815066832
LC-SAEA,6,140,0.8322225138376329,0.01546004645403254
LC-SAEA,6,150,0.8451595713669166,0.014163574546512696
LC-SAEA,6,160,0.843652667998714,0.013630296705040868
LC-SAEA,6,170,0.8507498359040571,0.01247907656514746
LC-SAEA,6,180,0.8515578790486173,0.011771287351472601
LC-SAEA,6,190,0.854764325218663,0.012364788205880198
LC-SAEA,6,200,0.856229416269782,0.01126698702142225
LC-SAEA,7,20,0.649084191808224,0.05575629510280392
LC-SAEA,7,30,0.6816398909482582,0.04801083889720971
LC-SAEA,7,40,0.7129189987987905,0.04031708450279702
LC-SAEA,7,50,0.7318146393189817,0.03612358389649444
LC-SAEA,7,60,0.7467732487024288,0.03184305526772276
LC-SAEA,7,70,0.7598520765498928,0.02672892874281851
LC-SAEA,7,80,0.7811702003798864,0.02458801864654416
LC-SAEA,7,90,0.7939396459484847,0.022548691073190547
LC-SAEA,7,100,0.8057699461152384,0.020960691986207137
LC-SAEA,7,110,0.8093169964078338,0.017723455210448515
LC-SAEA,7,120,0.8237431193614314,0.017649879578296168
LC-SAEA,7,130,0.8255301903059304,0.01454711365705358
LC-SAEA,7,140,0.8408897482799125,0.014559819091616008
LC-SAEA,7,150,0.8472819407367533,0.014139076815329728
LC-SAEA,7,160,0.8492666969357892,0.012665941078799644
LC-SAEA,7,170,0.8494177965442842,0.012143355447145829
LC-SAEA,7,180,0.8483594944672772,0.01371307531023048
LC-SAEA,7,190,0.8526034281769916,0.010513883243906416
LC-SAEA,7,200,0.8649450607754322,0.011308909462120344
LC-SAEA,8,20,0.6489247025866008,0.05511131702884658
LC-SAEA,8,30,0.6759316856271362,0.0471194601299012
LC-SAEA,8,40,0.7091983330755983,0.0414590892633632
LC-SAEA,8,50,0.7381994586423714,0.035842323556953846
LC-SAEA,8,60,0.7517355732479949,0.03009776668443677
LC-SAEA,8,70,0.7699248272839923,0.027142475124533223
LC-SAEA,8,80,0.7853006886307824,0.02600530095492185
LC-SAEA,8,90,0.7986341029290179,0.022660931398020025
LC-SAEA,8,100,0.8098014274996027,0.020608490324805304
LC-SAEA,8,110,0.8221960086091902,0.019287869280000227
LC-SAEA,8,120,0.8252766562329894,0.018109548802262107
LC-SAEA,8,130,0.8380076993676748,0.015352917833964646
LC-SAEA,8,140,0.8424460604795985,0.014108106919538716
LC-SAEA,8,150,0.8450797646867205,0.013168931251745161
LC-SAEA,8,160,0.8453897812314529,0.012432032791283416
LC-SAEA,8,170,0.856042310533162,0.01163717397253338
LC-SAEA,8,180,0.8547877409107757,0.012440821016536851
LC-SAEA,8,190,0.8661146942080975,0.012097831432964685
LC-SAEA,8,200,0.868674828673144,0.012514627828636955
LC-SAEA,9,20,0.6558819111913552,0.054835010023813795
LC-SAEA,9,30,0.6902522601035594,0.04725995189014415
LC-SAEA,9,40,0.7047191718369522,0.03965468532211173
LC-SAEA,9,50,0.7398920256308297,0.03665433509212888
LC-SAEA,9,60,0.7515986583861242,0.03100386954915067
LC-SAEA,9,70,0.7768049983620284,0.026722937761491525
LC-SAEA,9,80,0.7820954215647361,0.02405440304313858
LC-SAEA,9,90,0.7912457851321738,0.023396877247952686
LC-SAEA,9,100,0.8063920597798351,0.020532383846402876
LC-SAEA,9,110,0.8270717967980726,0.01713045649159696
LC-SAEA,9,120,0.8292770093219599,0.01588828285574885
LC-SAEA,9,130,0.8333555053453174,0.016492917706346377
LC-SAEA,9,140,0.843446244531916,0.014685586554711944
LC-SAEA,9,150,0.845655623166531,0.014531129607293592
LC-SAEA,9,160,0.8492135621536049,0.013783979172528896
LC-SAEA,9,170,0.857682652243364,0.011964287370047802
LC-SAEA,9,180,0.8552577387542585,0.012233490666317492
LC-SAEA,9,190,0.8655677878874928,0.013029621260675757
LC-SAEA,9,200,0.8601876680817969,0.011191185764746054
LC-SAEA,10,20,0.6528748067176071,0.05568967163873094
LC-SAEA,10,30,0.6910124396267654,0.0466294288613887
LC-SAEA,10,40,0.7109350015084971,0.03986495245135848
LC-SAEA,10,50,0.740864056338283,0.03660253936585408
LC-SAEA,10,60,0.7447018753400854,0.03095576718650649
LC-SAEA,10,70,0.779145233781108,0.028120171215262682
LC-SAEA,10,80,0.7916563870394412,0.025203636090562982
LC-SAEA,10,90,0.7934895123298017,0.021555116370186176
LC-SAEA,10,100,0.8201136699577167,0.02073461642591177
LC-SAEA,10,110,0.8297388571498652,0.01769088910965598
LC-SAEA,10,120,0.8344562797903063,0.018036203851746254
LC-SAEA,10,130,0.8429667509240406,0.015595371921714271
LC-SAEA,10,140,0.8503703070131486,0.014159988037311121
LC-SAEA,10,150,0.8525615309473946,0.013738696298756735
LC-SAEA,10,160,0.8659439319931652,0.013215528279744874
LC-SAEA,10,170,0.8607499838288121,0.01178747508099212
LC-SAEA,10,180,0.857114940623812,0.012518475376653482
LC-SAEA,10,190,0.8677113816776998,0.012762409161429717
LC-SAEA,10,200,0.8697016146725381,0.01253051175107421
LC-SAEA,11,20,0.6463378278449007,0.055889818300860414
LC-SAEA,11,30,0.6714277787748573,0.04697237396646542
LC-SAEA,11,40,0.705214468661978,0.041889887626832385
LC-SAEA,11,50,0.7323656188806547,0.03634279321001336
LC-SAEA,11,60,0.7470486255771992,0.03180988383902669
LC-SAEA,11,70,0.7603887506678396,0.026281485361846067
LC-SAEA,11,80,0.7794749761044351,0.025064449209181626
LC-SAEA,11,90,0.7915939335317336,0.02230292944305825
LC-SAEA,11,100,0.800440260642591,0.021003301946127647
LC-SAEA,11,110,0.8144567231652872,0.01860470199269398
LC-SAEA,11,120,0.821822367393231,0.017213573731108815
LC-SAEA,11,130,0.8386662890898975,0.01706998011762137
LC-SAEA,11,140,0.8382486298393257,0.013374179007748973
LC-SAEA,11,150,0.8444396490090348,0.013970297072608842
LC-SAEA,11,160,0.8468717900156938,0.013907628156160451
LC-SAEA,11,170,0.8442982209271508,0.012476911037682926
LC-SAEA,11,180,0.8580920764193548,0.012136671745794105
LC-SAEA,11,190,0.8527943070609091,0.011674484157413364
LC-SAEA,11,200,0.8622351967321352,0.012107390516100755
LC-SAEA,12,20,0.6486137689883879,0.054413632257181946
LC-SAEA,12,30,0.6732148756509546,0.048241016983252345
LC-SAEA,12,40,0.700122264781873,0.04092355797115577
LC-SAEA,12,50,0.7204406498531822,0.03631178073180939
LC-SAEA,12,60,0.7491312298020683,0.03168505536025142
LC-SAEA,12,70,0.7737682337861503,0.026689905062026408
LC-SAEA,12,80,0.7757640196792154,0.024283768992225504
LC-SAEA,12,90,0.7940977019317013,0.02333348077162284
LC-SAEA,12,100,0.7986151975985155,0.02026392933566117
LC-SAEA,12,110,0.8148077413404707,0.018461800862790638
LC-SAEA,12,120,0.8262422416530558,0.015762887284108764
LC-SAEA,12,130,0.8333064673571983,0.015203263036727182
LC-SAEA,12,140,0.8362256994322219,0.01456236271169783
LC-SAEA,12,150,0.8416540582817829,0.015102179369969815
LC-SAEA,12,160,0.8448822709686927,0.013294642530647948
LC-SAEA,12,170,0.8418219851480523,0.01199777622701967
LC-SAEA,12,180,0.8536666180448418,0.012637617479194391
LC-SAEA,12,190,0.8494971733266684,0.013194184653836627
LC-SAEA,12,200,0.8545826088365244,0.011595534635196029
LC-SAEA,13,20,0.6380051810316375,0.054327387687023776
LC-SAEA,13,30,0.6780895406032643,0.04742081562751726
LC-SAEA,13,40,0.7144082996521736,0.04134314288477018
LC-SAEA,13,50,0.7322632331290021,0.03566771367421653
LC-SAEA,13,60,0.7507729913369454,0.031084803225258403
LC-SAEA,13,70,0.7691656344716667,0.0260881421688444
LC-SAEA,13,80,0.7851431090194039,0.02311419492772477
LC-SAEA,13,90,0.7938496719633407,0.022128149721577534
LC-SAEA,13,100,0.793270510882344,0.020207994590112077
LC-SAEA,13,110,0.8024299340393396,0.01883356349579206
LC-SAEA,13,120,0.8252144505522574,0.017929745953005838
LC-SAEA,13,130,0.8236751791481165,0.015309369878722634
LC-SAEA,13,140,0.8372257004518534,0.013290434055165303
LC-SAEA,13,150,0.8410738539883605,0.014048620285325187
LC-SAEA,13,160,0.8460189069586084,0.01565199599673592
LC-SAEA,13,170,0.8468963771257821,0.012501160187030699
LC-SAEA,13,180,0.8464314313805099,0.01086966291812087
LC-SAEA,13,190,0.8503964681187182,0.01155570535901433
LC-SAEA,13,200,0.8556346688209263,0.011518886592321307
LC-SAEA,14,20,0.650628183173851,0.05488603252915513
LC-SAEA,14,30,0.6711289687100226,0.047428719867624515
LC-SAEA,14,40,0.6999128426573415,0.040941527134100986
LC-SAEA,14,50,0.7252977974480126,0.036007493234305944
LC-SAEA,14,60,0.7454518518262714,0.030053102363390583
LC-SAEA,14,70,0.7600990041624935,0.028618095853634447
LC-SAEA,14,80,0.7673431288315256,0.025026740400698907
LC-SAEA,14,90,0.7964237122081849,0.022902535672336844
LC-SAEA,14,100,0.8011300938315431,0.019273698680947842
LC-SAEA,14,110,0.8082561263837014,0.018124576326536714
LC-SAEA,14,120,0.82128491552533,0.01832389978788301
LC-SAEA,14,130,0.824448659032126,0.015780880797854436
LC-SAEA,14,140,0.8316258140300494,0.014972819714336708
LC-SAEA,14,150,0.8309869192422457,0.013438183211682275
LC-SAEA,14,160,0.8441796506104012,0.01391361050968251
LC-SAEA,14,170,0.8412508484654799,0.012242446986314211
LC-SAEA,14,180,0.8423790089092813,0.011253650373374563
LC-SAEA,14,190,0.851263710814961,0.011650900846675506
LC-SAEA,14,200,0.8500306120531855,0.010563181110531863
LC-SAEA,15,20,0.6464074874854017,0.05474970709027799
LC-SAEA,15,30,0.671183590985465,0.04851009516052159
LC-SAEA,15,40,0.7006579606879432,0.04185176837310393
LC-SAEA,15,50,0.717620891284682,0.034970706495567216
LC-SAEA,15,60,0.74637931167523,0.03160783152196306
LC-SAEA,15,70,0.7579744773793085,0.027806726553633143
LC-SAEA,15,80,0.7732153750899382,0.023580237404619668
LC-SAEA,15,90,0.782602827640973,0.021945629732799014
LC-SAEA,15,100,0.7936234073408273,0.019014660295791096
LC-SAEA,15,110,0.8003820954841642,0.01816781786049082
LC-SAEA,15,120,0.8046329795050687,0.017442749163327692
LC-SAEA,15,130,0.8240725820681928,0.01463517201628927
LC-SAEA,15,140,0.8147473787170498,0.014165671524173655
LC-SAEA,15,150,0.8254238602067808,0.013079083989668878
LC-SAEA,15,160,0.8292622723755417,0.013837829876356232
LC-SAEA,15,170,0.8372223607621765,0.013638120412464918
LC-SAEA,15,180,0.8417268528297722,0.011053975456744166
LC-SAEA,15,190,0.8330014209886326,0.011933057871101624
LC-SAEA,15,200,0.8471553091969676,0.012351983125424989
LC-SAEA,16,20,0.6485648871910069,0.05653046047158026
LC-SAEA,16,30,0.685220252549675,0.047642249261636044
LC-SAEA,16,40,0.7026175640884325,0.040915758309434884
LC-SAEA,16,50,0.7256397284720958,0.036998371369513214
LC-SAEA,16,60,0.7421767755347727,0.031642275779552975
LC-SAEA,16,70,0.7733877274081233,0.02642923419790399
LC-SAEA,16,80,0.7872603832327512,0.02423727600064127
LC-SAEA,16,90,0.7909997197907899,0.023135903370251527
LC-SAEA,16,100,0.7937728814475685,0.01993289354233313
LC-SAEA,16,110,0.8138304174418266,0.018608390485522687
LC-SAEA,16,120,0.8172274456831854,0.01614132908835312
LC-SAEA,16,130,0.8241388456922629,0.016593587422337186
LC-SAEA,16,140,0.8287581843925858,0.015284418941831487
LC-SAEA,16,150,0.8379805441071638,0.013625309020364362
LC-SAEA,16,160,0.8435038712193706,0.01375032353258398
LC-SAEA,16,170,0.8411491212973966,0.012069513458443738
LC-SAEA,16,180,0.8511793046909211,0.011948192110130311
LC-SAEA,16,190,0.8485390700095943,0.010204963072960937
LC-SAEA,16,200,0.857491009470721,0.012549533282967753
LC-SAEA,17,20,0.6521764777706057,0.056292798416835155
LC-SAEA,17,30,0.6817981398450358,0.04823994658620814
LC-SAEA,17,40,0.7104322330545677,0.04139122682709839
LC-SAEA,17,50,0.7361200267153629,0.035595962405599424
LC-SAEA,17,60,0.7597938044236706,0.03207575679927211
LC-SAEA,17,70,0.7741087876657358,0.028419990836444423
LC-SAEA,17,80,0.7912532128314856,0.02410640419081264
LC-SAEA,17,90,0.8121771360500495,0.022208552303846028
LC-SAEA,17,100,0.823254335786429,0.02118089360604927
LC-SAEA,17,110,0.8394929159349265,0.018168914707637044
LC-SAEA,17,120,0.8361338359878401,0.0175346741560759
LC-SAEA,17,130,0.8365991882375219,0.015541744603772964
LC-SAEA,17,140,0.8520802817005182,0.01342000990076544
LC-SAEA,17,150,0.8544912322812541,0.013840270237918789
LC-SAEA,17,160,0.8549810812471664,0.013697481643683231
LC-SAEA,17,170,0.8622498732876611,0.01275697607115017
LC-SAEA,17,180,0.8645363092267325,0.012542270566544245
LC-SAEA,17,190,0.8697533224682303,0.010898829725660749
LC-SAEA,17,200,0.8774526682934491,0.011353657439242954
LC-SAEA,18,20,0.6388994809168452,0.056877351434515694
LC-SAEA,18,30,0.6823603125335937,0.04647792029461183
LC-SAEA,18,40,0.699724204734755,0.04001488181607334
LC-SAEA,18,50,0.7279988150533016,0.0366702730218817
LC-SAEA,18,60,0.7498326333222349,0.032566013653508134
LC-SAEA,18,70,0.7671724576573435,0.029541202638994866
LC-SAEA,18,80,0.7828255044218471,0.024574895353666124
LC-SAEA,18,90,0.7933117582916914,0.023214827435447505
LC-SAEA,18,100,0.803002481610647,0.019789325361804968
LC-SAEA,18,110,0.8079096756457343,0.01815539333451226
LC-SAEA,18,120,0.8219290995632733,0.0170057865569656
LC-SAEA,18,130,0.8234671543873165,0.015238254351096341
LC-SAEA,18,140,0.8302564670186799,0.014766866962913136
LC-SAEA,18,150,0.8464838989914588,0.014406695726354925
LC-SAEA,18,160,0.8500178737058118,0.014055470655653402
LC-SAEA,18,170,0.8477328739689463,0.013689208156703452
LC-SAEA,18,180,0.8470335394601726,0.012543130517623723
LC-SAEA,18,190,0.8586851719739809,0.011247095309375753
LC-SAEA,18,200,0.8577232386489564,0.012061105586171869
LC-SAEA,19,20,0.6463029332039831,0.05489025993399558
LC-SAEA,19,30,0.6753475652561318,0.04884363187340884
LC-SAEA,19,40,0.7092099517920647,0.03965832948245072
LC-SAEA,19,50,0.7343326245100452,0.036294507891282524
LC-SAEA,19,60,0.749957916977119,0.03086991021828036
LC-SAEA,19,70,0.773517386784602,0.02761484390564676
LC-SAEA,19,80,0.7898591377378569,0.023153692337657537
LC-SAEA,19,90,0.7974045258495558,0.020725530577574595
LC-SAEA,19,100,0.808439143806711,0.020403859858535777
LC-SAEA,19,110,0.8194705823577177,0.01878695748165687
LC-SAEA,19,120,0.8312532143493409,0.017560296669202325
LC-SAEA,19,130,0.8363331188224901,0.015716750077649642
LC-SAEA,19,140,0.8291594223737375,0.014058604055824072
LC-SAEA,19,150,0.8355063615602994,0.014387638670710644
LC-SAEA,19,160,0.845031631499657,0.013997841989128509
LC-SAEA,19,170,0.8462884006772902,0.01185850093235298
LC-SAEA,19,180,0.8532418235946844,0.012943233319714958
LC-SAEA,19,190,0.8566716606048214,0.013146928302710859
LC-SAEA,19,200,0.8592972307877125,0.011571936781872351
LC-SAEA,20,20,0.6504313715211465,0.055178434321112864
LC-SAEA,20,30,0.6764752591784362,0.046844475344124045
LC-SAEA,20,40,0.7058973951972715,0.04138865592483577
LC-SAEA,20,50,0.723747039914686,0.03614056373651624
LC-SAEA,20,60,0.7454582297012452,0.031197781715502318
LC-SAEA,20,70,0.7636686426610496,0.02811618762705136
LC-SAEA,20,80,0.780683458111405,0.025730180484275663
LC-SAEA,20,90,0.7961425945321283,0.023045679242825894
LC-SAEA,20,100,0.8045673446074935,0.01817638733206818
LC-SAEA,20,110,0.8105467231816784,0.018711829326597373
LC-SAEA,20,120,0.825899133205095,0.01591980844840262
LC-SAEA,20,130,0.8306610472333209,0.015034833720690857
LC-SAEA,20,140,0.831183221295908,0.015082858289178536
LC-SAEA,20,150,0.8528753187690112,0.013905269132069078
LC-SAEA,20,160,0.843848983978463,0.012889515125749054
LC-SAEA,20,170,0.8580933741258909,0.013128909260851378
LC-SAEA,20,180,0.8545136876803395,0.011207114816190848
LC-SAEA,20,190,0.8501771493268067,0.009959010384033441
LC-SAEA,20,200,0.8524667454964538,0.012130151995896222
LC-SAEA,21,20,0.6459056600897818,0.0556531571917669
LC-SAEA,21,30,0.681130587327878,0.04739310815448794
LC-SAEA,21,40,0.708062351411924,0.040832251731517506
LC-SAEA,21,50,0.7302267039091871,0.03617508403065344
LC-SAEA,21,60,0.7520819809261421,0.03251069223817604
LC-SAEA,21,70,0.7671803569467758,0.028624659043185043
LC-SAEA,21,80,0.7842424567305556,0.023867272669074045
LC-SAEA,21,90,0.7872694202222006,0.021474705946037287
LC-SAEA,21,100,0.8099897317130508,0.019584619517779078
LC-SAEA,21,110,0.8168983661950652,0.01859954157929015
LC-SAEA,21,120,0.8323093949814646,0.01661611361137861
LC-SAEA,21,130,0.8341158289610251,0.015355477544822685
LC-SAEA,21,140,0.8400624382508464,0.015341532736846785
LC-SAEA,21,150,0.8462030995924451,0.013587882501545351
LC-SAEA,21,160,0.8553636609319017,0.014914282880981936
LC-SAEA,21,170,0.8504330684764553,0.013564331090739973
LC-SAEA,21,180,0.8625413272200936,0.01237830854347608
LC-SAEA,21,190,0.8561121906101695,0.010955588101817477
LC-SAEA,21,200,0.8658068579966504,0.01187422805960524
LC-SAEA,22,20,0.6449590562554848,0.05585027341515472
LC-SAEA,22,30,0.6879636417248924,0.04755690977955417
LC-SAEA,22,40,0.7062461273301633,0.040909323817388286
LC-SAEA,22,50,0.7344058244561806,0.03727097762549547
LC-SAEA,22,60,0.7569050674119774,0.031710501559340805
LC-SAEA,22,70,0.7764184550437396,0.02658196014382778
LC-SAEA,22,80,0.7868127229307111,0.02393351180484889
LC-SAEA,22,90,0.7957570971388072,0.022764950300916187
LC-SAEA,22,100,0.8017722494851118,0.02012140951368482
LC-SAEA,22,110,0.8238121281527088,0.01890037389749904
LC-SAEA,22,120,0.8231703420266674,0.016266954416730026
LC-SAEA,22,130,0.8385748791614137,0.015706568999921323
LC-SAEA,22,140,0.8340673763393388,0.0149449269169959
LC-SAEA,22,150,0.8392511786023681,0.014554547115593293
LC-SAEA,22,160,0.8473072459682373,0.013465669701822374
LC-SAEA,22,170,0.8558254115072342,0.011817934128439801
LC-SAEA,22,180,0.8566787734032325,0.012208969376466922
LC-SAEA,22,190,0.8529445250981567,0.01258626442259777
LC-SAEA,22,200,0.8629211317549166,0.01124090967317443
LC-SAEA,23,20,0.6461435035298148,0.055524319841449433
LC-SAEA,23,30,0.6803323861791164,0.0490834372311694
LC-SAEA,23,40,0.7011049560596968,0.04060456275242435
LC-SAEA,23,50,0.7291014203734881,0.03680523966869076
LC-SAEA,23,60,0.7546532083225148,0.03198226741401601
LC-SAEA,23,70,0.7774845434722883,0.028823973257417534
LC-SAEA,23,80,0.7863033515178799,0.02419253196721196
LC-SAEA,23,90,0.8033368902608233,0.021813202927103974
LC-SAEA,23,100,0.8164203548483774,0.02062560616644767
LC-SAEA,23,110,0.8221235409572105,0.019157019691095165
LC-SAEA,23,120,0.8251831582377677,0.017005414444310023
LC-SAEA,23,130,0.8385592801953164,0.014626795799686544
LC-SAEA,23,140,0.8490872525499373,0.014291571409359537
LC-SAEA,23,150,0.8437401687985765,0.01500535852087027
LC-SAEA,23,160,0.8465526190940043,0.012397061909499995
LC-SAEA,23,170,0.861285068570749,0.011432573214868413
LC-SAEA,23,180,0.8571518948568948,0.012485449083672438
LC-SAEA,23,190,0.8617950411631212,0.012060259681390226
LC-SAEA,23,200,0.8597544845931018,0.010487237125618993
LC-SAEA,24,20,0.6493261777158562,0.05496444305713492
LC-SAEA,24,30,0.6733621244672021,0.046611022669364094
LC-SAEA,24,40,0.7093800418247596,0.0412169570984541
LC-SAEA,24,50,0.733970002005659,0.03521827678483888
LC-SAEA,24,60,0.748604076906018,0.03147747080419366
LC-SAEA,24,70,0.7637722569552591,0.027830646107605186
LC-SAEA,24,80,0.7777557278015966,0.025323340226636258
LC-SAEA,24,90,0.8009998922581745,0.0225634725068834
LC-SAEA,24,100,0.8056242861882821,0.019218903850350112
LC-SAEA,24,110,0.8220370160673597,0.01902320849518819
LC-SAEA,24,120,0.8304998488043115,0.01781218585421872
LC-SAEA,24,130,0.8301205191135882,0.014754821331500665
LC-SAEA,24,140,0.8322827336243124,0.014953499225323704
LC-SAEA,24,150,0.8401474502026136,0.01401622027808518
LC-SAEA,24,160,0.8373957012973546,0.012571515805052275
LC-SAEA,24,170,0.8604224268843662,0.01211008158871877
LC-SAEA,24,180,0.8550546438818809,0.012448261317109592
LC-SAEA,24,190,0.852326293988829,0.011395755273034703
LC-SAEA,24,200,0.8634488409646202,0.012835741616145941
LC-SAEA,25,20,0.6405937737718276,0.05519905547368691
LC-SAEA,25,30,0.6904025055756221,0.04756609050174907
LC-SAEA,25,40,0.7093886219226136,0.0417251880032112
LC-SAEA,25,50,0.7351133971242003,0.035285384758776704
LC-SAEA,25,60,0.7551193629376214,0.03241288820314964
LC-SAEA,25,70,0.7698806723149046,0.02757238044508518
LC-SAEA,25,80,0.7865668448923259,0.023686391890882105
LC-SAEA,25,90,0.79422351100413,0.02207833744375739
LC-SAEA,25,100,0.8126238378901982,0.020032606598144355
LC-SAEA,25,110,0.8123474373295699,0.018153879298215058
LC-SAEA,25,120,0.8283663324121403,0.01638978262631106
LC-SAEA,25,130,0.8319308763067027,0.016024179180825403
LC-SAEA,25,140,0.845143596819246,0.013904798146038204
LC-SAEA,25,150,0.8465631080415041,0.014413844316180797
LC-SAEA,25,160,0.8578162167304214,0.011910662175201992
LC-SAEA,25,170,0.8570953011595239,0.012664928349931447
LC-SAEA,25,180,0.8657867458996067,0.011035172330824974
LC-SAEA,25,190,0.860107138203381,0.011895584679306676
LC-SAEA,25,200,0.8691207908325594,0.012467836856066743
LC-SAEA,26,20,0.6451498415507829,0.05509222456912145
LC-SAEA,26,30,0.6709725320143258,0.047566886118009376
LC-SAEA,26,40,0.7014711214263264,0.039320020437412014
LC-SAEA,26,50,0.7303049044064424,0.03485978668665173
LC-SAEA,26,60,0.7487475592245473,0.0308846415875325
LC-SAEA,26,70,0.7680309368661147,0.02869102745451405
LC-SAEA,26,80,0.7817924648566479,0.023754860170028747
LC-SAEA,26,90,0.8007511041282727,0.022182573648529783
LC-SAEA,26,100,0.8078857960753237,0.01961506828242085
LC-SAEA,26,110,0.8140704925376963,0.017648423747420934
LC-SAEA,26,120,0.830602114666672,0.015632482700335907
LC-SAEA,26,130,0.8282982017576899,0.015089907685681286
LC-SAEA,26,140,0.8402000807910445,0.015705174193649637
LC-SAEA,26,150,0.8447862763887223,0.014268062518952112
LC-SAEA,26,160,0.8511284203713234,0.012683565225475337
LC-SAEA,26,170,0.855329437374988,0.012230980265085236
LC-SAEA,26,180,0.8465384483037198,0.011698143533611283
LC-SAEA,26,190,0.8574836979351155,0.010722123629491192
LC-SAEA,26,200,0.8612040176074492,0.012726832688646222
LC-SAEA,27,20,0.6461976487583183,0.05654951192715039
LC-SAEA,27,30,0.6783470473768491,0.04716023792596567
LC-SAEA,27,40,0.7067059034989969,0.041512416812522476
LC-SAEA,27,50,0.7338045372998797,0.03544990614645051
LC-SAEA,27,60,0.7592699365707746,0.031068558055413663
LC-SAEA,27,70,0.7667768967467101,0.027569468611082656
LC-SAEA,27,80,0.7892784695228866,0.024759442074360923
LC-SAEA,27,90,0.798441283321194,0.02239548938965152
LC-SAEA,27,100,0.8138752250775039,0.02136882649330486
LC-SAEA,27,110,0.8195185671727779,0.017524066963023506
LC-SAEA,27,120,0.829445115822282,0.01702647593597395
LC-SAEA,27,130,0.8380438872023739,0.01560295156929485
LC-SAEA,27,140,0.8351892857296324,0.01580234682696696
LC-SAEA,27,150,0.8406915652394258,0.014806030829138112
LC-SAEA,27,160,0.8536145743612162,0.013754132073381055
LC-SAEA,27,170,0.8567552489802087,0.013174043234481831
LC-SAEA,27,180,0.860225306180773,0.0124206289071834
LC-SAEA,27,190,0.8611004267008368,0.01088418524005488
LC-SAEA,27,200,0.8670774766269598,0.011430513085671537
LC-SAEA,28,20,0.6430269668519658,0.05468453808847713
LC-SAEA,28,30,0.6789676251452731,0.04743322513085667
LC-SAEA,28,40,0.7102128940681273,0.04265924287030559
LC-SAEA,28,50,0.730773770293852,0.035459542679645524
LC-SAEA,28,60,0.7590411604800392,0.03148235469176809
LC-SAEA,28,70,0.7783143289353888,0.029319663668291356
LC-SAEA,28,80,0.7867707456298528,0.02427251500388509
LC-SAEA,28,90,0.812318976159735,0.02163471973074918
LC-SAEA,28,100,0.8085982401561976,0.020105014669099513
LC-SAEA,28,110,0.8234432514647863,0.018425882962329432
LC-SAEA,28,120,0.8406622673971791,0.0163408644557397
LC-SAEA,28,130,0.8438617994925897,0.017065370236619887
LC-SAEA,28,140,0.84503682689465,0.013865155565147724
LC-SAEA,28,150,0.8553370322408357,0.01396504410441751
LC-SAEA,28,160,0.8551274410805181,0.014370258372313581
LC-SAEA,28,170,0.8588968645917654,0.01217013894116675
LC-SAEA,28,180,0.8656118424955496,0.011041444160711462
LC-SAEA,28,190,0.8664155495190791,0.01207435499049965
LC-SAEA,28,200,0.8569715880601052,0.012864401664454047
LC-SAEA,29,20,0.645546707925634,0.055661702853735846
LC-SAEA,29,30,0.681916551636962,0.04748754320722665
LC-SAEA,29,40,0.7105881406339567,0.04145916507173451
LC-SAEA,29,50,0.743928291437736,0.03562690768202122
LC-SAEA,29,60,0.7588302768686246,0.030641507533503042
LC-SAEA,29,70,0.7674933032451732,0.02949138329021233
LC-SAEA,29,80,0.7843877577771581,0.02317416076847187
LC-SAEA,29,90,0.8071169284253357,0.022385477236639473
LC-SAEA,29,100,0.8115755296865389,0.020560930546755077
LC-SAEA,29,110,0.8302083830967701,0.018790116245407152
LC-SAEA,29,120,0.835288958110023,0.016299423327560226
LC-SAEA,29,130,0.8346122517476986,0.01673239154105109
LC-SAEA,29,140,0.8494435502603603,0.014952690606667257
LC-SAEA,29,150,0.8604567728383511,0.01326531928557201
LC-SAEA,29,160,0.8597508563710766,0.01317563482787271
LC-SAEA,29,170,0.8676734758204053,0.013509465397546522
LC-SAEA,29,180,0.8712802280540527,0.012735388704699814
LC-SAEA,29,190,0.8711126953639962,0.012632760423719004
LC-SAEA,29,200,0.8817705801035584,0.010580324164892692
LC-SAEA,30,20,0.6446894067013351,0.055031122769950196
LC-SAEA,30,30,0.6848461549462339,0.04735555029310642
LC-SAEA,30,40,0.7088340578151379,0.0413756426669381
LC-SAEA,30,50,0.730665631725015,0.03651230749742458
LC-SAEA,30,60,0.75826977908351,0.03220893767772728
LC-SAEA,30,70,0.7702068592151791,0.027573852584225313
LC-SAEA,30,80,0.7801555269514074,0.025373265940121383
LC-SAEA,30,90,0.7980780789301605,0.022476413358992166
LC-SAEA,30,100,0.8084281065144364,0.019728682531344716
LC-SAEA,30,110,0.8072824167203616,0.018509989542290266
LC-SAEA,30,120,0.8191601135750939,0.016250921894598862
LC-SAEA,30,130,0.8320280869299087,0.01578788519423138
LC-SAEA,30,140,0.8352526191677689,0.014616798140614727
LC-SAEA,30,150,0.8411510938051637,0.014537564345543697
LC-SAEA,30,160,0.853629754737348,0.013545437203062014
LC-SAEA,30,170,0.8617094563525923,0.013183615505888965
LC-SAEA,30,180,0.8537177384259816,0.012683702071895845
LC-SAEA,30,190,0.8593975690309983,0.012279112045718497
LC-SAEA,30,200,0.8592981045326502,0.01158186063576971
C-SAEA,1,20,0.6383091581583691,0.0589826875496137
C-SAEA,1,30,0.6701737127550356,0.05100561729800171
C-SAEA,1,40,0.6960129577885428,0.04466532719752393
C-SAEA,1,50,0.7135456705597494,0.04154689098403621
C-SAEA,1,60,0.7416543629772987,0.0335996570591677
C-SAEA,1,70,0.7660470379141547,0.03079752593882683
C-SAEA,1,80,0.7677148760925572,0.027452189066660707
C-SAEA,1,90,0.7839454083592765,0.02490286762921725
C-SAEA,1,100,0.7903833402985471,0.023202721304909083
C-SAEA,1,110,0.8001426425526263,0.021519995573461178
C-SAEA,1,120,0.8193910394173215,0.020630457410061684
C-SAEA,1,130,0.8103456799800781,0.018061857711262674
C-SAEA,1,140,0.8211881182212417,0.017988375532887606
C-SAEA,1,150,0.8350683465941313,0.018055383421121125
C-SAEA,1,160,0.8327189865585765,0.0160620950239484
C-SAEA,1,170,0.8255093263791058,0.015648316045982318
C-SAEA,1,180,0.8413114396151058,0.01442491628715563
C-SAEA,1,190,0.8401322472595816,0.013905764871127426
C-SAEA,1,200,0.8466142603424504,0.013548352844216708
C-SAEA,2,20,0.6400088107064881,0.05835169365308088
C-SAEA,2,30,0.6715141576435242,0.05052962917872625
C-SAEA,2,40,0.6937821821698278,0.044519042155564216
C-SAEA,2,50,0.7181561587938136,0.040667749554660626
C-SAEA,2,60,0.7308175062895,0.03685626558036321
C-SAEA,2,70,0.7452910553391238,0.030653261516059505
C-SAEA,2,80,0.7739009763392926,0.02862047271875826
C-SAEA,2,90,0.7753820980214042,0.025892207262383345
C-SAEA,2,100,0.793074895266281,0.02228025203304023
C-SAEA,2,110,0.8003473882449968,0.021826109065243342
C-SAEA,2,120,0.8078022452801941,0.02056688061014798
C-SAEA,2,130,0.8161923540355783,0.017764771257467105
C-SAEA,2,140,0.8226450376821857,0.017781555751200395
C-SAEA,2,150,0.8344491613681073,0.015678140209352286
C-SAEA,2,160,0.8294435259512398,0.01521963115984682
C-SAEA,2,170,0.8391900400332285,0.014923717910429676
C-SAEA,2,180,0.8282723710125411,0.014132589076796197
C-SAEA,2,190,0.8414683721909427,0.014566562929450466
C-SAEA,2,200,0.8419926784876663,0.01406339703313684
C-SAEA,3,20,0.6446391845204198,0.05778860837965567
C-SAEA,3,30,0.6632272843679828,0.05053334190051981
C-SAEA,3,40,0.7025371946618824,0.04506964158762691
C-SAEA,3,50,0.7127002963983523,0.03948905392849112
C-SAEA,3,60,0.7316845386147064,0.03614789026981344
C-SAEA,3,70,0.7494801191488848,0.031736387125622885
C-SAEA,3,80,0.7637447506865157,0.02834730599927692
C-SAEA,3,90,0.778249867028406,0.026454088167861718
C-SAEA,3,100,0.7965457792520658,0.023073594024136692
C-SAEA,3,110,0.7947238353656492,0.021605506348286386
C-SAEA,3,120,0.8076688851069539,0.019599538349806288
C-SAEA,3,130,0.8159101157675648,0.018105677243145653
C-SAEA,3,140,0.8234075458549263,0.01780978912710174
C-SAEA,3,150,0.8325319956676891,0.01604542401215717
C-SAEA,3,160,0.8385066391235513,0.015789286064222925
C-SAEA,3,170,0.8403768144590151,0.016589335382447824
C-SAEA,3,180,0.8412776929473033,0.015592594180155836
C-SAEA,3,190,0.8423254958392274,0.01469996324260658
C-SAEA,3,200,0.8493869533596264,0.01468917316836014
C-SAEA,4,20,0.6464539595385647,0.057890927259696544
C-SAEA,4,30,0.6667462237490384,0.05067193522150476
C-SAEA,4,40,0.698345289823453,0.04419194958284528
C-SAEA,4,50,0.716734527188128,0.03997184098994987
C-SAEA,4,60,0.7416958643243327,0.036025942761197915
C-SAEA,4,70,0.7550732134181328,0.03158172356096212
C-SAEA,4,80,0.7665785094690258,0.02819493001103938
C-SAEA,4,90,0.775027184165717,0.02657970635065974
C-SAEA,4,100,0.7896175126886118,0.02280908167175008
C-SAEA,4,110,0.7900273294432455,0.02158969288692821
C-SAEA,4,120,0.8119147117583557,0.020605219618488522
C-SAEA,4,130,0.8139708545363321,0.018641421654550076
C-SAEA,4,140,0.8193758908516493,0.017155518334448186
C-SAEA,4,150,0.8140046765430288,0.01670255166912038
C-SAEA,4,160,0.8353035267570551,0.01653198757844572
C-SAEA,4,170,0.8359199108138045,0.014737042524549
C-SAEA,4,180,0.8338534456683246,0.014396644882969307
C-SAEA,4,190,0.8429243246565489,0.014217840724879978
C-SAEA,4,200,0.8454785017112106,0.014464518819459773
C-SAEA,5,20,0.6470688383913686,0.056766049283888176
C-SAEA,5,30,0.6761095923093647,0.05030957263808643
C-SAEA,5,40,0.6968278574335031,0.04340588658682196
C-SAEA,5,50,0.7136554527134784,0.03978203151739968
C-SAEA,5,60,0.7458755434264106,0.03556742381556814
C-SAEA,5,70,0.7513050840366249,0.03125122291727895
C-SAEA,5,80,0.7690051328581522,0.028048354407910113
C-SAEA,5,90,0.7856729446928691,0.02488477292944917
C-SAEA,5,100,0.8004182124573339,0.024653290656911405
C-SAEA,5,110,0.8116893208857465,0.023346946723454512
C-SAEA,5,120,0.8132812983159561,0.019824981090499634
C-SAEA,5,130,0.8248050069791527,0.017739122701535145
C-SAEA,5,140,0.842059614567196,0.01830794064796538
C-SAEA,5,150,0.8326903057558437,0.016448548689420545
C-SAEA,5,160,0.8377898652858088,0.01633872505890479
C-SAEA,5,170,0.8406587736616371,0.015225371333279048
C-SAEA,5,180,0.8415276299511536,0.013702935085126502
C-SAEA,5,190,0.8618953177176354,0.013859465851552889
C-SAEA,5,200,0.851790196929428,0.013603690043922574
C-SAEA,6,20,0.643318549159101,0.05712367857605029
C-SAEA,6,30,0.6704600074433262,0.051705435468997286
C-SAEA,6,40,0.6919865837207813,0.04573132508876056
C-SAEA,6,50,0.7171828962230521,0.03986725034817849
C-SAEA,6,60,0.7319078360961391,0.03537428571814333
C-SAEA,6,70,0.7487938684768995,0.03044162386423185
C-SAEA,6,80,0.7549803344181599,0.0292562468093786
C-SAEA,6,90,0.7785345837601164,0.024794045874189947
C-SAEA,6,100,0.7910917193733067,0.02426700927464499
C-SAEA,6,110,0.7939129753315907,0.021578307349673642
C-SAEA,6,120,0.803452684420346,0.019535055115022987
C-SAEA,6,130,0.8093952540313933,0.01923613227460796
C-SAEA,6,140,0.8184097271822659,0.01717762712792614
C-SAEA,6,150,0.8176524209118888,0.016913339489204732
C-SAEA,6,160,0.8261476271615292,0.016899421031894325
C-SAEA,6,170,0.8333648876828792,0.014360467306317164
C-SAEA,6,180,0.8415509486353028,0.013950832213799677
C-SAEA,6,190,0.840808156426559,0.014197653186470201
C-SAEA,6,200,0.8349524118327443,0.014631096564542328
C-SAEA,7,20,0.6367222223123997,0.05838838963065057
C-SAEA,7,30,0.6704540599954614,0.05222642908973543
C-SAEA,7,40,0.6939921546782517,0.044611323178708744
C-SAEA,7,50,0.717464244616695,0.03876627865825157
C-SAEA,7,60,0.7446291470410477,0.0335606109865948
C-SAEA,7,70,0.7467048509161848,0.03316377125993144
C-SAEA,7,80,0.7682094008112699,0.02767989573803022
C-SAEA,7,90,0.7812447947806103,0.02494200472962239
C-SAEA,7,100,0.7964106549725133,0.023287674822363612
C-SAEA,7,110,0.7971370833874649,0.02195741218730395
C-SAEA,7,120,0.8062664982287852,0.020581993543791314
C-SAEA,7,130,0.8134213631833956,0.018720066903317067
C-SAEA,7,140,0.8173490662490682,0.017796119494690878
C-SAEA,7,150,0.8248013094928593,0.017168481196758636
C-SAEA,7,160,0.8339440863773024,0.016637921977864647
C-SAEA,7,170,0.8441851206981653,0.01510475985372722
C-SAEA,7,180,0.8465159726858796,0.015439900974394273
C-SAEA,7,190,0.8389378910532547,0.013797397591508241
C-SAEA,7,200,0.8445653014296558,0.014174113653521597
C-SAEA,8,20,0.6421885863588132,0.05818649307799482
C-SAEA,8,30,0.6806366425837677,0.05144309431093583
C-SAEA,8,40,0.6949225155745266,0.04281839218131826
C-SAEA,8,50,0.7057832757715715,0.03927945692592702
C-SAEA,8,60,0.730011913981171,0.03446369243945848
C-SAEA,8,70,0.7390775246262119,0.03225603838627122
C-SAEA,8,80,0.7603731664621551,0.028069775050161318
C-SAEA,8,90,0.7640404583445345,0.02477758407788795
C-SAEA,8,100,0.7846856170084637,0.024253033135332256
C-SAEA,8,110,0.7863759644024113,0.02139836458954322
C-SAEA,8,120,0.7901226904500828,0.019924236165985834
C-SAEA,8,130,0.8031797135096663,0.017497215744414527
C-SAEA,8,140,0.8101624149433935,0.01724651729129945
C-SAEA,8,150,0.8132986851459546,0.016083235535329362
C-SAEA,8,160,0.8267564451875737,0.01791945585461676
C-SAEA,8,170,0.8234622638113926,0.01490160763948358
C-SAEA,8,180,0.8300579888626595,0.01528861115233663
C-SAEA,8,190,0.8217430877267798,0.013358699599992734
C-SAEA,8,200,0.8343748043879163,0.01400586682166549
C-SAEA,9,20,0.6374959248003245,0.05666386640937299
C-SAEA,9,30,0.6776224156197872,0.050360191091418566
C-SAEA,9,40,0.6935769235677648,0.045985587837010296
C-SAEA,9,50,0.7106079756535059,0.03950796702864137
C-SAEA,9,60,0.7370056415685049,0.03519741258907532
C-SAEA,9,70,0.7561769996637162,0.0326146992953994
C-SAEA,9,80,0.7670238939634851,0.02854777060882061
C-SAEA,9,90,0.776701047862214,0.025525453874938
C-SAEA,9,100,0.7909361479561114,0.023739052146789064
C-SAEA,9,110,0.7910982424603943,0.020680555797960572
C-SAEA,9,120,0.8050285108571317,0.020257728256809278
C-SAEA,9,130,0.8177452108934141,0.019043791230302386
C-SAEA,9,140,0.8171423819379396,0.016795101761417127
C-SAEA,9,150,0.8241415958192861,0.016318113959472916
C-SAEA,9,160,0.8367247730338395,0.01619863990263675
C-SAEA,9,170,0.835450555605249,0.014590728045184177
C-SAEA,9,180,0.8354239546538496,0.014734179457234478
C-SAEA,9,190,0.8395451650565595,0.014338344972506053
C-SAEA,9,200,0.8483586426835708,0.013282775320445535
C-SAEA,10,20,0.6440085962995573,0.05687227636238185
C-SAEA,10,30,0.6694135400761799,0.04991619670595496
C-SAEA,10,40,0.6879487641399746,0.04416720968132126
C-SAEA,10,50,0.7096822911087451,0.03952146579736978
C-SAEA,10,60,0.7296244322796477,0.03516298802673809
C-SAEA,10,70,0.751280070180937,0.03140305346234028
C-SAEA,10,80,0.7646702309117445,0.028518151537290506
C-SAEA,10,90,0.7724704302072907,0.026239677408993543
C-SAEA,10,100,0.7898033215402273,0.024001416628957595
C-SAEA,10,110,0.7936273741971539,0.021465142851200752
C-SAEA,10,120,0.801368103825731,0.020040185488435024
C-SAEA,10,130,0.8100266378558024,0.018563523820163543
C-SAEA,10,140,0.8137849697475401,0.017871387437645662
C-SAEA,10,150,0.8156366641290806,0.017261468675930043
C-SAEA,10,160,0.8245404498416162,0.017088163087286255
C-SAEA,10,170,0.8323741421273079,0.015869341977306765
C-SAEA,10,180,0.8162654619798742,0.015264657285213062
C-SAEA,10,190,0.832929522834884,0.014435926316397691
C-SAEA,10,200,0.8386681857805229,0.01437017952695231
C-SAEA,11,20,0.6392390380150889,0.059176565004252925
C-SAEA,11,30,0.6702326032729912,0.05104352955825488
C-SAEA,11,40,0.6850925539553776,0.045189618116568624
C-SAEA,11,50,0.7165458981433368,0.03947505192357819
C-SAEA,11,60,0.7318109453643975,0.03499293560067109
C-SAEA,11,70,0.7551983976892533,0.03277145478932133
C-SAEA,11,80,0.7679973534013921,0.028587619600230218
C-SAEA,11,90,0.7730846433060455,0.02542152219772833
C-SAEA,11,100,0.7938571524814906,0.02302760198233002
C-SAEA,11,110,0.7974398097338017,0.0225735302387778
C-SAEA,11,120,0.8045548414813565,0.020179519763369784
C-SAEA,11,130,0.8137377570716223,0.01729442636309715
C-SAEA,11,140,0.813899089890163,0.01734876800174615
C-SAEA,11,150,0.8272960740639541,0.016861868667614917
C-SAEA,11,160,0.8264176722078534,0.014425086614723326
C-SAEA,11,170,0.8304968106005972,0.016403256858132133
C-SAEA,11,180,0.8352019159040126,0.015002687524558245
C-SAEA,11,190,0.8394496570153839,0.01453425884577858
C-SAEA,11,200,0.8479188207408439,0.014394502015548006
C-SAEA,12,20,0.6397956916217876,0.058061432577113214
C-SAEA,12,30,0.6739135471397129,0.05042616204765377
C-SAEA,12,40,0.6948018930987074,0.044401667355127336
C-SAEA,12,50,0.7175853614444291,0.03905088149801314
C-SAEA,12,60,0.7439731960161854,0.035312546611897824
C-SAEA,12,70,0.7604040591845228,0.0299532615155577
C-SAEA,12,80,0.7737926096304621,0.028603308362952155
C-SAEA,12,90,0.7910278964687553,0.025877083674617222
C-SAEA,12,100,0.8010876535416069,0.022644281680217277
C-SAEA,12,110,0.8072261156268921,0.022098690528598378
C-SAEA,12,120,0.8235967633971268,0.020737512972759962
C-SAEA,12,130,0.8335102329813732,0.017595698036802707
C-SAEA,12,140,0.8332779282900838,0.017817201681073144
C-SAEA,12,150,0.845071210486308,0.016660281730899344
C-SAEA,12,160,0.8425658580232044,0.015126307487568755
C-SAEA,12,170,0.8380039173735938,0.015363941582175406
C-SAEA,12,180,0.8525935601989711,0.01442304895839676
C-SAEA,12,190,0.8545487163422821,0.014325915437641615
C-SAEA,12,200,0.8585304605204379,0.014577650890088847
C-SAEA,13,20,0.6393797079639171,0.05931028356605684
C-SAEA,13,30,0.6693106393719273,0.05141648189022448
C-SAEA,13,40,0.6908724082980028,0.04570023739287558
C-SAEA,13,50,0.7181847105066306,0.040338528277923516
C-SAEA,13,60,0.7312490220642911,0.03563594663991091
C-SAEA,13,70,0.7492934418454144,0.029786622447462826
C-SAEA,13,80,0.7622541299115173,0.0286164810034594
C-SAEA,13,90,0.7784396192239028,0.025430971660802902
C-SAEA,13,100,0.7925211230912175,0.023202678138312432
C-SAEA,13,110,0.7997076313030875,0.02073791952005395
C-SAEA,13,120,0.8085128052960467,0.02045662323930321
C-SAEA,13,130,0.8105531519005127,0.019691426133107308
C-SAEA,13,140,0.8182176119753735,0.016676648899522653
C-SAEA,13,150,0.8253793386844236,0.016489130076130586
C-SAEA,13,160,0.8366985230321132,0.01574730671808688
C-SAEA,13,170,0.8296524169029926,0.015260094044504468
C-SAEA,13,180,0.8296695693055305,0.015331773800724948
C-SAEA,13,190,0.8457619326296913,0.014097787603804899
C-SAEA,13,200,0.8456221538292162,0.014012320348720584
C-SAEA,14,20,0.6390508296941706,0.058677612323627164
C-SAEA,14,30,0.6689713947624149,0.051962629717139414
C-SAEA,14,40,0.6933593444309776,0.04492446720679185
C-SAEA,14,50,0.7139687340461619,0.040502952122656054
C-SAEA,14,60,0.731677756549593,0.03405443292944487
C-SAEA,14,70,0.7485567074730014,0.030396184923581673
C-SAEA,14,80,0.764021926835051,0.028493348467851752
C-SAEA,14,90,0.7724868584673017,0.026721368533299424
C-SAEA,14,100,0.7829521918210673,0.022922303446281357
C-SAEA,14,110,0.7992307305494891,0.02199890639523892
C-SAEA,14,120,0.804951347728504,0.01967500039248704
C-SAEA,14,130,0.8086156205537697,0.01856823148724768
C-SAEA,14,140,0.8146113963793535,0.017621222965527164
C-SAEA,14,150,0.8221956260823764,0.018064235486793746
C-SAEA,14,160,0.8211328099010798,0.015823609285911595
C-SAEA,14,170,0.8305724938476134,0.016213573693616232
C-SAEA,14,180,0.8319225936465923,0.013778649058475471
C-SAEA,14,190,0.8375791485684121,0.014783050736700795
C-SAEA,14,200,0.8345025589242644,0.01303007411270436
C-SAEA,15,20,0.6389495143241277,0.05868573403906291
C-SAEA,15,30,0.6734773569375275,0.05137237962231774
C-SAEA,15,40,0.6963046842982777,0.04566913045962227
C-SAEA,15,50,0.7239109878085093,0.04064828565873599
C-SAEA,15,60,0.7405165451624275,0.033660150196745064
C-SAEA,15,70,0.7570012875754116,0.031364812651592786
C-SAEA,15,80,0.7618902298509803,0.02872175012176288
C-SAEA,15,90,0.7850857095519684,0.02492226144510643
C-SAEA,15,100,0.7890068108173228,0.024583527229741053
C-SAEA,15,110,0.8039756316829311,0.021126315562431712
C-SAEA,15,120,0.8126694667514269,0.02048005761213085
C-SAEA,15,130,0.8184893195859495,0.01926211902832058
C-SAEA,15,140,0.8216873725013194,0.017333411755965495
C-SAEA,15,150,0.8362352642965117,0.01660190683919168
C-SAEA,15,160,0.8400569441833855,0.016742667342896908
C-SAEA,15,170,0.8387482308627932,0.01573876905947948
C-SAEA,15,180,0.8459576280533255,0.015743441783447883
C-SAEA,15,190,0.8476849050812306,0.014672173104482628
C-SAEA,15,200,0.8493607503719601,0.013105638837085702
C-SAEA,16,20,0.6516610385311399,0.058677930608960024
C-SAEA,16,30,0.6726043032262775,0.05086676980063881
C-SAEA,16,40,0.6999244917220747,0.04423490598888744
C-SAEA,16,50,0.7188347104700048,0.03925249655953322
C-SAEA,16,60,0.7362119368292137,0.03606250416030385
C-SAEA,16,70,0.7541080691297531,0.03142396676793664
C-SAEA,16,80,0.7672648484462564,0.029233944548918818
C-SAEA,16,90,0.7831429421325515,0.026402605456270423
C-SAEA,16,100,0.7954924140762104,0.024033461353742895
C-SAEA,16,110,0.8063385541098513,0.022590732139815526
C-SAEA,16,120,0.8160102592718497,0.019269972737890342
C-SAEA,16,130,0.8093854252121693,0.01861850214746635
C-SAEA,16,140,0.8110211971529068,0.018347059535397548
C-SAEA,16,150,0.8253094812773409,0.01698147148853247
C-SAEA,16,160,0.8366866976443229,0.016449561134532616
C-SAEA,16,170,0.845540522671717,0.014983134083153197
C-SAEA,16,180,0.8395541576246175,0.014599391919319128
C-SAEA,16,190,0.8393433213643832,0.014832705391945108
C-SAEA,16,200,0.8390144956356849,0.013105144483003078
C-SAEA,17,20,0.6452318640480037,0.05830229651773576
C-SAEA,17,30,0.6650312373724664,0.050258045071462684
C-SAEA,17,40,0.7038353845159294,0.04526214381669738
C-SAEA,17,50,0.7194565750819164,0.04097374279361861
C-SAEA,17,60,0.7453678223505064,0.03622537128342761
C-SAEA,17,70,0.7551987834864305,0.031708830476870044
C-SAEA,17,80,0.7747855064072577,0.02843784228246091
C-SAEA,17,90,0.7948026389119413,0.02488399994025975
C-SAEA,17,100,0.8093148010531105,0.023108324768978273
C-SAEA,17,110,0.8091193617233204,0.020764464475595334
C-SAEA,17,120,0.8209174950073956,0.02151225791469437
C-SAEA,17,130,0.829697667256104,0.01954461975768
C-SAEA,17,140,0.8414439858833531,0.018320366490831567
C-SAEA,17,150,0.8441826155646625,0.01653917368907077
C-SAEA,17,160,0.8463646724239926,0.014952233330407398
C-SAEA,17,170,0.8503325646160267,0.015993160094238398
C-SAEA,17,180,0.8650464440422557,0.015814313616292104
C-SAEA,17,190,0.8566911450331332,0.015141886474757761
C-SAEA,17,200,0.8663084494204228,0.01337457475188366
C-SAEA,18,20,0.6360309570750631,0.05661007725773475
C-SAEA,18,30,0.6699332917956606,0.0494700381911751
C-SAEA,18,40,0.6986136231357465,0.04423936919898118
C-SAEA,18,50,0.7191139405428921,0.03884471139931675
C-SAEA,18,60,0.7379106175824645,0.03493493829044704
C-SAEA,18,70,0.7538038829698718,0.032197984629354796
C-SAEA,18,80,0.7684159698746532,0.028667081687877856
C-SAEA,18,90,0.7759544566629633,0.025273460931600347
C-SAEA,18,100,0.7909683980542603,0.02349781290079131
C-SAEA,18,110,0.7980199662930475,0.021636202403368197
C-SAEA,18,120,0.8104232317474682,0.020189510581014807
C-SAEA,18,130,0.8132376711376227,0.019095426417944986
C-SAEA,18,140,0.8233204727128401,0.018546018615091815
C-SAEA,18,150,0.8283744604043208,0.01631231355384926
C-SAEA,18,160,0.8366186752496714,0.01502967967402511
C-SAEA,18,170,0.8434112761743149,0.01554223299646892
C-SAEA,18,180,0.8358930822220569,0.014746828843713741
C-SAEA,18,190,0.8495036203931063,0.013825966595703175
C-SAEA,18,200,0.8471224280322305,0.014042363854309924
C-SAEA,19,20,0.653594815957456,0.058346700449338096
C-SAEA,19,30,0.6662322086503059,0.051418517447374475
C-SAEA,19,40,0.7042235282813755,0.046704663940937384
C-SAEA,19,50,0.7132104695354232,0.03921110773612974
C-SAEA,19,60,0.7382575912209175,0.035710616795720566
C-SAEA,19,70,0.7589274946014528,0.031105992044467214
C-SAEA,19,80,0.7666132653280765,0.029611536109525487
C-SAEA,19,90,0.7733775547570789,0.026193770889424265
C-SAEA,19,100,0.7948402346287009,0.023097125012740492
C-SAEA,19,110,0.8067713198437652,0.021509961125025005
C-SAEA,19,120,0.8097654917394379,0.01966287373948868
C-SAEA,19,130,0.8163823189043072,0.018666275830511326
C-SAEA,19,140,0.8256657904784559,0.018283950864102776
C-SAEA,19,150,0.8308933241103158,0.01696298388428769
C-SAEA,19,160,0.8329640367748695,0.015521814379205388
C-SAEA,19,170,0.8359317884026076,0.0162351400063103
C-SAEA,19,180,0.8432029201707265,0.015361818851769586
C-SAEA,19,190,0.8471416443700668,0.014174020776993196
C-SAEA,19,200,0.8511530040467248,0.013399014212683929
C-SAEA,20,20,0.6412326369296075,0.05710146633786214
C-SAEA,20,30,0.6729763191254658,0.050774480101135805
C-SAEA,20,40,0.6962862153317023,0.044950874124951946
C-SAEA,20,50,0.7150219673276387,0.03949532331650043
C-SAEA,20,60,0.7322941251207502,0.035592185653648495
C-SAEA,20,70,0.7515669034346874,0.030737377162626867
C-SAEA,20,80,0.7638734530266817,0.028706880808022632
C-SAEA,20,90,0.7856515448516223,0.025780092819293103
C-SAEA,20,100,0.7840441717032735,0.024353239032887962
C-SAEA,20,110,0.7984562824090152,0.02119076930255164
C-SAEA,20,120,0.8122534015300987,0.020876075334202077
C-SAEA,20,130,0.8175869591279501,0.01850747547774878
C-SAEA,20,140,0.8177140677240522,0.016315373243986034
C-SAEA,20,150,0.8169009827747392,0.01721213121933296
C-SAEA,20,160,0.8244094885753955,0.015504150002630127
C-SAEA,20,170,0.8379735300169932,0.01447293094307191
C-SAEA,20,180,0.8392366694492356,0.014558525527554102
C-SAEA,20,190,0.8434773192040003,0.013987078478154188
C-SAEA,20,200,0.8502384030347739,0.013904105598566127
C-SAEA,21,20,0.638514243882167,0.0588816525902576
C-SAEA,21,30,0.6673763338810788,0.05029215608475918
C-SAEA,21,40,0.6901525038746934,0.04402765720547072
C-SAEA,21,50,0.7175971003323379,0.03909334684026552
C-SAEA,21,60,0.7368860743681958,0.03429506294777354
C-SAEA,21,70,0.752482825129967,0.03057682291745919
C-SAEA,21,80,0.7569091120256967,0.027537381318425955
C-SAEA,21,90,0.7790446641357992,0.02574225542317254
C-SAEA,21,100,0.7783551160757657,0.02377575704833878
C-SAEA,21,110,0.7940235380340379,0.022282829203110435
C-SAEA,21,120,0.8026937484100453,0.020345089780036497
C-SAEA,21,130,0.8152210242221752,0.0189790449020607
C-SAEA,21,140,0.8179243397362871,0.01668958896787244
C-SAEA,21,150,0.823238600464208,0.016651953272110772
C-SAEA,21,160,0.8273388290777453,0.015172700040483208
C-SAEA,21,170,0.8324961448621285,0.016545734513269253
C-SAEA,21,180,0.8349526252459405,0.014686510661241119
C-SAEA,21,190,0.8434105884785214,0.014780552399918306
C-SAEA,21,200,0.8482573315402695,0.014247698877108826
C-SAEA,22,20,0.6458195101561375,0.05915665630856299
C-SAEA,22,30,0.671599841053976,0.05079372724105226
C-SAEA,22,40,0.6910653380734177,0.045138273558359254
C-SAEA,22,50,0.7084939630532949,0.038459689237412886
C-SAEA,22,60,0.7304961817932872,0.03497617577710195
C-SAEA,22,70,0.7447864105547377,0.030514054335597257
C-SAEA,22,80,0.7583656903641239,0.02899100052913772
C-SAEA,22,90,0.7797548188759224,0.02638982432571417
C-SAEA,22,100,0.7879894301266064,0.02300572165001274
C-SAEA,22,110,0.7980948657775305,0.02145845544884855
C-SAEA,22,120,0.8008073212623824,0.0195191800467139
C-SAEA,22,130,0.8179204462666516,0.019342977457305364
C-SAEA,22,140,0.8066931683520319,0.01662536717013982
C-SAEA,22,150,0.8197452765246532,0.018146792808211357
C-SAEA,22,160,0.8257281802895605,0.016335702032010527
C-SAEA,22,170,0.8325351539415561,0.014941061335368919
C-SAEA,22,180,0.8359201042561636,0.014037242049925285
C-SAEA,22,190,0.8338605181133097,0.01350839774516679
C-SAEA,22,200,0.8354140298896326,0.014002731975932593
C-SAEA,23,20,0.6380141750448836,0.059196003995766217
C-SAEA,23,30,0.6740838979466278,0.049677400094885436
C-SAEA,23,40,0.6939587275738913,0.044782398943565914
C-SAEA,23,50,0.7209722966303528,0.039960138633951724
C-SAEA,23,60,0.7312586448094284,0.03423523589119423
C-SAEA,23,70,0.7490169398585133,0.031090514659683613
C-SAEA,23,80,0.7614833502386954,0.02816056863281379
C-SAEA,23,90,0.7817547771109856,0.02464472271132831
C-SAEA,23,100,0.7872710960381794,0.023489715752673293
C-SAEA,23,110,0.7938631057571419,0.021987410525203224
C-SAEA,23,120,0.8098333186616351,0.018541158411505828
C-SAEA,23,130,0.8122973665463692,0.01762142263975174
C-SAEA,23,140,0.8176876670672775,0.018155681350775166
C-SAEA,23,150,0.8275633340304375,0.016097148746740245
C-SAEA,23,160,0.8262948755500956,0.014904008981296943
C-SAEA,23,170,0.8305944037632766,0.015540336678081385
C-SAEA,23,180,0.8432943636514374,0.015579079550072929
C-SAEA,23,190,0.8386590133533882,0.014600886223419221
C-SAEA,23,200,0.8489373736280756,0.014959272529073572
C-SAEA,24,20,0.644633760944699,0.05762540378872916
C-SAEA,24,30,0.6700375495232539,0.05135897582629899
C-SAEA,24,40,0.695038925480901,0.04418511930142433
C-SAEA,24,50,0.7243151192857643,0.039243475729174346
C-SAEA,24,60,0.7409228084877636,0.03485710275665241
C-SAEA,24,70,0.7524108075530541,0.030769720270230064
C-SAEA,24,80,0.7750052662410307,0.028192096169485936
C-SAEA,24,90,0.7811811690972382,0.025951677741983332
C-SAEA,24,100,0.7911510233345996,0.023299716677634953
C-SAEA,24,110,0.8032746803264369,0.020813424397426818
C-SAEA,24,120,0.8098780604367283,0.019659384916181164
C-SAEA,24,130,0.8267787162139004,0.01849736497475668
C-SAEA,24,140,0.8241960373084299,0.018648762483825344
C-SAEA,24,150,0.832557142666146,0.017021904725918476
C-SAEA,24,160,0.8332450714429162,0.01659299996671929
C-SAEA,24,170,0.8403612377663506,0.015386114316010219
C-SAEA,24,180,0.8428811998675237,0.014819280251020167
C-SAEA,24,190,0.8498993068085632,0.01402310426627143
C-SAEA,24,200,0.8543038039290696,0.013957615717578708
C-SAEA,25,20,0.6414603098276433,0.057547221461611946
C-SAEA,25,30,0.6743958591966109,0.0511604683490166
C-SAEA,25,40,0.6940422088042678,0.0464277842996393
C-SAEA,25,50,0.7180410718825715,0.040078659239487356
C-SAEA,25,60,0.7334006761290157,0.036501446366963286
C-SAEA,25,70,0.731723328589891,0.03136531388473062
C-SAEA,25,80,0.7595576298791088,0.029225127442605168
C-SAEA,25,90,0.7704611686168205,0.025137880399258863
C-SAEA,25,100,0.7766962254760826,0.024299654799939997
C-SAEA,25,110,0.785854049214985,0.021422142150709422
C-SAEA,25,120,0.7968121745591616,0.02030707002862399
C-SAEA,25,130,0.8063493370988949,0.018687625367086593
C-SAEA,25,140,0.80706605296603,0.018545658768254925
C-SAEA,25,150,0.8171205858751335,0.01692877254037353
C-SAEA,25,160,0.8295364650537977,0.016074814900269695
C-SAEA,25,170,0.8310497204455544,0.01505781924592839
C-SAEA,25,180,0.834993068826997,0.015201841976955899
C-SAEA,25,190,0.8255278526397475,0.014009969782188944
C-SAEA,25,200,0.8348581487804448,0.015381202496327682
C-SAEA,26,20,0.6471628515543696,0.05863000943005501
C-SAEA,26,30,0.6685759214613068,0.050629268793073924
C-SAEA,26,40,0.698229576432661,0.04489806839828541
C-SAEA,26,50,0.7250267267249283,0.038326296844685456
C-SAEA,26,60,0.7435694624953445,0.03607773945894623
C-SAEA,26,70,0.7565342101502718,0.031497729026882
C-SAEA,26,80,0.7725769376226852,0.028413994436260193
C-SAEA,26,90,0.7882088547711747,0.025882012315282168
C-SAEA,26,100,0.7970037929512115,0.024342769527239717
C-SAEA,26,110,0.8062078728443041,0.02175845689775755
C-SAEA,26,120,0.817075034059518,0.02070675680653725
C-SAEA,26,130,0.824763954471067,0.019964926920481185
C-SAEA,26,140,0.825619710243827,0.016808287258749402
C-SAEA,26,150,0.8334287466882764,0.017020441761982273
C-SAEA,26,160,0.8311555916317235,0.01623311081815853
C-SAEA,26,170,0.8399111501330775,0.015614901072096284
C-SAEA,26,180,0.844145155345457,0.014452547283465275
C-SAEA,26,190,0.8571187264674115,0.014087160745237581
C-SAEA,26,200,0.8521788510971368,0.013676062977026436
C-SAEA,27,20,0.6429378983951491,0.05792252120611044
C-SAEA,27,30,0.6727610912949097,0.04930061451339602
C-SAEA,27,40,0.6969741017982867,0.04453315280988493
C-SAEA,27,50,0.7164432298950402,0.03931003748121919
C-SAEA,27,60,0.7403214375912289,0.03419256284222365
C-SAEA,27,70,0.7549991028253246,0.03113201984730669
C-SAEA,27,80,0.756876100770008,0.02768668320382548
C-SAEA,27,90,0.7894056597460515,0.0263327960236176
C-SAEA,27,100,0.7938503786662953,0.023323025474611205
C-SAEA,27,110,0.7963392769722651,0.022275677929084543
C-SAEA,27,120,0.8036559282039737,0.01998675512807018
C-SAEA,27,130,0.812610325170635,0.020195053542943535
C-SAEA,27,140,0.8166429562287024,0.017639196497775653
C-SAEA,27,150,0.8317377387417688,0.016838807982309904
C-SAEA,27,160,0.8287392612707344,0.015430499490654358
C-SAEA,27,170,0.8353034521827857,0.014596571335991853
C-SAEA,27,180,0.8421009502965782,0.01446503949952662
C-SAEA,27,190,0.8480494113235497,0.013751783012668502
C-SAEA,27,200,0.8442119139551643,0.01522493584868685
C-SAEA,28,20,0.6421701533823467,0.05784388924843719
C-SAEA,28,30,0.674027439442604,0.05156203733679596
C-SAEA,28,40,0.6965140979722018,0.044730016234290335
C-SAEA,28,50,0.7139477530130698,0.03832242815240313
C-SAEA,28,60,0.7306783625836025,0.03370065448889037
C-SAEA,28,70,0.7501679827330828,0.031760337316256396
C-SAEA,28,80,0.7703039776733043,0.027990449066647646
C-SAEA,28,90,0.781892370412549,0.025451137387383388
C-SAEA,28,100,0.7921832835986066,0.02308366779943856
C-SAEA,28,110,0.79967368247152,0.021215144017474923
C-SAEA,28,120,0.8012268027570374,0.021337584764655984
C-SAEA,28,130,0.8156545259285545,0.0185537636961075
C-SAEA,28,140,0.8204119876406689,0.016178305899399448
C-SAEA,28,150,0.8222152952587415,0.016865731716085106
C-SAEA,28,160,0.823789119641386,0.01621401630653787
C-SAEA,28,170,0.8326563238592228,0.01444896091756484
C-SAEA,28,180,0.833457299272225,0.014369692823268972
C-SAEA,28,190,0.831056399397269,0.015092468471589064
C-SAEA,28,200,0.8398482866643959,0.013245212532726657
C-SAEA,29,20,0.6432135393243172,0.05878627868025487
C-SAEA,29,30,0.6723849436358688,0.051158765262285966
C-SAEA,29,40,0.7054011406239706,0.04520711475710427
C-SAEA,29,50,0.7165220831575205,0.03948589549782059
C-SAEA,29,60,0.7417942081100303,0.034326615881194164
C-SAEA,29,70,0.7589011679729224,0.031019508618369485
C-SAEA,29,80,0.7715815318348739,0.028439661160760285
C-SAEA,29,90,0.787986330816443,0.0264578714511642
C-SAEA,29,100,0.7939573606021644,0.024719581232996227
C-SAEA,29,110,0.7998484107774605,0.02170229082429723
C-SAEA,29,120,0.8175145492444075,0.01999642550160211
C-SAEA,29,130,0.8225526390233217,0.01816181783959822
C-SAEA,29,140,0.832941666001175,0.018256187229886117
C-SAEA,29,150,0.8324101319233231,0.01722044011052651
C-SAEA,29,160,0.8401739962393043,0.01643578488568828
C-SAEA,29,170,0.8337751622443159,0.014917904941620133
C-SAEA,29,180,0.8419676240245163,0.01390024019350618
C-SAEA,29,190,0.8460470855319132,0.01397345834067474
C-SAEA,29,200,0.8524777184002758,0.014418905892351681
C-SAEA,30,20,0.6409173153537592,0.05789072046280507
C-SAEA,30,30,0.6742681670630899,0.05057481738723581
C-SAEA,30,40,0.6903018011306431,0.044953411049933015
C-SAEA,30,50,0.7129674097902149,0.039725012011725506
C-SAEA,30,60,0.7286930258593709,0.034856325513192336
C-SAEA,30,70,0.7455513883239072,0.031357940898971585
C-SAEA,30,80,0.7605210534702068,0.02866871593295629
C-SAEA,30,90,0.7764219481217288,0.026054316983549815
C-SAEA,30,100,0.7811104542293466,0.02426060418776998
C-SAEA,30,110,0.7939412883430258,0.020887531117527332
C-SAEA,30,120,0.8024466107548582,0.019620042363517953
C-SAEA,30,130,0.8112739210620111,0.01879591086797774
C-SAEA,30,140,0.81304238209616,0.018298136245070793
C-SAEA,30,150,0.825762445524466,0.016612917556478993
C-SAEA,30,160,0.8200679270079291,0.016810462529294693
C-SAEA,30,170,0.8289618188814981,0.015507061011928811
C-SAEA,30,180,0.8318334885838223,0.01433145864968442
C-SAEA,30,190,0.8372937780345922,0.014330016334513135
C-SAEA,30,200,0.8439774182084231,0.012987489104827905
MOEA/D-GP,1,20,0.6392256570181261,0.0604272374128115
MOEA/D-GP,1,30,0.6705896540862816,0.052878886134251055
MOEA/D-GP,1,40,0.6873579998931896,0.047819181292029264
MOEA/D-GP,1,50,0.7068398113941824,0.04091451978546685
MOEA/D-GP,1,60,0.7258942668414706,0.036556207841867
MOEA/D-GP,1,70,0.7346745780083226,0.0329396981539999
MOEA/D-GP,1,80,0.7559508829970372,0.0295260975225582
MOEA/D-GP,1,90,0.762093727081836,0.027688454256383464
MOEA/D-GP,1,100,0.7734822723840723,0.024083027278542925
MOEA/D-GP,1,110,0.7876541308867109,0.024717911486620288
MOEA/D-GP,1,120,0.799260023547998,0.022208541531326873
MOEA/D-GP,1,130,0.8045970425036136,0.01985485031106207
MOEA/D-GP,1,140,0.8064603357924597,0.019045841906009216
MOEA/D-GP,1,150,0.807651198168155,0.018606923052423577
MOEA/D-GP,1,160,0.8141954649462181,0.017494947583602566
MOEA/D-GP,1,170,0.821235883279851,0.017533536699624788
MOEA/D-GP,1,180,0.8242742063776869,0.016791867844722096
MOEA/D-GP,1,190,0.8272668676415414,0.015105858647295679
MOEA/D-GP,1,200,0.8273971432322993,0.015472764706377488
MOEA/D-GP,2,20,0.6390300183733432,0.06022126664415112
MOEA/D-GP,2,30,0.6625185119277417,0.05349097246408855
MOEA/D-GP,2,40,0.6861288137572304,0.047707124464207065
MOEA/D-GP,2,50,0.7139030864171922,0.042264928707334296
MOEA/D-GP,2,60,0.7368154391157644,0.036713340084508175
MOEA/D-GP,2,70,0.752090692030991,0.03377314652259767
MOEA/D-GP,2,80,0.7647861875901107,0.030267337332369876
MOEA/D-GP,2,90,0.7753147645135122,0.028582238223504752
MOEA/D-GP,2,100,0.7879454500745441,0.02619796198336139
MOEA/D-GP,2,110,0.7939496269565057,0.023565049522105565
MOEA/D-GP,2,120,0.8047071513055741,0.022681449040933967
MOEA/D-GP,2,130,0.8038277486440408,0.021590615030530075
MOEA/D-GP,2,140,0.8178706928912874,0.018704186306438563
MOEA/D-GP,2,150,0.8209344269598535,0.018234821320035524
MOEA/D-GP,2,160,0.8308390891326799,0.017369160125480558
MOEA/D-GP,2,170,0.8265323662521559,0.017464206745567944
MOEA/D-GP,2,180,0.832938385765202,0.016451715230601544
MOEA/D-GP,2,190,0.8380417580084585,0.01702718513842334
MOEA/D-GP,2,200,0.8455353698031869,0.014663880747930107
MOEA/D-GP,3,20,0.6412391813969677,0.06027990403033267
MOEA/D-GP,3,30,0.6683356281673988,0.051953209621306604
MOEA/D-GP,3,40,0.6870446855503277,0.046889832336329845
MOEA/D-GP,3,50,0.7053992752424407,0.04174214301143216
MOEA/D-GP,3,60,0.7202899935124473,0.03700563284083616
MOEA/D-GP,3,70,0.7389588181039327,0.03305995506727164
MOEA/D-GP,3,80,0.7592702682382593,0.028370785171196396
MOEA/D-GP,3,90,0.7705561373590694,0.0286906230052863
MOEA/D-GP,3,100,0.7816112839369913,0.026419444459219444
MOEA/D-GP,3,110,0.7832926667527135,0.023836120092570082
MOEA/D-GP,3,120,0.7955897374173194,0.022836983684030573
MOEA/D-GP,3,130,0.801013457342162,0.020209902314562198
MOEA/D-GP,3,140,0.8037949770092511,0.019521662949674865
MOEA/D-GP,3,150,0.8058099993170093,0.019602857371606067
MOEA/D-GP,3,160,0.8112229475535346,0.017404056584135144
MOEA/D-GP,3,170,0.822161796918837,0.01630902323667328
MOEA/D-GP,3,180,0.8280345788686334,0.01648394654128075
MOEA/D-GP,3,190,0.8335470347453604,0.015570758518543075
MOEA/D-GP,3,200,0.8352361077433267,0.014258937605269445
MOEA/D-GP,4,20,0.6346838123525268,0.059761309607980165
MOEA/D-GP,4,30,0.6641987539541981,0.052809434828765545
MOEA/D-GP,4,40,0.6868053748368452,0.04726872193464909
MOEA/D-GP,4,50,0.7119925842091339,0.0426487005277751
MOEA/D-GP,4,60,0.7285216483266568,0.03765629717316575
MOEA/D-GP,4,70,0.7492763168394277,0.03432948374269466
MOEA/D-GP,4,80,0.759188351184903,0.029861560300281483
MOEA/D-GP,4,90,0.7709467589164809,0.02677432665411
MOEA/D-GP,4,100,0.78592654494797,0.0258737539821328
MOEA/D-GP,4,110,0.7917360915007379,0.024667673319308282
MOEA/D-GP,4,120,0.7976180596417092,0.02219380186078241
MOEA/D-GP,4,130,0.809955037306474,0.020551137587026074
MOEA/D-GP,4,140,0.822583317537309,0.019737414285447317
MOEA/D-GP,4,150,0.8268312564983208,0.018691766014408268
MOEA/D-GP,4,160,0.8251773433430412,0.01862335959634927
MOEA/D-GP,4,170,0.8337887187482361,0.01713096498201108
MOEA/D-GP,4,180,0.827403566605683,0.01755435367258751
MOEA/D-GP,4,190,0.8349732784749817,0.015531363482006852
MOEA/D-GP,4,200,0.8344272657404662,0.016232396537397945
MOEA/D-GP,5,20,0.6384293088882103,0.059114963839537286
MOEA/D-GP,5,30,0.6707772659976403,0.05153936312652557
MOEA/D-GP,5,40,0.6869787563619922,0.04622709898508076
MOEA/D-GP,5,50,0.7075311076426506,0.042215212128546974
MOEA/D-GP,5,60,0.728641473720043,0.036528426437529286
MOEA/D-GP,5,70,0.7405759055595781,0.03390346606371987
MOEA/D-GP,5,80,0.7579703085062143,0.029936797167709504
MOEA/D-GP,5,90,0.7697695672775469,0.0278978369955602
MOEA/D-GP,5,100,0.7799339691918982,0.02554888482496339
MOEA/D-GP,5,110,0.7892995274400786,0.024087088349581603
MOEA/D-GP,5,120,0.7871484546496558,0.021639452388316882
MOEA/D-GP,5,130,0.80146153735826,0.021603842380996864
MOEA/D-GP,5,140,0.8060196729780281,0.019490501297980505
MOEA/D-GP,5,150,0.8144697792073144,0.018867848042931467
MOEA/D-GP,5,160,0.8087435584949356,0.017545513638421717
MOEA/D-GP,5,170,0.8270449405872241,0.016941237956781447
MOEA/D-GP,5,180,0.8294703178851788,0.016442306630170597
MOEA/D-GP,5,190,0.8306195258415902,0.01554932602936348
MOEA/D-GP,5,200,0.8291478191684186,0.015190414328837451
MOEA/D-GP,6,20,0.6410644059305869,0.06004332276231004
MOEA/D-GP,6,30,0.6649473300992583,0.052849054893824125
MOEA/D-GP,6,40,0.6845194999232219,0.046651482276449205
MOEA/D-GP,6,50,0.7068848815433704,0.042909956147315506
MOEA/D-GP,6,60,0.7213607268440675,0.037949366730837424
MOEA/D-GP,6,70,0.7410895845813056,0.03463832048331884
MOEA/D-GP,6,80,0.7495149453141898,0.031075822483067273
MOEA/D-GP,6,90,0.7696388272391003,0.028997726856129908
MOEA/D-GP,6,100,0.7769925996977511,0.026592123032655346
MOEA/D-GP,6,110,0.7881468599582917,0.02585401158673966
MOEA/D-GP,6,120,0.7938982649048845,0.020973174132780856
MOEA/D-GP,6,130,0.7985898038736626,0.02120840724380596
MOEA/D-GP,6,140,0.8077690828561983,0.020777872260454168
MOEA/D-GP,6,150,0.8090264948852227,0.017909674393735267
MOEA/D-GP,6,160,0.8194299594691783,0.01970465253961695
MOEA/D-GP,6,170,0.8189575842152919,0.017376236147809546
MOEA/D-GP,6,180,0.8297667812457901,0.016666639388037533
MOEA/D-GP,6,190,0.8287050586021159,0.015713520902844304
MOEA/D-GP,6,200,0.8281498388450229,0.01608771686137506
MOEA/D-GP,7,20,0.6376742578577659,0.059457428234271234
MOEA/D-GP,7,30,0.6607441207908057,0.052061060245978556
MOEA/D-GP,7,40,0.6793688325913371,0.04649976198954345
MOEA/D-GP,7,50,0.702242708017685,0.04160399238906442
MOEA/D-GP,7,60,0.7209567492453806,0.037789146609695436
MOEA/D-GP,7,70,0.7377528185778868,0.033649661364563384
MOEA/D-GP,7,80,0.7501669716911481,0.02969404150627434
MOEA/D-GP,7,90,0.759469268496755,0.027086122624155273
MOEA/D-GP,7,100,0.7668058564495096,0.025980836607920457
MOEA/D-GP,7,110,0.7854088720460889,0.024385370839034873
MOEA/D-GP,7,120,0.7887543497337437,0.022191632903667848
MOEA/D-GP,7,130,0.7947647581770835,0.020763944167745237
MOEA/D-GP,7,140,0.8015933997840102,0.01996017460398298
MOEA/D-GP,7,150,0.8059502442298375,0.020024633812930275
MOEA/D-GP,7,160,0.8042240587199786,0.016158505323060967
MOEA/D-GP,7,170,0.8144805895750482,0.017922886083382352
MOEA/D-GP,7,180,0.8185112518482366,0.01551579722445847
MOEA/D-GP,7,190,0.8232574214270545,0.015147814210497584
MOEA/D-GP,7,200,0.8171090546792273,0.01683380047820457
MOEA/D-GP,8,20,0.6398581455272375,0.059877973991173485
MOEA/D-GP,8,30,0.6617115524438023,0.05168073132861948
MOEA/D-GP,8,40,0.6878215108858178,0.04774060566898862
MOEA/D-GP,8,50,0.7159825467186043,0.04073336400423036
MOEA/D-GP,8,60,0.7360913301660998,0.03761439093985455
MOEA/D-GP,8,70,0.7489931177408063,0.034086916676549575
MOEA/D-GP,8,80,0.7527721148512104,0.031204038871627263
MOEA/D-GP,8,90,0.7618069510789112,0.02804385979432829
MOEA/D-GP,8,100,0.7786077944024787,0.025478343255384853
MOEA/D-GP,8,110,0.7825037921817181,0.024253349274319345
MOEA/D-GP,8,120,0.8047997437903193,0.022800327085416048
MOEA/D-GP,8,130,0.8088031226941168,0.020652027659936505
MOEA/D-GP,8,140,0.8184756413464195,0.020535852215019492
MOEA/D-GP,8,150,0.8195811101280368,0.018296952622396983
MOEA/D-GP,8,160,0.8257169491280865,0.0159894744756535
MOEA/D-GP,8,170,0.821827660663395,0.01688068552967393
MOEA/D-GP,8,180,0.8347930433877592,0.016380944789576708
MOEA/D-GP,8,190,0.832537012467436,0.01636685592259988
MOEA/D-GP,8,200,0.8413112324991675,0.016280285310450518
MOEA/D-GP,9,20,0.6342901202334288,0.05917852408326488
MOEA/D-GP,9,30,0.6693858346626316,0.051815831595433674
MOEA/D-GP,9,40,0.701507365128567,0.04730011850252182
MOEA/D-GP,9,50,0.7111329310494608,0.04234324188644692
MOEA/D-GP,9,60,0.7341252174806833,0.03761163999715464
MOEA/D-GP,9,70,0.7554123181139377,0.034787379380491645
MOEA/D-GP,9,80,0.759550941435742,0.030771952275467217
MOEA/D-GP,9,90,0.7779683613460268,0.027671933375354393
MOEA/D-GP,9,100,0.7892957125160716,0.02594505775578408
MOEA/D-GP,9,110,0.8056916153178555,0.023194826616306792
MOEA/D-GP,9,120,0.8067156128411983,0.02368543947896201
MOEA/D-GP,9,130,0.8173988356097318,0.0204602284866851
MOEA/D-GP,9,140,0.8255914537671469,0.019506640809093926
MOEA/D-GP,9,150,0.8293783572874621,0.01964032779129655
MOEA/D-GP,9,160,0.8332413817022222,0.017009485885632284
MOEA/D-GP,9,170,0.8324165354209158,0.01754072346586873
MOEA/D-GP,9,180,0.8331398695656554,0.015937290655193777
MOEA/D-GP,9,190,0.847556570922721,0.015888322642202173
MOEA/D-GP,9,200,0.8483676024239073,0.014822844776837178
MOEA/D-GP,10,20,0.637780886232475,0.059589809963514435
MOEA/D-GP,10,30,0.6646411813704536,0.0531132411890094
MOEA/D-GP,10,40,0.6927603934980658,0.04657321222435977
MOEA/D-GP,10,50,0.7051072821954224,0.04218347937619936
MOEA/D-GP,10,60,0.7241676268243099,0.03684253201497334
MOEA/D-GP,10,70,0.739089985279674,0.034596985230409126
MOEA/D-GP,10,80,0.7562387518311421,0.03034142867197353
MOEA/D-GP,10,90,0.7580544849904535,0.028125369411996788
MOEA/D-GP,10,100,0.7752661335641994,0.025805338554987983
MOEA/D-GP,10,110,0.7908636943217788,0.024480010084347765
MOEA/D-GP,10,120,0.7942833240739489,0.02199673352563609
MOEA/D-GP,10,130,0.8036820555741203,0.02094347869594271
MOEA/D-GP,10,140,0.8054278211722108,0.021442959191805087
MOEA/D-GP,10,150,0.8163778386604085,0.018513607454955665
MOEA/D-GP,10,160,0.8252197551707259,0.017290908422215704
MOEA/D-GP,10,170,0.8197649597021611,0.016462056204506276
MOEA/D-GP,10,180,0.822012127443917,0.016343791788020826
MOEA/D-GP,10,190,0.8374756020506446,0.01542519210401716
MOEA/D-GP,10,200,0.8385467298571404,0.014446419432500126
MOEA/D-GP,11,20,0.6413304627365559,0.060260202426295865
MOEA/D-GP,11,30,0.6600991089874478,0.052576276946878366
MOEA/D-GP,11,40,0.6860764595691139,0.04607333879756088
MOEA/D-GP,11,50,0.6991089687339974,0.0415987148564043
MOEA/D-GP,11,60,0.7304056975924231,0.038968882472583836
MOEA/D-GP,11,70,0.7333153542184697,0.033703611452835444
MOEA/D-GP,11,80,0.7553254831258674,0.03152046921724765
MOEA/D-GP,11,90,0.7605270674562811,0.028335647092646618
MOEA/D-GP,11,100,0.7777410660562151,0.02560988390047397
MOEA/D-GP,11,110,0.7781621699888667,0.024612063061623404
MOEA/D-GP,11,120,0.7894316472892307,0.022918229317318604
MOEA/D-GP,11,130,0.7967353981121167,0.021234926402201332
MOEA/D-GP,11,140,0.8075574923377129,0.01999337025634848
MOEA/D-GP,11,150,0.8127398769908827,0.01786592518694869
MOEA/D-GP,11,160,0.8147493208259752,0.017253712435179452
MOEA/D-GP,11,170,0.8263509170938451,0.01599161884972596
MOEA/D-GP,11,180,0.8210958018402449,0.015222563922682612
MOEA/D-GP,11,190,0.8203124177603069,0.01531476778323828
MOEA/D-GP,11,200,0.8259466504754913,0.016185493888802093
MOEA/D-GP,12,20,0.6378335690849029,0.06010494295097605
MOEA/D-GP,12,30,0.659654938838428,0.053246647216221604
MOEA/D-GP,12,40,0.6803926483132772,0.046369704140678474
MOEA/D-GP,12,50,0.7040672747357452,0.04163709968704602
MOEA/D-GP,12,60,0.7159492277593681,0.03742501383524258
MOEA/D-GP,12,70,0.7337384077722476,0.03316931817582512
MOEA/D-GP,12,80,0.7487383678960966,0.03150935803066558
MOEA/D-GP,12,90,0.7635397137873555,0.02841774427130467
MOEA/D-GP,12,100,0.7715052260964063,0.026170980238629005
MOEA/D-GP,12,110,0.7760153917681544,0.02296808992539364
MOEA/D-GP,12,120,0.7811126698996887,0.022672514132479404
MOEA/D-GP,12,130,0.78883733436066,0.019215564198151822
MOEA/D-GP,12,140,0.7980985092364502,0.01923498921807247
MOEA/D-GP,12,150,0.808148219091272,0.01870777520975301
MOEA/D-GP,12,160,0.813961232476065,0.01750081920697084
MOEA/D-GP,12,170,0.8158387523327337,0.01685724675502402
MOEA/D-GP,12,180,0.8208746386205277,0.01707854641243124
MOEA/D-GP,12,190,0.819705729247518,0.01647939773884835
MOEA/D-GP,12,200,0.8205945055281643,0.014861310198416694
MOEA/D-GP,13,20,0.6440213174071611,0.0594051065699434
MOEA/D-GP,13,30,0.6698640363841593,0.05298649500682332
MOEA/D-GP,13,40,0.69790364046297,0.04628072740760204
MOEA/D-GP,13,50,0.7130301238190236,0.041230819000140306
MOEA/D-GP,13,60,0.7421672431810868,0.03776051738855567
MOEA/D-GP,13,70,0.7408234426519757,0.03312513349912137
MOEA/D-GP,13,80,0.7715210388831845,0.03106586980007763
MOEA/D-GP,13,90,0.7772163905902757,0.028033812003151273
MOEA/D-GP,13,100,0.7868954708682544,0.026965170982442107
MOEA/D-GP,13,110,0.7991396374112605,0.023217517951239018
MOEA/D-GP,13,120,0.8117906733373165,0.021783642110797655
MOEA/D-GP,13,130,0.8102326683717482,0.01891210547161017
MOEA/D-GP,13,140,0.8256577925287609,0.020361381983842353
MOEA/D-GP,13,150,0.8217529927704231,0.017925550384381407
MOEA/D-GP,13,160,0.8355061852364114,0.01810965735497606
MOEA/D-GP,13,170,0.8298398483098747,0.016367147070725313
MOEA/D-GP,13,180,0.8394408625177662,0.015441632969486646
MOEA/D-GP,13,190,0.8394140205629772,0.015457212893324027
MOEA/D-GP,13,200,0.8534057117231533,0.015068145139978366
MOEA/D-GP,14,20,0.6373417566109877,0.05986812504441259
MOEA/D-GP,14,30,0.6696193788810458,0.05098595578807294
MOEA/D-GP,14,40,0.6889174719599063,0.046072395904029
MOEA/D-GP,14,50,0.7065461905023236,0.040619380388377396
MOEA/D-GP,14,60,0.7136307798352322,0.037369997396978535
MOEA/D-GP,14,70,0.7387859768872898,0.033129755485359916
MOEA/D-GP,14,80,0.7531219290922728,0.029810386938219354
MOEA/D-GP,14,90,0.766577612359464,0.027129719406207568
MOEA/D-GP,14,100,0.7825602936620921,0.024887929108215766
MOEA/D-GP,14,110,0.7869297223766146,0.023723180607602888
MOEA/D-GP,14,120,0.7987960710571465,0.022459214652063582
MOEA/D-GP,14,130,0.7990186043890888,0.020169505956031005
MOEA/D-GP,14,140,0.8128305821939165,0.020230789331410252
MOEA/D-GP,14,150,0.8198408376626622,0.01832166918735219
MOEA/D-GP,14,160,0.8164159371741695,0.016985767518940674
MOEA/D-GP,14,170,0.8165683019461705,0.01745889352974132
MOEA/D-GP,14,180,0.8271446861092655,0.01767552945669818
MOEA/D-GP,14,190,0.8282891330279295,0.01488022868048705
MOEA/D-GP,14,200,0.8371758371729267,0.01550911036765259
MOEA/D-GP,15,20,0.6453212218074103,0.06063321132574219
MOEA/D-GP,15,30,0.6623333417321364,0.052537826084230084
MOEA/D-GP,15,40,0.6817863530465273,0.04599901634069184
MOEA/D-GP,15,50,0.7075015513553209,0.042401837860112666
MOEA/D-GP,15,60,0.7210248958846349,0.03779063234915128
MOEA/D-GP,15,70,0.7391341606063391,0.03455085256853733
MOEA/D-GP,15,80,0.7590112373705551,0.029561426351450867
MOEA/D-GP,15,90,0.771897462037696,0.027298111512451522
MOEA/D-GP,15,100,0.7739737865310288,0.026328365665087287
MOEA/D-GP,15,110,0.7783055312218641,0.024827261736592447
MOEA/D-GP,15,120,0.7918185963410385,0.023018949903375167
MOEA/D-GP,15,130,0.7979008106454353,0.019776452412642267
MOEA/D-GP,15,140,0.8065013537537971,0.02046798448448965
MOEA/D-GP,15,150,0.806734017660386,0.019596410146176503
MOEA/D-GP,15,160,0.8205642041851151,0.01769049459162684
MOEA/D-GP,15,170,0.8212989715286428,0.01669648902686558
MOEA/D-GP,15,180,0.8255793936236542,0.01706735954313237
MOEA/D-GP,15,190,0.8168473379010501,0.015147102977547525
MOEA/D-GP,15,200,0.8321939994009654,0.015776952139129625
MOEA/D-GP,16,20,0.6460915761839905,0.06048205032373906
MOEA/D-GP,16,30,0.6562244380798568,0.05265271996839743
MOEA/D-GP,16,40,0.6865772517400106,0.04699495392235637
MOEA/D-GP,16,50,0.7112742577829612,0.04126811156644049
MOEA/D-GP,16,60,0.7318089987108484,0.03664261006537423
MOEA/D-GP,16,70,0.7377958964910898,0.03399952108851451
MOEA/D-GP,16,80,0.7538411798241161,0.03147548664611826
MOEA/D-GP,16,90,0.7755676650998693,0.028156701925615344
MOEA/D-GP,16,100,0.7823484311581107,0.026791004660842933
MOEA/D-GP,16,110,0.7912727458598408,0.024057964767473572
MOEA/D-GP,16,120,0.7973835080322718,0.02228473208530522
MOEA/D-GP,16,130,0.8018982366057006,0.020578309909439214
MOEA/D-GP,16,140,0.8187979198898486,0.019481260086503048
MOEA/D-GP,16,150,0.8144193637189712,0.0182633640895516
MOEA/D-GP,16,160,0.8159311208624151,0.017563309947340237
MOEA/D-GP,16,170,0.8157710155994657,0.016880613355167717
MOEA/D-GP,16,180,0.827085409459246,0.016310844412237277
MOEA/D-GP,16,190,0.8391689148420574,0.015159315939720898
MOEA/D-GP,16,200,0.8390952620725819,0.01741684880079037
MOEA/D-GP,17,20,0.6434616858449796,0.059640978412112265
MOEA/D-GP,17,30,0.6609033004721755,0.05285510803341258
MOEA/D-GP,17,40,0.6872880973120099,0.04901843099114887
MOEA/D-GP,17,50,0.7090525856359262,0.04196548185182909
MOEA/D-GP,17,60,0.7239480885684466,0.03724284046954906
MOEA/D-GP,17,70,0.7496535601075699,0.03343379388844456
MOEA/D-GP,17,80,0.7562699700731031,0.03104198489862443
MOEA/D-GP,17,90,0.7701100386286175,0.02794167457278926
MOEA/D-GP,17,100,0.7786034689930872,0.02520828992142816
MOEA/D-GP,17,110,0.7954888881610014,0.024639673278515822
MOEA/D-GP,17,120,0.792763250334353,0.022073603756358737
MOEA/D-GP,17,130,0.8025470628153923,0.021270398998875218
MOEA/D-GP,17,140,0.8116265979958338,0.019431755615295865
MOEA/D-GP,17,150,0.8131804199302228,0.019211055611022664
MOEA/D-GP,17,160,0.8280896326324373,0.017339241069007635
MOEA/D-GP,17,170,0.8323462357282213,0.016418854432173485
MOEA/D-GP,17,180,0.8320956023249517,0.015767696484138453
MOEA/D-GP,17,190,0.8301025997843977,0.016039174116119173
MOEA/D-GP,17,200,0.8346765519998386,0.015545058582036935
MOEA/D-GP,18,20,0.6387930058283955,0.060602357108420636
MOEA/D-GP,18,30,0.663912594507047,0.052443470406364996
MOEA/D-GP,18,40,0.691879614420833,0.046819512892016205
MOEA/D-GP,18,50,0.702655722651451,0.043052000229362536
MOEA/D-GP,18,60,0.7293907222649388,0.03739325072347344
MOEA/D-GP,18,70,0.7382350204774146,0.03351147425244249
MOEA/D-GP,18,80,0.7623058711050131,0.031326340481590956
MOEA/D-GP,18,90,0.7690944405586673,0.027641058950033374
MOEA/D-GP,18,100,0.7741704283739648,0.026891554905046338
MOEA/D-GP,18,110,0.7901438343016634,0.024227588678747827
MOEA/D-GP,18,120,0.7936015872444782,0.02333282478136884
MOEA/D-GP,18,130,0.8080484883459571,0.01983367732577308
MOEA/D-GP,18,140,0.7995436929612159,0.01982766910934874
MOEA/D-GP,18,150,0.8121142799754779,0.01893258091736331
MOEA/D-GP,18,160,0.8094539132399656,0.01777370969228541
MOEA/D-GP,18,170,0.8247406958309308,0.015404358312417672
MOEA/D-GP,18,180,0.8218040780265834,0.016133673063546548
MOEA/D-GP,18,190,0.8355678841312318,0.015543203674324182
MOEA/D-GP,18,200,0.8364643505725016,0.014507774819864414
MOEA/D-GP,19,20,0.6339883041729489,0.0597042826534408
MOEA/D-GP,19,30,0.668654922099882,0.052242783935847886
MOEA/D-GP,19,40,0.6855347852061991,0.04621861633476576
MOEA/D-GP,19,50,0.7048824894156592,0.041503411285820774
MOEA/D-GP,19,60,0.7316732068522007,0.03674979462616554
MOEA/D-GP,19,70,0.7426552025467045,0.03406482551087986
MOEA/D-GP,19,80,0.7584645467452028,0.031320263205442324
MOEA/D-GP,19,90,0.7700417049074322,0.028252993047806832
MOEA/D-GP,19,100,0.7763423030006726,0.025873313064596414
MOEA/D-GP,19,110,0.7866595317662712,0.02464963665065388
MOEA/D-GP,19,120,0.7931554794586574,0.023351413930466365
MOEA/D-GP,19,130,0.7980455041670542,0.019440405336470092
MOEA/D-GP,19,140,0.8010732163272913,0.020416376614607275
MOEA/D-GP,19,150,0.8109512993980806,0.018087080286629986
MOEA/D-GP,19,160,0.821227932494074,0.016972330780101505
MOEA/D-GP,19,170,0.8203471381486052,0.01641690312381204
MOEA/D-GP,19,180,0.8294447003864209,0.015545676605146318
MOEA/D-GP,19,190,0.8309385021432918,0.01579681788760808
MOEA/D-GP,19,200,0.8339779202310104,0.015556404349695649
MOEA/D-GP,20,20,0.641748665236189,0.060260223332648064
MOEA/D-GP,20,30,0.6587156227713498,0.05264604228218334
MOEA/D-GP,20,40,0.6928934691304928,0.048763634204091695
MOEA/D-GP,20,50,0.7047478153857233,0.04166554851911614
MOEA/D-GP,20,60,0.719467679954051,0.036478520429085434
MOEA/D-GP,20,70,0.7431017882536689,0.03439337875950738
MOEA/D-GP,20,80,0.7539341198183513,0.03134206450898624
MOEA/D-GP,20,90,0.7691151608114509,0.02727251140752416
MOEA/D-GP,20,100,0.770406580436821,0.026542883510464174
MOEA/D-GP,20,110,0.7867967664806654,0.02316618699281425
MOEA/D-GP,20,120,0.7973343379555033,0.02171138609152226
MOEA/D-GP,20,130,0.8022212499055295,0.02182113681978382
MOEA/D-GP,20,140,0.8048233080407812,0.018436090071838305
MOEA/D-GP,20,150,0.8089111708536548,0.01832307412946477
MOEA/D-GP,20,160,0.8200502948520918,0.01620100182304896
MOEA/D-GP,20,170,0.8238099711576191,0.017268414669477507
MOEA/D-GP,20,180,0.8310314088168916,0.01730477166226998
MOEA/D-GP,20,190,0.8363081355603508,0.01431441183601401
MOEA/D-GP,20,200,0.8296344819854292,0.014355772560972977
MOEA/D-GP,21,20,0.6334662117839296,0.060796889216628715
MOEA/D-GP,21,30,0.6657338733268401,0.053403072041319
MOEA/D-GP,21,40,0.6876520952692684,0.04707070010308382
MOEA/D-GP,21,50,0.7096695410091514,0.0417432717787639
MOEA/D-GP,21,60,0.7228891421315209,0.03772074351700294
MOEA/D-GP,21,70,0.7395323411133821,0.03362465892568579
MOEA/D-GP,21,80,0.7549409837018618,0.02941520473602435
MOEA/D-GP,21,90,0.7755332941247087,0.027782573808813014
MOEA/D-GP,21,100,0.7749169899650142,0.025931356335409727
MOEA/D-GP,21,110,0.7938462674863827,0.023532712185553042
MOEA/D-GP,21,120,0.7938172935728055,0.02321438694676258
MOEA/D-GP,21,130,0.8094845352260694,0.021891509831094964
MOEA/D-GP,21,140,0.8141572249080168,0.019028019905279733
MOEA/D-GP,21,150,0.8108084683176834,0.017123782324123846
MOEA/D-GP,21,160,0.8119815737306327,0.016457305624146365
MOEA/D-GP,21,170,0.8302006596980636,0.017959853376019047
MOEA/D-GP,21,180,0.8259061159596705,0.017645571806876256
MOEA/D-GP,21,190,0.8350122483695771,0.015726523118284416
MOEA/D-GP,21,200,0.8419593066049825,0.015762393017322008
MOEA/D-GP,22,20,0.6504453417497816,0.05922710778891655
MOEA/D-GP,22,30,0.670062902847808,0.051823720987916336
MOEA/D-GP,22,40,0.68824558988369,0.04650315782890518
MOEA/D-GP,22,50,0.7071890357194213,0.042084567419613944
MOEA/D-GP,22,60,0.7226437743575437,0.03741206128874184
MOEA/D-GP,22,70,0.735336508537191,0.03358422568839271
MOEA/D-GP,22,80,0.7594658061387674,0.030294095531626326
MOEA/D-GP,22,90,0.7718741594033427,0.028149097734584863
MOEA/D-GP,22,100,0.7851718006081834,0.025604624954605117
MOEA/D-GP,22,110,0.7912267500863328,0.02403815412411834
MOEA/D-GP,22,120,0.802751092206393,0.022098032843773298
MOEA/D-GP,22,130,0.8067903462521251,0.020890218497822317
MOEA/D-GP,22,140,0.808289409734346,0.01901177601528488
MOEA/D-GP,22,150,0.8170888136245711,0.018388063034224997
MOEA/D-GP,22,160,0.824781911431338,0.018580051979173038
MOEA/D-GP,22,170,0.8292661433538612,0.017125628291585905
MOEA/D-GP,22,180,0.8309460617307372,0.015435528320923602
MOEA/D-GP,22,190,0.8380235947650575,0.01678626631801704
MOEA/D-GP,22,200,0.8393188417115353,0.015650898342907848
MOEA/D-GP,23,20,0.630851525185507,0.0590579475315784
MOEA/D-GP,23,30,0.6680028649173075,0.05275570518047539
MOEA/D-GP,23,40,0.6847310883486005,0.046345466004797206
MOEA/D-GP,23,50,0.7067906520855212,0.04235745741581597
MOEA/D-GP,23,60,0.7265725638240133,0.03642420871883581
MOEA/D-GP,23,70,0.7358242603366058,0.03272538640397221
MOEA/D-GP,23,80,0.7636752702090057,0.030196409371782813
MOEA/D-GP,23,90,0.7642995889642337,0.027417672692183707
MOEA/D-GP,23,100,0.7745225077595199,0.025826913488959567
MOEA/D-GP,23,110,0.7864492902866554,0.023803317574291473
MOEA/D-GP,23,120,0.7940363803233569,0.022405765422311014
MOEA/D-GP,23,130,0.8010197324536138,0.02028555638405068
MOEA/D-GP,23,140,0.8086780504502727,0.02008843948119457
MOEA/D-GP,23,150,0.8101545351343863,0.019278660929452424
MOEA/D-GP,23,160,0.8209339615598402,0.018206406950746632
MOEA/D-GP,23,170,0.8265514627585666,0.017302385502689407
MOEA/D-GP,23,180,0.8167337738203961,0.017218007425955407
MOEA/D-GP,23,190,0.8285195214167649,0.015119529755962865
MOEA/D-GP,23,200,0.845745818353769,0.01459914693406091
MOEA/D-GP,24,20,0.6416704186774308,0.05956710115820491
MOEA/D-GP,24,30,0.6669997675747175,0.052319997010206495
MOEA/D-GP,24,40,0.6893029774497649,0.04650679706408634
MOEA/D-GP,24,50,0.7130532731146657,0.041672280718644664
MOEA/D-GP,24,60,0.7254077281225326,0.03770341695289601
MOEA/D-GP,24,70,0.7340623030807893,0.034894876393611836
MOEA/D-GP,24,80,0.7545670767957294,0.029780946907916224
MOEA/D-GP,24,90,0.769072398027161,0.02805777120560746
MOEA/D-GP,24,100,0.7740744654777055,0.0251633449418634
MOEA/D-GP,24,110,0.784171914459232,0.02334607029939412
MOEA/D-GP,24,120,0.8010241023314346,0.021815351203192522
MOEA/D-GP,24,130,0.801319365209059,0.021275196338010584
MOEA/D-GP,24,140,0.8081192413143835,0.018718375019862225
MOEA/D-GP,24,150,0.8160879439512964,0.017760375168557007
MOEA/D-GP,24,160,0.8170363319840672,0.01798858051482538
MOEA/D-GP,24,170,0.8177567318022645,0.016828240305744778
MOEA/D-GP,24,180,0.83429020788409,0.016819368950468934
MOEA/D-GP,24,190,0.8302020343218987,0.016645887533070024
MOEA/D-GP,24,200,0.8304661785187256,0.014832185780657092
MOEA/D-GP,25,20,0.64251286449819,0.06032459332814932
MOEA/D-GP,25,30,0.6629953488480582,0.05276585469590734
MOEA/D-GP,25,40,0.6918458578927378,0.04727105157773026
MOEA/D-GP,25,50,0.707660998279552,0.04238199673843698
MOEA/D-GP,25,60,0.7376465035951059,0.03738475733682648
MOEA/D-GP,25,70,0.7477647130138481,0.03449664713537447
MOEA/D-GP,25,80,0.7614351598645042,0.03084741384265314
MOEA/D-GP,25,90,0.7697621458276132,0.028436582315553426
MOEA/D-GP,25,100,0.7824720893721158,0.02672616646054494
MOEA/D-GP,25,110,0.7927402438925607,0.024713999044271007
MOEA/D-GP,25,120,0.8005177186616285,0.02228733253996457
MOEA/D-GP,25,130,0.8091176664663027,0.01974221589295837
MOEA/D-GP,25,140,0.8149258422966448,0.020210159634826495
MOEA/D-GP,25,150,0.8206749977879096,0.018664418276908235
MOEA/D-GP,25,160,0.8269040392895481,0.018173199165923203
MOEA/D-GP,25,170,0.8227670680126496,0.016815552447107855
MOEA/D-GP,25,180,0.8205484118066871,0.01622357402973247
MOEA/D-GP,25,190,0.8338981703378352,0.014036974801638787
MOEA/D-GP,25,200,0.8410121345823168,0.01584282790473665
MOEA/D-GP,26,20,0.6365529071302134,0.060588915569376324
MOEA/D-GP,26,30,0.6680093190488638,0.052977399451462716
MOEA/D-GP,26,40,0.6895002991818268,0.04705178060849359
MOEA/D-GP,26,50,0.712814344953886,0.04181559235093167
MOEA/D-GP,26,60,0.722871098210884,0.03875291963398888
MOEA/D-GP,26,70,0.7485474981204011,0.03484969511855342
MOEA/D-GP,26,80,0.7484614569387367,0.03160728684141166
MOEA/D-GP,26,90,0.7615680337730101,0.027342077022613445
MOEA/D-GP,26,100,0.7695256059904121,0.02614215766443201
MOEA/D-GP,26,110,0.7905514263431448,0.023717221223796603
MOEA/D-GP,26,120,0.7997320811101747,0.02297112012374012
MOEA/D-GP,26,130,0.8056337756320929,0.020045874365691815
MOEA/D-GP,26,140,0.8005700525532122,0.02027303104561611
MOEA/D-GP,26,150,0.81596983730188,0.020065404369548175
MOEA/D-GP,26,160,0.8145783172765435,0.01664503233262185
MOEA/D-GP,26,170,0.8188723164488387,0.015806182361570192
MOEA/D-GP,26,180,0.8311703170760365,0.015912884050225458
MOEA/D-GP,26,190,0.8347015872544579,0.01693373645602643
MOEA/D-GP,26,200,0.8209601457364177,0.01658263908318869
MOEA/D-GP,27,20,0.6360408836717223,0.06093678254897511
MOEA/D-GP,27,30,0.6661010770696677,0.0527606623025501
MOEA/D-GP,27,40,0.6915176958800924,0.046875807006647126
MOEA/D-GP,27,50,0.7099789590154548,0.04244256252528434
MOEA/D-GP,27,60,0.7249743229547738,0.037075814042354015
MOEA/D-GP,27,70,0.7371202584985637,0.033371050002418856
MOEA/D-GP,27,80,0.7501924815546769,0.02991253419141804
MOEA/D-GP,27,90,0.7631860675159742,0.02727115224088441
MOEA/D-GP,27,100,0.77403168759638,0.025246458349211135
MOEA/D-GP,27,110,0.7910343355446227,0.02439970889020439
MOEA/D-GP,27,120,0.7955572618074171,0.02294779351525911
MOEA/D-GP,27,130,0.803120461831487,0.02191257779444284
MOEA/D-GP,27,140,0.8094204725315308,0.019836235787752614
MOEA/D-GP,27,150,0.8130121942909628,0.018982438344181743
MOEA/D-GP,27,160,0.8199711631599279,0.017740918071626605
MOEA/D-GP,27,170,0.82139105980224,0.01673020931204502
MOEA/D-GP,27,180,0.82110218624606,0.01622862661237737
MOEA/D-GP,27,190,0.8332577546541577,0.015804835213718633
MOEA/D-GP,27,200,0.8316519033753297,0.015388108165557572
MOEA/D-GP,28,20,0.6394950096820332,0.05998767597152514
MOEA/D-GP,28,30,0.674498229030188,0.05224143194790102
MOEA/D-GP,28,40,0.6918828018006202,0.045834895061492874
MOEA/D-GP,28,50,0.7074542528348594,0.041793183221954015
MOEA/D-GP,28,60,0.7251811478038522,0.038089088552465886
MOEA/D-GP,28,70,0.7329312632325886,0.03432711696519645
MOEA/D-GP,28,80,0.760022869989624,0.029622692507044107
MOEA/D-GP,28,90,0.7687267032108023,0.026028609592568353
MOEA/D-GP,28,100,0.7791671588450043,0.02687900389176325
MOEA/D-GP,28,110,0.778701081968736,0.024507486787356
MOEA/D-GP,28,120,0.7919398985375604,0.021219943974068345
MOEA/D-GP,28,130,0.8068429276035657,0.019848569596799998
MOEA/D-GP,28,140,0.8111992892615869,0.019226395444754348
MOEA/D-GP,28,150,0.8161925813804001,0.019187800013611086
MOEA/D-GP,28,160,0.8188993038715603,0.01662438828368001
MOEA/D-GP,28,170,0.8187138462559062,0.016951301234770372
MOEA/D-GP,28,180,0.8304232625768401,0.015337694704970088
MOEA/D-GP,28,190,0.8249998468514829,0.015215530498967397
MOEA/D-GP,28,200,0.8366672536517358,0.015652579875586676
MOEA/D-GP,29,20,0.6481524998079029,0.06041843820015486
MOEA/D-GP,29,30,0.6680508749252765,0.05264902476494597
MOEA/D-GP,29,40,0.6868518799040261,0.04678717191248441
MOEA/D-GP,29,50,0.7094710772739135,0.04197616623131552
MOEA/D-GP,29,60,0.7256838190091328,0.037192808641329865
MOEA/D-GP,29,70,0.749983754152346,0.033970068710335616
MOEA/D-GP,29,80,0.7507410407291829,0.030697125183608846
MOEA/D-GP,29,90,0.7776115681179794,0.027557573598247804
MOEA/D-GP,29,100,0.7762881634579604,0.026183521944796517
MOEA/D-GP,29,110,0.7932656113332874,0.022424047992404758
MOEA/D-GP,29,120,0.7983348618819782,0.021399843392470256
MOEA/D-GP,29,130,0.8060801027406421,0.020706180688672717
MOEA/D-GP,29,140,0.8166888229515001,0.020168533621712195
MOEA/D-GP,29,150,0.8158054399244793,0.018152272301173427
MOEA/D-GP,29,160,0.8211150588130502,0.018061906372047774
MOEA/D-GP,29,170,0.8250645415585919,0.017024972276010297
MOEA/D-GP,29,180,0.8317424960094388,0.015471898961163471
MOEA/D-GP,29,190,0.8259197095522892,0.015116010129408181
MOEA/D-GP,29,200,0.8411773032132105,0.015371812681021432
MOEA/D-GP,30,20,0.6371779827453086,0.06032827594776044
MOEA/D-GP,30,30,0.664877266597198,0.0531442826205852
MOEA/D-GP,30,40,0.6872694596699991,0.04818110017647621
MOEA/D-GP,30,50,0.7119815927775822,0.041440700129799564
MOEA/D-GP,30,60,0.7367603203873445,0.03825371104308457
MOEA/D-GP,30,70,0.7491862583207017,0.03378645989776833
MOEA/D-GP,30,80,0.7609738209896921,0.029678396291139348
MOEA/D-GP,30,90,0.7720918719431953,0.027746258806564984
MOEA/D-GP,30,100,0.7945483449657132,0.027362033600580694
MOEA/D-GP,30,110,0.7926083771877451,0.024048528095305843
MOEA/D-GP,30,120,0.8044622567114004,0.022170768983460393
MOEA/D-GP,30,130,0.8168429586296181,0.019062026677506994
MOEA/D-GP,30,140,0.8111778478935757,0.01955509606643981
MOEA/D-GP,30,150,0.821412851283521,0.018464268608860867
MOEA/D-GP,30,160,0.8303134974553742,0.017609989367263552
MOEA/D-GP,30,170,0.8343985601405294,0.01598700382175812
MOEA/D-GP,30,180,0.8337696790150567,0.016374974917997408
MOEA/D-GP,30,190,0.8420924380522473,0.0161795995947938
MOEA/D-GP,30,200,0.8375854773405194,0.015446839218349178
SMS-EGO,1,20,0.6346341924959344,0.061302809749177976
SMS-EGO,1,30,0.6559546575747449,0.054365813293837446
SMS-EGO,1,40,0.6757168593704826,0.04948519250121373
SMS-EGO,1,50,0.7062735652818086,0.04396634179865418
SMS-EGO,1,60,0.7137103526715931,0.039701006740430936
SMS-EGO,1,70,0.727605506227812,0.035862327049933515
SMS-EGO,1,80,0.7357727827339536,0.03366090122609463
SMS-EGO,1,90,0.7458720771148103,0.030141800391946385
SMS-EGO,1,100,0.7616706293486085,0.028215403308575634
SMS-EGO,1,110,0.7700949485506074,0.02637512719108267
SMS-EGO,1,120,0.7772810163182944,0.0248614572482703
SMS-EGO,1,130,0.7827260079837194,0.025239864203634065
SMS-EGO,1,140,0.7875311089797916,0.02148917960112821
SMS-EGO,1,150,0.793308629825989,0.02082516906307374
SMS-EGO,1,160,0.7960262242278775,0.019569460352395773
SMS-EGO,1,170,0.8097648083107246,0.020117823704248014
SMS-EGO,1,180,0.8006816567395159,0.017788891349960496
SMS-EGO,1,190,0.8122308680991923,0.01801651211423532
SMS-EGO,1,200,0.816058962977072,0.017408614561088543
SMS-EGO,2,20,0.6457405690100154,0.06131151971036655
SMS-EGO,2,30,0.6594904680066664,0.05494760736940324
SMS-EGO,2,40,0.6816673778808789,0.048877993891052116
SMS-EGO,2,50,0.7048105791854958,0.044716979527810306
SMS-EGO,2,60,0.7173573187754705,0.04017466044638021
SMS-EGO,2,70,0.7424116505599518,0.03612779740218887
SMS-EGO,2,80,0.7482659394092702,0.032553027995685935
SMS-EGO,2,90,0.7675373754779415,0.032215405761820706
SMS-EGO,2,100,0.7706168272512414,0.028095128680300598
SMS-EGO,2,110,0.7791739950113606,0.026215167063230137
SMS-EGO,2,120,0.7912324462812992,0.02363598548465918
SMS-EGO,2,130,0.795493545998463,0.02345304508398688
SMS-EGO,2,140,0.800826246722762,0.02153773059224727
SMS-EGO,2,150,0.8070058593725123,0.019988286353276326
SMS-EGO,2,160,0.8158782677144599,0.018889199169819827
SMS-EGO,2,170,0.8146948373506093,0.019491577915145306
SMS-EGO,2,180,0.8275911789199297,0.016907488107395317
SMS-EGO,2,190,0.8300977578731328,0.017337204029915457
SMS-EGO,2,200,0.8261036527970322,0.0171783720749502
SMS-EGO,3,20,0.6361747553521035,0.06082910097336112
SMS-EGO,3,30,0.6586443645068404,0.053551174388538715
SMS-EGO,3,40,0.6804695324204374,0.047745335873310125
SMS-EGO,3,50,0.7038505913186289,0.042914725769621125
SMS-EGO,3,60,0.7199398603456151,0.04041370090971098
SMS-EGO,3,70,0.7328758596249157,0.035152981983552385
SMS-EGO,3,80,0.7479502841661095,0.03275310329827853
SMS-EGO,3,90,0.7518436229651829,0.031257785351269454
SMS-EGO,3,100,0.7634211957108857,0.028523581095488183
SMS-EGO,3,110,0.7757332324170875,0.02683429260722124
SMS-EGO,3,120,0.7842774730120452,0.023671234797645498
SMS-EGO,3,130,0.7917638067448566,0.023763375031791635
SMS-EGO,3,140,0.8022701167291932,0.02307799681480135
SMS-EGO,3,150,0.805021206834399,0.020028843178925202
SMS-EGO,3,160,0.8118073065550581,0.018854026896490097
SMS-EGO,3,170,0.8134500133641209,0.01951007856574767
SMS-EGO,3,180,0.8167068912008488,0.017891924630945428
SMS-EGO,3,190,0.8214202395136123,0.018669326405635796
SMS-EGO,3,200,0.8247811847211856,0.016854457234961286
SMS-EGO,4,20,0.6355694658117141,0.060839986613823074
SMS-EGO,4,30,0.655513903310263,0.05393863176251362
SMS-EGO,4,40,0.6818764049444166,0.048704151435321155
SMS-EGO,4,50,0.6990853286882381,0.044240893862806496
SMS-EGO,4,60,0.7243468890861061,0.03847884111471125
SMS-EGO,4,70,0.7333695722743687,0.037188208953284764
SMS-EGO,4,80,0.7426905886633027,0.03213944456815639
SMS-EGO,4,90,0.758648240039721,0.03084627083045214
SMS-EGO,4,100,0.7667796065110041,0.026756098940627096
SMS-EGO,4,110,0.776238447138236,0.02625357288022179
SMS-EGO,4,120,0.7810334634389333,0.025980447118129694
SMS-EGO,4,130,0.7915930518532552,0.022829882267110767
SMS-EGO,4,140,0.7919022687941087,0.022141981769999892
SMS-EGO,4,150,0.7994444720432211,0.020828295220980782
SMS-EGO,4,160,0.8145843058470872,0.019783521635717873
SMS-EGO,4,170,0.8133041462461802,0.019233920355052878
SMS-EGO,4,180,0.8195984396459481,0.01840389192825826
SMS-EGO,4,190,0.823030076058765,0.017023266535052376
SMS-EGO,4,200,0.8178660938011906,0.016046415917298818
SMS-EGO,5,20,0.6330437042721054,0.06100515962099752
SMS-EGO,5,30,0.6631879423390872,0.05422431418865459
SMS-EGO,5,40,0.6850419091369359,0.04970511761793173
SMS-EGO,5,50,0.6993621639424676,0.04479522564954603
SMS-EGO,5,60,0.7230789954266242,0.03933480046657626
SMS-EGO,5,70,0.7285961879471826,0.036757575298560066
SMS-EGO,5,80,0.7425212708162199,0.03286301411373103
SMS-EGO,5,90,0.7593785836238285,0.031010551570953303
SMS-EGO,5,100,0.76898389598574,0.028356500789006336
SMS-EGO,5,110,0.7818489427051936,0.02522053793013963
SMS-EGO,5,120,0.7864449633840247,0.023638510335526972
SMS-EGO,5,130,0.7979572091503214,0.02401634019508209
SMS-EGO,5,140,0.7994800500854417,0.020902934137927383
SMS-EGO,5,150,0.8098923387983811,0.020052660533780547
SMS-EGO,5,160,0.8107594055002899,0.020708488717318004
SMS-EGO,5,170,0.8188833421168409,0.018099421150461405
SMS-EGO,5,180,0.8128760329595758,0.018785339414556904
SMS-EGO,5,190,0.828305896183751,0.017879165361674516
SMS-EGO,5,200,0.8261690218957268,0.016449323675195325
SMS-EGO,6,20,0.6365540489415067,0.06163836737725317
SMS-EGO,6,30,0.6626036210615428,0.05379550881006103
SMS-EGO,6,40,0.6783231493084435,0.04906972299310323
SMS-EGO,6,50,0.7028044966949153,0.04287728894010305
SMS-EGO,6,60,0.7111734433496499,0.03965630219859523
SMS-EGO,6,70,0.7338389325645294,0.03588336111278931
SMS-EGO,6,80,0.742006870096061,0.03355573197589278
SMS-EGO,6,90,0.748540268096435,0.030115037046416916
SMS-EGO,6,100,0.7594539344690459,0.027370020407396303
SMS-EGO,6,110,0.7618585740909193,0.026941582553699862
SMS-EGO,6,120,0.7786489600772866,0.023369114370131627
SMS-EGO,6,130,0.7942579584426245,0.023326411577093045
SMS-EGO,6,140,0.7835264209755822,0.020993154834434202
SMS-EGO,6,150,0.7998243146647208,0.021482448762188723
SMS-EGO,6,160,0.7965158370324913,0.019301148875828362
SMS-EGO,6,170,0.8032901760810903,0.019308783063344468
SMS-EGO,6,180,0.808730663025633,0.01805092503039617
SMS-EGO,6,190,0.8166770044736331,0.017585676769968066
SMS-EGO,6,200,0.812877028943783,0.018908628107140113
SMS-EGO,7,20,0.6401396277895535,0.06209743364986077
SMS-EGO,7,30,0.664916454159176,0.054371870175881847
SMS-EGO,7,40,0.6856907278038855,0.048262704534670416
SMS-EGO,7,50,0.6980026199036005,0.04367729888142737
SMS-EGO,7,60,0.7151075857784475,0.03977858180134719
SMS-EGO,7,70,0.7322120251711214,0.035985638928813464
SMS-EGO,7,80,0.7507802414364164,0.03300264104387711
SMS-EGO,7,90,0.7534051823393207,0.030103560245812396
SMS-EGO,7,100,0.7660903649131596,0.02787245966873719
SMS-EGO,7,110,0.7734832291942755,0.02609496283126467
SMS-EGO,7,120,0.7791706427372209,0.024282606950240284
SMS-EGO,7,130,0.7906889705667425,0.02140766765220368
SMS-EGO,7,140,0.7958765120664804,0.022443137214201644
SMS-EGO,7,150,0.8085033401656221,0.020387554171877494
SMS-EGO,7,160,0.8058550593786862,0.019034833432091742
SMS-EGO,7,170,0.8116062908110937,0.01987714079483446
SMS-EGO,7,180,0.8156486385068383,0.01897491040303838
SMS-EGO,7,190,0.8237823802650159,0.016545483745581062
SMS-EGO,7,200,0.8227863531556627,0.01648167652162739
SMS-EGO,8,20,0.6288271978803511,0.06100430142836524
SMS-EGO,8,30,0.6568852211008502,0.05350925056618474
SMS-EGO,8,40,0.6755929988789349,0.049300598416023175
SMS-EGO,8,50,0.698538108820533,0.045488196591081845
SMS-EGO,8,60,0.707969767346138,0.040426225680595895
SMS-EGO,8,70,0.727293505487584,0.03531967053920402
SMS-EGO,8,80,0.74055758272073,0.03238481110053188
SMS-EGO,8,90,0.7485521686452189,0.031811652359081344
SMS-EGO,8,100,0.7640653803881031,0.028472974250714135
SMS-EGO,8,110,0.7700495891951747,0.02632263532859684
SMS-EGO,8,120,0.7815428985038222,0.024310416793362852
SMS-EGO,8,130,0.7831332724840947,0.022884150709942316
SMS-EGO,8,140,0.7857747264116565,0.021288159610840764
SMS-EGO,8,150,0.8045516782055682,0.021042266735289493
SMS-EGO,8,160,0.8003080064592709,0.019106220713752172
SMS-EGO,8,170,0.8050557943502681,0.01796361170987244
SMS-EGO,8,180,0.8092964963326071,0.019399854442935457
SMS-EGO,8,190,0.8142618560533279,0.016416577641913975
SMS-EGO,8,200,0.8193420999484934,0.01565005142766088
SMS-EGO,9,20,0.6365080240074121,0.06167558718565706
SMS-EGO,9,30,0.6627783774052938,0.05363853573833316
SMS-EGO,9,40,0.6734382118679786,0.048569565479981966
SMS-EGO,9,50,0.6915678534219997,0.04341300459392895
SMS-EGO,9,60,0.7153449398958813,0.039755677639149035
SMS-EGO,9,70,0.7277497081714054,0.036733451302570774
SMS-EGO,9,80,0.7452595869978971,0.03208663683895007
SMS-EGO,9,90,0.7516606214896167,0.03048591060308062
SMS-EGO,9,100,0.7611317756111945,0.026958348901123714
SMS-EGO,9,110,0.7742586459623982,0.02662614420067764
SMS-EGO,9,120,0.7697506966846155,0.02425454999488746
SMS-EGO,9,130,0.7787664400899846,0.022271545466317655
SMS-EGO,9,140,0.7910424755101737,0.02126856682689679
SMS-EGO,9,150,0.8000428789476307,0.020308064345994584
SMS-EGO,9,160,0.7932886008368979,0.018961297294271227
SMS-EGO,9,170,0.8103093961271474,0.018219703551318026
SMS-EGO,9,180,0.8175442819672343,0.01739468565472709
SMS-EGO,9,190,0.8193887930665879,0.01844774891280874
SMS-EGO,9,200,0.8079453250242227,0.01693546273287672
SMS-EGO,10,20,0.640851910614603,0.060336918570931125
SMS-EGO,10,30,0.6627951171526006,0.05503975967392892
SMS-EGO,10,40,0.6800048500238288,0.048931561825357794
SMS-EGO,10,50,0.7044837433484481,0.04359985581523615
SMS-EGO,10,60,0.7156681958024924,0.03932877409582632
SMS-EGO,10,70,0.7252299241105943,0.037024193336022554
SMS-EGO,10,80,0.7429434493789174,0.03393024839519446
SMS-EGO,10,90,0.7561947494937852,0.029582811363250874
SMS-EGO,10,100,0.7690644394947578,0.027703530875449224
SMS-EGO,10,110,0.7745154722326433,0.02570483127781462
SMS-EGO,10,120,0.7845789811569539,0.024067414753664283
SMS-EGO,10,130,0.7834731913086384,0.022888669162851743
SMS-EGO,10,140,0.7886497722273734,0.02036004937965226
SMS-EGO,10,150,0.8045886009153369,0.021485936321981678
SMS-EGO,10,160,0.8054504329345804,0.019426155885222427
SMS-EGO,10,170,0.8087754613941636,0.018925041299805535
SMS-EGO,10,180,0.8116719455793038,0.018416878903066255
SMS-EGO,10,190,0.8161055995969339,0.017749508287542466
SMS-EGO,10,200,0.8159697704008486,0.016931337870561024
SMS-EGO,11,20,0.6272690782721119,0.06204957031508751
SMS-EGO,11,30,0.6646476147638231,0.05555843871247281
SMS-EGO,11,40,0.6777546408407901,0.04798514909419405
SMS-EGO,11,50,0.7029640760384656,0.0439712871138715
SMS-EGO,11,60,0.7150937608131279,0.04104027611124867
SMS-EGO,11,70,0.7344242237742498,0.036658953564284454
SMS-EGO,11,80,0.742810685396586,0.033956343302592805
SMS-EGO,11,90,0.7578074169909321,0.030161157853036295
SMS-EGO,11,100,0.7730520879670646,0.028080421711645487
SMS-EGO,11,110,0.7730733216884752,0.02589327600431684
SMS-EGO,11,120,0.77986708487686,0.024562093061201638
SMS-EGO,11,130,0.7932444999348914,0.023581977982556013
SMS-EGO,11,140,0.7984083663100237,0.020739093939718373
SMS-EGO,11,150,0.8020620358767286,0.020815899091390214
SMS-EGO,11,160,0.8114531061026595,0.02017407727507217
SMS-EGO,11,170,0.817524270439397,0.018449922491371083
SMS-EGO,11,180,0.8156675799321262,0.018124771177565502
SMS-EGO,11,190,0.8234125730821232,0.01517345795387591
SMS-EGO,11,200,0.8193831561367657,0.016065364554046883
SMS-EGO,12,20,0.6356462441938658,0.06104697047233667
SMS-EGO,12,30,0.6628819126929865,0.05367172043113883
SMS-EGO,12,40,0.6710525436364737,0.0492880066363284
SMS-EGO,12,50,0.6968892917968811,0.044238143479961085
SMS-EGO,12,60,0.7156206807679069,0.03947947511724499
SMS-EGO,12,70,0.7218582216642835,0.036217732216874333
SMS-EGO,12,80,0.7437914080076143,0.0332922243792316
SMS-EGO,12,90,0.7525576358879369,0.030068937124449545
SMS-EGO,12,100,0.7667406608751348,0.028830593069010632
SMS-EGO,12,110,0.7747696115190631,0.02661472578969355
SMS-EGO,12,120,0.7827660252408345,0.024348735793475622
SMS-EGO,12,130,0.787759916740987,0.022624131495972723
SMS-EGO,12,140,0.7815821918726812,0.021603432593588028
SMS-EGO,12,150,0.7985767885684805,0.02099499896920235
SMS-EGO,12,160,0.8051327795140287,0.018126406880191986
SMS-EGO,12,170,0.8013763476482517,0.01887992703388791
SMS-EGO,12,180,0.8145324997556833,0.018505776624420007
SMS-EGO,12,190,0.8090823597928899,0.016508876540746883
SMS-EGO,12,200,0.8252234980344337,0.01776190117475626
SMS-EGO,13,20,0.6349274983074735,0.060961459024106275
SMS-EGO,13,30,0.657092871024316,0.054666866400197175
SMS-EGO,13,40,0.6805228910188235,0.04818867821190332
SMS-EGO,13,50,0.7037831288031835,0.04441449123320682
SMS-EGO,13,60,0.7183864299919277,0.03920427022416623
SMS-EGO,13,70,0.743569942897439,0.0361268775575474
SMS-EGO,13,80,0.7461728653777904,0.03289209374002842
SMS-EGO,13,90,0.7578980832490478,0.030314026704739868
SMS-EGO,13,100,0.7704375014432565,0.027587270585852856
SMS-EGO,13,110,0.7730506925935043,0.02615763953721731
SMS-EGO,13,120,0.7840372044843217,0.022875721112295022
SMS-EGO,13,130,0.787971316361014,0.023989490616312985
SMS-EGO,13,140,0.7997180516244877,0.02142533133166859
SMS-EGO,13,150,0.799284130735153,0.020196632881393704
SMS-EGO,13,160,0.8091405892715632,0.020090822547386693
SMS-EGO,13,170,0.8147220917780132,0.01901625729623946
SMS-EGO,13,180,0.8150366347584103,0.017783225017440188
SMS-EGO,13,190,0.8260949782429108,0.01834540177930822
SMS-EGO,13,200,0.8286200012025626,0.017697823519616383
SMS-EGO,14,20,0.6362933599957284,0.061902154623709876
SMS-EGO,14,30,0.6571755726595768,0.054216441849333386
SMS-EGO,14,40,0.6796558593183138,0.04924695737719603
SMS-EGO,14,50,0.7059361258275825,0.044585530369464874
SMS-EGO,14,60,0.7143513511216338,0.04028189946848158
SMS-EGO,14,70,0.7222151433916243,0.0362424415855181
SMS-EGO,14,80,0.7447716144347292,0.03402182436575483
SMS-EGO,14,90,0.7595041521295716,0.031295918924558956
SMS-EGO,14,100,0.7667574584339993,0.028200668775341484
SMS-EGO,14,110,0.7747246576073261,0.02611208800192087
SMS-EGO,14,120,0.7839240470706942,0.025338621716724997
SMS-EGO,14,130,0.7924074932902128,0.022633731653926088
SMS-EGO,14,140,0.8025478996432958,0.021308401285304784
SMS-EGO,14,150,0.7964964510114181,0.020454355530973294
SMS-EGO,14,160,0.7967035738799715,0.01912140578801852
SMS-EGO,14,170,0.8222518929635713,0.019144994216577237
SMS-EGO,14,180,0.8132206094306796,0.01798724584396855
SMS-EGO,14,190,0.8164899570845979,0.01794756734462361
SMS-EGO,14,200,0.8189889103339262,0.01667626298618218
SMS-EGO,15,20,0.6361421254965207,0.06059772621925086
SMS-EGO,15,30,0.6621126333694305,0.05314850946217526
SMS-EGO,15,40,0.6812317634340744,0.04994682964956466
SMS-EGO,15,50,0.6920877232729046,0.044003943300754876
SMS-EGO,15,60,0.7154425639542991,0.041046041468258625
SMS-EGO,15,70,0.7361004281383935,0.036718961790897356
SMS-EGO,15,80,0.7486512997374325,0.032029914384857104
SMS-EGO,15,90,0.7553936947054495,0.03099149923392764
SMS-EGO,15,100,0.7608350519620399,0.0280399955191531
SMS-EGO,15,110,0.780325221963552,0.02619161488053805
SMS-EGO,15,120,0.7836269912101906,0.023691581763890843
SMS-EGO,15,130,0.791440231937359,0.022868819583327624
SMS-EGO,15,140,0.7971800638308769,0.020684921411429177
SMS-EGO,15,150,0.7943287329747761,0.020191509752369607
SMS-EGO,15,160,0.8037077517124444,0.01943039077777835
SMS-EGO,15,170,0.8093378943620363,0.01801958661421034
SMS-EGO,15,180,0.8089793818989952,0.018528808975345194
SMS-EGO,15,190,0.8201419706453764,0.01782232193054129
SMS-EGO,15,200,0.8238266742352105,0.017306760979784716
SMS-EGO,16,20,0.6371381501897789,0.06162051013678295
SMS-EGO,16,30,0.6570099621356664,0.054519053909391595
SMS-EGO,16,40,0.6819536432422378,0.048804309974814074
SMS-EGO,16,50,0.6988994103789281,0.0449288293109533
SMS-EGO,16,60,0.7130781633695689,0.040817248490575754
SMS-EGO,16,70,0.732864352033668,0.03658835910674324
SMS-EGO,16,80,0.74080386129841,0.03290122234506777
SMS-EGO,16,90,0.7507843154008308,0.030435864505407383
SMS-EGO,16,100,0.7669113707862504,0.028233032269123288
SMS-EGO,16,110,0.7694110442880717,0.025706057600423528
SMS-EGO,16,120,0.7811339731465868,0.02513873895749656
SMS-EGO,16,130,0.7884758965129357,0.0239667526667898
SMS-EGO,16,140,0.7935989262914424,0.022694381062968772
SMS-EGO,16,150,0.80189594880731,0.021518885839303864
SMS-EGO,16,160,0.8054878864575736,0.019762212270377888
SMS-EGO,16,170,0.8158510899898734,0.019293281686571476
SMS-EGO,16,180,0.8048129498906454,0.018264679490616182
SMS-EGO,16,190,0.8155759768026808,0.018684898538377216
SMS-EGO,16,200,0.8219251164900021,0.0169093861200494
SMS-EGO,17,20,0.6357040669345208,0.060820977710037444
SMS-EGO,17,30,0.65824945452268,0.05394456022846366
SMS-EGO,17,40,0.6773678660582465,0.049620045903776236
SMS-EGO,17,50,0.703795360380083,0.044147769548397824
SMS-EGO,17,60,0.7179699317542774,0.0399469277069053
SMS-EGO,17,70,0.7243276743165912,0.03790328096448406
SMS-EGO,17,80,0.7404603233459541,0.03221455598189509
SMS-EGO,17,90,0.7475566679501063,0.031252975872400404
SMS-EGO,17,100,0.7590511937787938,0.028294516547502632
SMS-EGO,17,110,0.769732190465802,0.025742384486189724
SMS-EGO,17,120,0.7734908084922046,0.02487681455462249
SMS-EGO,17,130,0.7818113574189657,0.023322924551135167
SMS-EGO,17,140,0.7859161292195295,0.02112779734708789
SMS-EGO,17,150,0.7995685049603815,0.021295851817671112
SMS-EGO,17,160,0.8036212688078106,0.01997974444968582
SMS-EGO,17,170,0.8045250317121259,0.019296918945062715
SMS-EGO,17,180,0.8044074704349854,0.016960297655649995
SMS-EGO,17,190,0.8150657169068609,0.016610486997297294
SMS-EGO,17,200,0.8145065527889238,0.0172269407377562
SMS-EGO,18,20,0.6409658333790379,0.06274902911658138
SMS-EGO,18,30,0.661461140978972,0.05399788006379594
SMS-EGO,18,40,0.6869696451574768,0.04766231866362626
SMS-EGO,18,50,0.7063934438916948,0.044959511481692624
SMS-EGO,18,60,0.7165167134357023,0.04023432563066399
SMS-EGO,18,70,0.7264174621577061,0.036250969699986674
SMS-EGO,18,80,0.7537708735708322,0.033232100483498
SMS-EGO,18,90,0.7571684057371157,0.030268625833700488
SMS-EGO,18,100,0.7651021316324146,0.028394022245103144
SMS-EGO,18,110,0.7776146927700944,0.02621106678063225
SMS-EGO,18,120,0.7802619221936338,0.025391416687207683
SMS-EGO,18,130,0.7923138562741135,0.02192543688345423
SMS-EGO,18,140,0.8000418246428609,0.020136299308888737
SMS-EGO,18,150,0.8008330107400314,0.021942304642552125
SMS-EGO,18,160,0.819012607154939,0.019503967638873722
SMS-EGO,18,170,0.8128942057027031,0.018388376549969162
SMS-EGO,18,180,0.8215528080462885,0.01809869521207211
SMS-EGO,18,190,0.8237793857027854,0.016614374927056752
SMS-EGO,18,200,0.8342648760888178,0.018021550845144684
SMS-EGO,19,20,0.6461103955427718,0.06136505721102192
SMS-EGO,19,30,0.6626657089233083,0.055066441021983596
SMS-EGO,19,40,0.6783268169440362,0.048532045685640124
SMS-EGO,19,50,0.7046411454383491,0.04366914769970248
SMS-EGO,19,60,0.7227479810880096,0.0397176088199829
SMS-EGO,19,70,0.7294926817960423,0.035946298862621066
SMS-EGO,19,80,0.7427099393774179,0.03299845363348369
SMS-EGO,19,90,0.7572590071686274,0.03160728060298513
SMS-EGO,19,100,0.7693128799528728,0.027915843188090806
SMS-EGO,19,110,0.7789657452919283,0.025684805365176307
SMS-EGO,19,120,0.794474761714104,0.024738309922441446
SMS-EGO,19,130,0.793566733220619,0.022630209798324002
SMS-EGO,19,140,0.8017951890151348,0.020907332296357568
SMS-EGO,19,150,0.8131911890819715,0.020771296997663675
SMS-EGO,19,160,0.8114037970197224,0.01939342156965489
SMS-EGO,19,170,0.8211885174178862,0.019758836917393892
SMS-EGO,19,180,0.82561932859005,0.01846547857044943
SMS-EGO,19,190,0.8278985236541606,0.01837280278451344
SMS-EGO,19,200,0.8297841879696157,0.017706874609311682
SMS-EGO,20,20,0.632552981043574,0.06205337161766745
SMS-EGO,20,30,0.6567652097070368,0.055023934519539006
SMS-EGO,20,40,0.6825819374786009,0.04791722193091873
SMS-EGO,20,50,0.6917063275213314,0.04400629202946928
SMS-EGO,20,60,0.704523614117832,0.04146179695835631
SMS-EGO,20,70,0.7239190379225717,0.03553482252386797
SMS-EGO,20,80,0.741881073009756,0.0321239252497869
SMS-EGO,20,90,0.7503071857156819,0.03019299874933476
SMS-EGO,20,100,0.7505965268577626,0.028014575976401047
SMS-EGO,20,110,0.7640174270026017,0.027574067087933186
SMS-EGO,20,120,0.7745604712119296,0.02571543369239863
SMS-EGO,20,130,0.7774371535521912,0.023416445537791993
SMS-EGO,20,140,0.7851931839573079,0.02148112327323619
SMS-EGO,20,150,0.799059360180143,0.020724372297949288
SMS-EGO,20,160,0.8005060888705379,0.02036983311748859
SMS-EGO,20,170,0.8035681114105743,0.018407593478781473
SMS-EGO,20,180,0.8023807120003404,0.016980557979842412
SMS-EGO,20,190,0.8098475119966497,0.017498925274001504
SMS-EGO,20,200,0.8093942283472979,0.016943336017388854
SMS-EGO,21,20,0.6402717813988156,0.06227103953546019
SMS-EGO,21,30,0.6656207367884585,0.05484451534588916
SMS-EGO,21,40,0.675594532836648,0.04827179545709975
SMS-EGO,21,50,0.7096571965007836,0.043013236156635284
SMS-EGO,21,60,0.7226675579625892,0.03993784218562191
SMS-EGO,21,70,0.7331551893129749,0.034820419452531344
SMS-EGO,21,80,0.7499877327683697,0.03365701124718589
SMS-EGO,21,90,0.7522811671623191,0.028928359222816693
SMS-EGO,21,100,0.7655318828160138,0.027847130086943762
SMS-EGO,21,110,0.7748120987795698,0.025920431668015262
SMS-EGO,21,120,0.7899476964676546,0.023389743267926213
SMS-EGO,21,130,0.8033195158063209,0.02439663819207209
SMS-EGO,21,140,0.7949395449478582,0.021336378766380826
SMS-EGO,21,150,0.79961958730096,0.021414963852846247
SMS-EGO,21,160,0.8035369522758714,0.02112709188436554
SMS-EGO,21,170,0.8166771809412341,0.019142373877306076
SMS-EGO,21,180,0.8181909653081687,0.01795532097789806
SMS-EGO,21,190,0.8292986472782029,0.01754730478044672
SMS-EGO,21,200,0.8232025074408242,0.016744919954968525
SMS-EGO,22,20,0.6352230068037509,0.06095241278901143
SMS-EGO,22,30,0.6574225807700137,0.05450635688979464
SMS-EGO,22,40,0.6750988396025257,0.05003206587268367
SMS-EGO,22,50,0.7051088255940884,0.044503234831377164
SMS-EGO,22,60,0.7192873773158842,0.040500305810197576
SMS-EGO,22,70,0.7307385611892921,0.03652830126980166
SMS-EGO,22,80,0.7453591099874107,0.03231662572346027
SMS-EGO,22,90,0.7636291458643308,0.030423840568713476
SMS-EGO,22,100,0.773043158216591,0.027759523648877682
SMS-EGO,22,110,0.7716898354864515,0.025740574789480122
SMS-EGO,22,120,0.7837233775679832,0.024976399036664224
SMS-EGO,22,130,0.7885835181377325,0.022601120575406617
SMS-EGO,22,140,0.8009782777716208,0.02272566659925968
SMS-EGO,22,150,0.8019465452590333,0.020536471754255416
SMS-EGO,22,160,0.807651339639127,0.018852124183574497
SMS-EGO,22,170,0.8164689914805592,0.01919243888058671
SMS-EGO,22,180,0.814644290575433,0.018856327673930626
SMS-EGO,22,190,0.8180526398584879,0.017838352610920462
SMS-EGO,22,200,0.821068591723698,0.016374404001301527
SMS-EGO,23,20,0.6420153300850253,0.06150269539079356
SMS-EGO,23,30,0.657865389497561,0.05498493094769794
SMS-EGO,23,40,0.6834366862980296,0.04685290174409527
SMS-EGO,23,50,0.6963805678071566,0.04376985497680579
SMS-EGO,23,60,0.7073837794684549,0.0392835203180763
SMS-EGO,23,70,0.7358437707854405,0.036224406549479296
SMS-EGO,23,80,0.7340153939044292,0.03223823504130004
SMS-EGO,23,90,0.7570142174162093,0.029678949324980268
SMS-EGO,23,100,0.7531740986607534,0.0284488588497393
SMS-EGO,23,110,0.7678559661601292,0.027150580522771074
SMS-EGO,23,120,0.7781224951578826,0.02453957497626016
SMS-EGO,23,130,0.7845979619015748,0.022956661462710148
SMS-EGO,23,140,0.7939910388176975,0.021291711265987334
SMS-EGO,23,150,0.8012892863641188,0.01954605666773078
SMS-EGO,23,160,0.8095139116000722,0.021039082660836157
SMS-EGO,23,170,0.8139467511334099,0.019415407320061556
SMS-EGO,23,180,0.8206746045298838,0.01894067690909561
SMS-EGO,23,190,0.8269690721530419,0.01737288802505059
SMS-EGO,23,200,0.8169451028104783,0.018097632667420205
SMS-EGO,24,20,0.6335468979221321,0.061029444321377926
SMS-EGO,24,30,0.664115695169265,0.05551726315012942
SMS-EGO,24,40,0.6813655745233166,0.0483636074318847
SMS-EGO,24,50,0.6977638258066906,0.04491529096737042
SMS-EGO,24,60,0.7205251447096099,0.039823330675411855
SMS-EGO,24,70,0.7315369179859312,0.03599729291401283
SMS-EGO,24,80,0.7397771017597319,0.03255744814177734
SMS-EGO,24,90,0.7593375494172713,0.029340351559398355
SMS-EGO,24,100,0.7660238634290771,0.028116893222917938
SMS-EGO,24,110,0.7741427485032258,0.026746269566963576
SMS-EGO,24,120,0.7819836310908911,0.025318776850037552
SMS-EGO,24,130,0.7845506471008741,0.02273212310909329
SMS-EGO,24,140,0.7929230755718427,0.02241788350388695
SMS-EGO,24,150,0.8000800020574635,0.020845081263935566
SMS-EGO,24,160,0.8158687198573695,0.01967534014780816
SMS-EGO,24,170,0.8020808373579932,0.01798600648277185
SMS-EGO,24,180,0.8143609916585413,0.019113995094152514
SMS-EGO,24,190,0.8099083346143108,0.01685548225753384
SMS-EGO,24,200,0.8139044120434655,0.01626063294437158
SMS-EGO,25,20,0.633147124083536,0.06157562345455301
SMS-EGO,25,30,0.6586289217218961,0.05497400247401881
SMS-EGO,25,40,0.6851235215330587,0.04951321802199304
SMS-EGO,25,50,0.6969106054068511,0.04609491055162487
SMS-EGO,25,60,0.7147059826864582,0.039773740939364824
SMS-EGO,25,70,0.7362753021775315,0.035838322108990905
SMS-EGO,25,80,0.7505107682176978,0.033579419543365165
SMS-EGO,25,90,0.7554400448508265,0.029668138408281336
SMS-EGO,25,100,0.7699186800118345,0.028633032621910075
SMS-EGO,25,110,0.7745867568764266,0.025351301065098652
SMS-EGO,25,120,0.7912257712598435,0.024211198033357022
SMS-EGO,25,130,0.7919013857173659,0.023928039832513497
SMS-EGO,25,140,0.803482545186808,0.022191437651097063
SMS-EGO,25,150,0.8049907714245544,0.021509732477099745
SMS-EGO,25,160,0.8151868115715115,0.02007137998678754
SMS-EGO,25,170,0.814905605346552,0.01889183322508096
SMS-EGO,25,180,0.8196678404074669,0.017303108221682306
SMS-EGO,25,190,0.8210515662899468,0.016937051809429674
SMS-EGO,25,200,0.8206922467658447,0.017055375017971715
SMS-EGO,26,20,0.6406112218297825,0.06204314510073895
SMS-EGO,26,30,0.6557188507803942,0.055755652927673684
SMS-EGO,26,40,0.6922735007956804,0.04797639836564985
SMS-EGO,26,50,0.6990150094197476,0.044421008289371566
SMS-EGO,26,60,0.7177677646972357,0.038538268815426165
SMS-EGO,26,70,0.7303419084093976,0.03688519657405974
SMS-EGO,26,80,0.7458090232916735,0.032238053690886524
SMS-EGO,26,90,0.7633798144796615,0.03195187509009512
SMS-EGO,26,100,0.769506643598041,0.027564409748428876
SMS-EGO,26,110,0.7718840648012816,0.02705603870147709
SMS-EGO,26,120,0.7890038489188234,0.02516207598158512
SMS-EGO,26,130,0.7937826635727754,0.023835429283869256
SMS-EGO,26,140,0.7949775308798557,0.02276428111093889
SMS-EGO,26,150,0.7985806316567596,0.02028047060207003
SMS-EGO,26,160,0.810973766179759,0.020321266761587437
SMS-EGO,26,170,0.8103070417532248,0.019797095814376393
SMS-EGO,26,180,0.8208069785098252,0.01751334684289234
SMS-EGO,26,190,0.8251457634656243,0.01691077891933607
SMS-EGO,26,200,0.827406024089938,0.017134539472292824
SMS-EGO,27,20,0.6394334147103153,0.060139925478380714
SMS-EGO,27,30,0.6642401007491563,0.055176428125584945
SMS-EGO,27,40,0.675694759036264,0.050716427021430546
SMS-EGO,27,50,0.7028138880932467,0.04421173798754284
SMS-EGO,27,60,0.7170613388063202,0.04014359014575309
SMS-EGO,27,70,0.7307740030067461,0.03683550812397815
SMS-EGO,27,80,0.739236418912441,0.0339006915173649
SMS-EGO,27,90,0.7469725305086664,0.030425584699953153
SMS-EGO,27,100,0.7705690491165991,0.028275811163104524
SMS-EGO,27,110,0.7747202287771914,0.02608429524541238
SMS-EGO,27,120,0.7828719794009755,0.0248410341902619
SMS-EGO,27,130,0.7909834387714351,0.023779885378764184
SMS-EGO,27,140,0.7950613087131598,0.02126417852516595
SMS-EGO,27,150,0.8041012628049229,0.021448148662290733
SMS-EGO,27,160,0.806253582130029,0.01964951109640525
SMS-EGO,27,170,0.8155291390101228,0.01832035805433992
SMS-EGO,27,180,0.8161678112436709,0.01844630816781642
SMS-EGO,27,190,0.8164790876639076,0.017000479724796288
SMS-EGO,27,200,0.8243347463855062,0.01687650404728068
SMS-EGO,28,20,0.644334104242067,0.05998079356086297
SMS-EGO,28,30,0.6607397493721251,0.05524568740904848
SMS-EGO,28,40,0.6881830313336406,0.047564490892049144
SMS-EGO,28,50,0.6949541175139243,0.04362048983491936
SMS-EGO,28,60,0.7123458687033489,0.03986612614263677
SMS-EGO,28,70,0.7278357042408257,0.03577040706962878
SMS-EGO,28,80,0.7439244772270017,0.033468631810886273
SMS-EGO,28,90,0.7561450675138519,0.030005136205520727
SMS-EGO,28,100,0.7667305412177849,0.029048218647847398
SMS-EGO,28,110,0.778803629194204,0.02658406552127425
SMS-EGO,28,120,0.7816703521112297,0.024618550557296115
SMS-EGO,28,130,0.7929353555345116,0.023840382765323673
SMS-EGO,28,140,0.7981310561091571,0.020700539011003553
SMS-EGO,28,150,0.8043695467981554,0.021314006924810797
SMS-EGO,28,160,0.8157966004405806,0.019810696943317992
SMS-EGO,28,170,0.8112464689527215,0.01855701787857959
SMS-EGO,28,180,0.8132301954268318,0.01773101067549644
SMS-EGO,28,190,0.8213764311858845,0.018717846274254584
SMS-EGO,28,200,0.8193519332150876,0.01726901425748821
SMS-EGO,29,20,0.6400917381773763,0.06167949564448886
SMS-EGO,29,30,0.6654595524902757,0.05346321491761405
SMS-EGO,29,40,0.6808071900868711,0.04873094193499166
SMS-EGO,29,50,0.7011223804442727,0.043314496292638
SMS-EGO,29,60,0.7098650954262032,0.04031989587388868
SMS-EGO,29,70,0.7287034444622259,0.03699502620848109
SMS-EGO,29,80,0.7393999330720648,0.03409149257673724
SMS-EGO,29,90,0.7561064190534976,0.030647092266557204
SMS-EGO,29,100,0.763052514200559,0.02791441680784117
SMS-EGO,29,110,0.7713984299511132,0.0258166869359748
SMS-EGO,29,120,0.7815760817571458,0.02363523232239504
SMS-EGO,29,130,0.7889120039102775,0.02357638213878385
SMS-EGO,29,140,0.7877861504559892,0.021313024505971626
SMS-EGO,29,150,0.7903393565551711,0.020979432577403537
SMS-EGO,29,160,0.8072799334571049,0.020706118154003954
SMS-EGO,29,170,0.8064711653204377,0.019445874965635535
SMS-EGO,29,180,0.81336538324492,0.016963520379502953
SMS-EGO,29,190,0.8125854249678884,0.01744299915358381
SMS-EGO,29,200,0.8229778406184673,0.01802843769207794
SMS-EGO,30,20,0.6377125449224936,0.06213587101078415
SMS-EGO,30,30,0.6584552679549507,0.0544084226843233
SMS-EGO,30,40,0.6881293479889469,0.04795537547562184
SMS-EGO,30,50,0.6971822756676977,0.0439492282323277
SMS-EGO,30,60,0.7198589706801108,0.04079139489583024
SMS-EGO,30,70,0.7265484813293824,0.03574979470386356
SMS-EGO,30,80,0.7492915220979374,0.0331827207395136
SMS-EGO,30,90,0.763422639061164,0.030480463820898977
SMS-EGO,30,100,0.7651897987917626,0.02816017818601703
SMS-EGO,30,110,0.7725213722504208,0.027767439531050316
SMS-EGO,30,120,0.7835337328407529,0.025761013833851695
SMS-EGO,30,130,0.795934313028945,0.02367412969347329
SMS-EGO,30,140,0.7968397768662745,0.020868876700951177
SMS-EGO,30,150,0.8035059790299222,0.02173120584492902
SMS-EGO,30,160,0.8122442807144263,0.019576425896497288
SMS-EGO,30,170,0.8187469674490737,0.018045852065391325
SMS-EGO,30,180,0.8171528972532174,0.019365983806312385
SMS-EGO,30,190,0.8213401775962215,0.018400352510140276
SMS-EGO,30,200,0.8236512607020641,0.01683716432511386
ParEGO,1,20,0.6348770268840885,0.06259769269877898
ParEGO,1,30,0.6593536130447705,0.05547667288040884
ParEGO,1,40,0.6695666948783664,0.05203259211442468
ParEGO,1,50,0.6945226586162451,0.046787060789401966
ParEGO,1,60,0.7012571630966213,0.04306501016001332
ParEGO,1,70,0.7215774225649897,0.03845193956391345
ParEGO,1,80,0.7303847140045768,0.03655650168486156
ParEGO,1,90,0.7367935380141306,0.03306411470987783
ParEGO,1,100,0.7545527301274434,0.031214685289244946
ParEGO,1,110,0.7666146522308921,0.027989237507699265
ParEGO,1,120,0.7671911782222992,0.027318646315441685
ParEGO,1,130,0.7755674587156498,0.0252551196357288
ParEGO,1,140,0.7757842337122911,0.024049400671819505
ParEGO,1,150,0.7924829095035965,0.022801495126249148
ParEGO,1,160,0.7879606433922869,0.021570463916545244
ParEGO,1,170,0.7975386510602125,0.021441249321086757
ParEGO,1,180,0.7969385729729402,0.020297979050119444
ParEGO,1,190,0.7961739552993993,0.019716164066744264
ParEGO,1,200,0.8009578812368207,0.01932862663837995
ParEGO,2,20,0.6353436749828458,0.06269917151226413
ParEGO,2,30,0.654905357926773,0.05662926245577494
ParEGO,2,40,0.6779499047314158,0.052146071596311155
ParEGO,2,50,0.6978108316959123,0.04683197042560132
ParEGO,2,60,0.7028027999251412,0.042810917635435555
ParEGO,2,70,0.7287640587876438,0.03894811308432783
ParEGO,2,80,0.7278156783068102,0.03674137673716672
ParEGO,2,90,0.7510021989717631,0.0330113468448431
ParEGO,2,100,0.761721042429435,0.02969352006731661
ParEGO,2,110,0.7685382468696421,0.029143071171243522
ParEGO,2,120,0.7703140994184919,0.02712377087998645
ParEGO,2,130,0.781656374134905,0.026254114653584106
ParEGO,2,140,0.7880040997781832,0.024255742301663764
ParEGO,2,150,0.7936066105155496,0.0231456378626453
ParEGO,2,160,0.8001127950704463,0.02304374852420235
ParEGO,2,170,0.8043318395423568,0.02204552475239197
ParEGO,2,180,0.8013282733863187,0.020088518680504125
ParEGO,2,190,0.8059504422740849,0.021356870287790333
ParEGO,2,200,0.8164110133424666,0.019218232599565278
ParEGO,3,20,0.6258096756566416,0.06290747735634503
ParEGO,3,30,0.6542790011479263,0.05818073758191933
ParEGO,3,40,0.673643487967188,0.05134851192355355
ParEGO,3,50,0.6888197891914192,0.04921264968825171
ParEGO,3,60,0.7007712444455371,0.04235402298497509
ParEGO,3,70,0.7238080500126642,0.03992496664402047
ParEGO,3,80,0.7290420085506663,0.036180879383283335
ParEGO,3,90,0.7360880529840016,0.03174975893514456
ParEGO,3,100,0.7516761926949884,0.031002915104636736
ParEGO,3,110,0.7508892150656312,0.02938867442268965
ParEGO,3,120,0.7582291084695938,0.025754800021048605
ParEGO,3,130,0.7731164020364631,0.025971491818506064
ParEGO,3,140,0.7795131899155464,0.024885874608759264
ParEGO,3,150,0.7765263907383259,0.022728206989334726
ParEGO,3,160,0.7839293440797523,0.021403235619465544
ParEGO,3,170,0.7874132762384952,0.022102664696887483
ParEGO,3,180,0.7911844801191895,0.021682829693466268
ParEGO,3,190,0.793579180054882,0.021104899872578492
ParEGO,3,200,0.7948362818527694,0.018588682580958478
ParEGO,4,20,0.635914082763166,0.06196704778669307
ParEGO,4,30,0.6504251006061998,0.05781503514722267
ParEGO,4,40,0.6826625976007821,0.051024682958659466
ParEGO,4,50,0.6910304492923004,0.04720852980107037
ParEGO,4,60,0.7018702121666616,0.044282968853631616
ParEGO,4,70,0.7164720080245578,0.03963124834804939
ParEGO,4,80,0.7341205846876986,0.03718404935755452
ParEGO,4,90,0.7436087456149963,0.03220971434667341
ParEGO,4,100,0.7453301585388257,0.031239698268394737
ParEGO,4,110,0.7645277000774366,0.027767642630405626
ParEGO,4,120,0.7749121218681096,0.027072303517807657
ParEGO,4,130,0.7763649269915243,0.027077609813295232
ParEGO,4,140,0.784866693241492,0.02571254493339441
ParEGO,4,150,0.7930800696125554,0.024845003975335657
ParEGO,4,160,0.7987239131177094,0.022243207040757062
ParEGO,4,170,0.7974715792386521,0.02213883286455173
ParEGO,4,180,0.8002112271622361,0.020674841038883677
ParEGO,4,190,0.8003832422353738,0.019762965055063187
ParEGO,4,200,0.8075833091806347,0.01970005763311131
ParEGO,5,20,0.6333419977067666,0.06307132092790424
ParEGO,5,30,0.6552917171998166,0.056098838934377074
ParEGO,5,40,0.6788558126750434,0.051325163760685646
ParEGO,5,50,0.6978590242256035,0.047066600735380305
ParEGO,5,60,0.7128738357712755,0.04269175867601802
ParEGO,5,70,0.7218840312003129,0.03948441782935844
ParEGO,5,80,0.7329311934606941,0.03525238890830068
ParEGO,5,90,0.7579410115551153,0.03302905841418116
ParEGO,5,100,0.7550310011752468,0.032147497995304995
ParEGO,5,110,0.7670498449288962,0.029197574346025726
ParEGO,5,120,0.7708402025776393,0.026684380823729273
ParEGO,5,130,0.7788472270419632,0.026055146862012057
ParEGO,5,140,0.7837291034679539,0.024129292182585593
ParEGO,5,150,0.7878925025254967,0.023139899173032028
ParEGO,5,160,0.7977126065507972,0.022477459291071818
ParEGO,5,170,0.8021927647660286,0.02148740765227386
ParEGO,5,180,0.805785319606221,0.020752190475153094
ParEGO,5,190,0.8046058143069117,0.020999548604623684
ParEGO,5,200,0.810061007488713,0.019848073003757176
ParEGO,6,20,0.6390898889080833,0.06324600601577282
ParEGO,6,30,0.6506494028914723,0.05769499425078402
ParEGO,6,40,0.6751165179106601,0.051716051648898295
ParEGO,6,50,0.6928899163009498,0.04676968227074113
ParEGO,6,60,0.7067653448033612,0.04366302294991622
ParEGO,6,70,0.710216057202673,0.040323489552447404
ParEGO,6,80,0.7334643684719191,0.03614791087794637
ParEGO,6,90,0.7437547571167779,0.033539251889398394
ParEGO,6,100,0.7540019039798173,0.03120837172294638
ParEGO,6,110,0.7545252262123753,0.02807546891427173
ParEGO,6,120,0.7640124178886976,0.026419411844363163
ParEGO,6,130,0.7724308075841805,0.02578098579797872
ParEGO,6,140,0.7839258633620733,0.02438996507659574
ParEGO,6,150,0.7869335915432635,0.02248240757645701
ParEGO,6,160,0.7970605256541686,0.02123351811856511
ParEGO,6,170,0.7960945171389406,0.02146516621936186
ParEGO,6,180,0.7996437994677424,0.02027993690241528
ParEGO,6,190,0.800256019474273,0.019487134389757726
ParEGO,6,200,0.7996676772958276,0.019475773387511695
ParEGO,7,20,0.6342722442023656,0.06392009369055178
ParEGO,7,30,0.6516393286916318,0.057616708088456536
ParEGO,7,40,0.6785545215533022,0.05103752905566302
ParEGO,7,50,0.6897060089461755,0.04610070577616926
ParEGO,7,60,0.7114994429623452,0.042675599047713064
ParEGO,7,70,0.7199779389756171,0.03865096893361368
ParEGO,7,80,0.7375688425241712,0.036723809203028604
ParEGO,7,90,0.7487574827652991,0.031909364936212145
ParEGO,7,100,0.7534141038525068,0.03090924226572699
ParEGO,7,110,0.7590318620019018,0.02918943209039234
ParEGO,7,120,0.7703204759476137,0.027818691436267765
ParEGO,7,130,0.7777370864568763,0.025549405064457357
ParEGO,7,140,0.7816657908902325,0.023982042271725637
ParEGO,7,150,0.7863041963924703,0.022786193685937834
ParEGO,7,160,0.7977722559373074,0.023076636835907147
ParEGO,7,170,0.8006160787158748,0.0199721764464296
ParEGO,7,180,0.8059525095185766,0.020366127958730607
ParEGO,7,190,0.8125357657514791,0.02016638436186029
ParEGO,7,200,0.8081060648954397,0.01937747736995113
ParEGO,8,20,0.6371950027854135,0.06329575207763874
ParEGO,8,30,0.657619024194996,0.05809115127826053
ParEGO,8,40,0.669050184645997,0.05181493151915416
ParEGO,8,50,0.6902079675649613,0.046793134059031
ParEGO,8,60,0.6968163566351677,0.042520336950702
ParEGO,8,70,0.7205752178159132,0.03859128771810544
ParEGO,8,80,0.7282629859043518,0.0352903892972137
ParEGO,8,90,0.7396070965535362,0.03320392041301233
ParEGO,8,100,0.7557294327455933,0.030177627621759167
ParEGO,8,110,0.7621714293155974,0.028029793150009183
ParEGO,8,120,0.7660147665521502,0.02733691175130476
ParEGO,8,130,0.7762222482879902,0.025383590625224238
ParEGO,8,140,0.7798451719092621,0.023981428854406704
ParEGO,8,150,0.7894903275131817,0.02239746152421365
ParEGO,8,160,0.7832322382038991,0.02166472711781043
ParEGO,8,170,0.7950198111122849,0.021411571263847025
ParEGO,8,180,0.7967972745287015,0.020273498547045958
ParEGO,8,190,0.8027814931050965,0.020079273144216044
ParEGO,8,200,0.8019177586081467,0.0200524069638828
ParEGO,9,20,0.6345913021703705,0.06227740144389499
ParEGO,9,30,0.6620329053491854,0.05756535893621568
ParEGO,9,40,0.6752366708869464,0.05186793801124865
ParEGO,9,50,0.6886511609526766,0.04651742013818322
ParEGO,9,60,0.7089468949258712,0.04241938735111188
ParEGO,9,70,0.7277725704556939,0.039779523553859435
ParEGO,9,80,0.7334274813533176,0.03501556154233203
ParEGO,9,90,0.7529389339634749,0.033513229622836926
ParEGO,9,100,0.756533786488541,0.030734697927789274
ParEGO,9,110,0.7697017462586152,0.02923132474972706
ParEGO,9,120,0.7730801307219805,0.028334587940754916
ParEGO,9,130,0.785333552801233,0.026199820473039828
ParEGO,9,140,0.7865399126411075,0.02362783309814784
ParEGO,9,150,0.7873257067716357,0.0224386728607153
ParEGO,9,160,0.7987919073595692,0.02210548828697269
ParEGO,9,170,0.8019919151444699,0.020974185177275523
ParEGO,9,180,0.812715198146381,0.021604353240035325
ParEGO,9,190,0.8127131472578548,0.02089475601522496
ParEGO,9,200,0.8167298256994243,0.019532635293523174
ParEGO,10,20,0.6371473348049033,0.0627878533281618
ParEGO,10,30,0.6535680463087779,0.05657944192490987
ParEGO,10,40,0.6727364072608191,0.05175616706180884
ParEGO,10,50,0.6873293234464828,0.04528236998654431
ParEGO,10,60,0.6931083177455454,0.041673993448698245
ParEGO,10,70,0.7138459100224408,0.03982713304039213
ParEGO,10,80,0.7204663027425465,0.03678338712186599
ParEGO,10,90,0.7422995960555456,0.03273304897984107
ParEGO,10,100,0.7513647941058839,0.032105472070627646
ParEGO,10,110,0.7539157505160924,0.029047223583134055
ParEGO,10,120,0.7626716865140085,0.026744896826736624
ParEGO,10,130,0.7688094776894774,0.025975067692130475
ParEGO,10,140,0.7725972475351709,0.024143232334201622
ParEGO,10,150,0.775937940053723,0.023245405555528877
ParEGO,10,160,0.7826031911108902,0.022804735427683784
ParEGO,10,170,0.7775813295747039,0.021190092140376746
ParEGO,10,180,0.7934078911477092,0.02091392311924108
ParEGO,10,190,0.7875755107369141,0.01852031755855993
ParEGO,10,200,0.7936373623843788,0.020041891958384708
ParEGO,11,20,0.6329170612677069,0.0639045169622335
ParEGO,11,30,0.6472501406209688,0.05760735553610922
ParEGO,11,40,0.6772876712554509,0.05138979141384642
ParEGO,11,50,0.6933696426634187,0.046480957493071226
ParEGO,11,60,0.7014964873920896,0.042096557741864084
ParEGO,11,70,0.7254972045953113,0.038222585657481926
ParEGO,11,80,0.7336908661636696,0.035298576407860625
ParEGO,11,90,0.7451024524763508,0.034430579377253065
ParEGO,11,100,0.7490351779842856,0.03110550470806281
ParEGO,11,110,0.7569413881154812,0.028550566899685985
ParEGO,11,120,0.7690594197768917,0.02710429415440106
ParEGO,11,130,0.7723115709604178,0.025384863268112255
ParEGO,11,140,0.7781417744816915,0.024623895718361263
ParEGO,11,150,0.7787988346275745,0.023413661214730246
ParEGO,11,160,0.7839564504040015,0.02135059052105412
ParEGO,11,170,0.7903783926617594,0.01963999830033681
ParEGO,11,180,0.7916119937481799,0.019972392829640733
ParEGO,11,190,0.7995157444892422,0.021339751603084565
ParEGO,11,200,0.7928298146385875,0.01997756316620864
ParEGO,12,20,0.6293665152197395,0.0633959034284575
ParEGO,12,30,0.6565179321340409,0.057622639828043144
ParEGO,12,40,0.6765244013667228,0.05134281142214954
ParEGO,12,50,0.6972921159751598,0.048041831907484116
ParEGO,12,60,0.7089347888481355,0.04186797367666114
ParEGO,12,70,0.7217576041795448,0.03910457624830354
ParEGO,12,80,0.7348708907678293,0.036064338401513275
ParEGO,12,90,0.7452330593432756,0.033172791820788645
ParEGO,12,100,0.757772335876722,0.030605123015169947
ParEGO,12,110,0.7645525444534692,0.02983317244749418
ParEGO,12,120,0.7695721465562986,0.028091737901048422
ParEGO,12,130,0.7796279670055297,0.024091131662568994
ParEGO,12,140,0.7896175317989647,0.02366319325786283
ParEGO,12,150,0.7933767613203055,0.022662754820178283
ParEGO,12,160,0.7888241737566328,0.021846173108548753
ParEGO,12,170,0.8065241270733262,0.02103513536834154
ParEGO,12,180,0.797963045413004,0.021106470882259587
ParEGO,12,190,0.8028097784189195,0.01947450854120791
ParEGO,12,200,0.8072347149829744,0.01936668959335034
ParEGO,13,20,0.6378290869253103,0.06258971720019846
ParEGO,13,30,0.6446966255979995,0.057079911172048144
ParEGO,13,40,0.6820771796346653,0.05176315966434494
ParEGO,13,50,0.6909461094843374,0.0472792259655514
ParEGO,13,60,0.7103113465153849,0.04259426232739708
ParEGO,13,70,0.7261158858373761,0.0386551867694499
ParEGO,13,80,0.7315437427994437,0.03589729299051783
ParEGO,13,90,0.7393597052540912,0.03260107661517667
ParEGO,13,100,0.7570607192158668,0.030929520930159028
ParEGO,13,110,0.7698025193325366,0.02922989589487326
ParEGO,13,120,0.7706468951325506,0.02741197725463046
ParEGO,13,130,0.7828725916380072,0.024872455389045638
ParEGO,13,140,0.7742033642927297,0.02505525368088273
ParEGO,13,150,0.7894548104166029,0.022720588878451013
ParEGO,13,160,0.7927459951853847,0.023562651717714194
ParEGO,13,170,0.7985269031424425,0.020993386449823986
ParEGO,13,180,0.7981228980000958,0.02262840453970264
ParEGO,13,190,0.8133414386207612,0.018769156517337796
ParEGO,13,200,0.8111549409640003,0.019518601597342006
ParEGO,14,20,0.6379471964435969,0.06350644780918775
ParEGO,14,30,0.6580827153101373,0.05747672068832945
ParEGO,14,40,0.6695223320919486,0.051011415798582364
ParEGO,14,50,0.6958808349668281,0.047331751380039006
ParEGO,14,60,0.7047518070466597,0.04180207358990835
ParEGO,14,70,0.7213672379866213,0.03951405731676564
ParEGO,14,80,0.7358583136631309,0.03471418668361178
ParEGO,14,90,0.7529010059503767,0.03232675820552473
ParEGO,14,100,0.7531515117049676,0.030192543440500808
ParEGO,14,110,0.7661459789187297,0.02821839399752721
ParEGO,14,120,0.7667840482232309,0.02822416741348311
ParEGO,14,130,0.7854570605598404,0.025358822959764153
ParEGO,14,140,0.7896720318869266,0.02552962495208018
ParEGO,14,150,0.790496248988452,0.023428004511318625
ParEGO,14,160,0.79802706854626,0.022305432084934636
ParEGO,14,170,0.8042684199084406,0.02016968892296745
ParEGO,14,180,0.8064960433574243,0.02028043243181408
ParEGO,14,190,0.8139989703600888,0.02007045327508928
ParEGO,14,200,0.8132223949968598,0.01834386739224474
ParEGO,15,20,0.6308924718752426,0.0634871932947561
ParEGO,15,30,0.6562102492225764,0.05562724893953207
ParEGO,15,40,0.6818855246680569,0.05060331357182082
ParEGO,15,50,0.6877215002039448,0.04759655714195608
ParEGO,15,60,0.6995602346635523,0.042448248684481625
ParEGO,15,70,0.7211613093073854,0.03924806215295867
ParEGO,15,80,0.7348611421466114,0.03562459498230221
ParEGO,15,90,0.7499118171038607,0.03416828886626134
ParEGO,15,100,0.7538914283998619,0.031711357752283516
ParEGO,15,110,0.75629870967572,0.028910175483902047
ParEGO,15,120,0.7714934037935207,0.02659838866851375
ParEGO,15,130,0.7781273801537296,0.026876762813543918
ParEGO,15,140,0.7817666565299423,0.0240458744044293
ParEGO,15,150,0.7892378602186758,0.023910934853183272
ParEGO,15,160,0.7891752045337724,0.022424215474264885
ParEGO,15,170,0.8020423289106755,0.020499463478356947
ParEGO,15,180,0.7966595406230503,0.020609722724136595
ParEGO,15,190,0.8045593917840529,0.020356811322409924
ParEGO,15,200,0.8101509635620446,0.019524426445242344
ParEGO,16,20,0.629795717842186,0.06337537094422319
ParEGO,16,30,0.6572356210386056,0.05836419124638676
ParEGO,16,40,0.6854689705649972,0.05115769389735977
ParEGO,16,50,0.6994224042457414,0.04632043231411605
ParEGO,16,60,0.708855776770445,0.042085543054424454
ParEGO,16,70,0.7276291712431662,0.039635451122250295
ParEGO,16,80,0.7351248563891133,0.03641562130568429
ParEGO,16,90,0.7437331141357231,0.03345269310325316
ParEGO,16,100,0.7569292239685991,0.03064244902371021
ParEGO,16,110,0.7673765940517427,0.028211009446324653
ParEGO,16,120,0.7697887516684616,0.02746917657821151
ParEGO,16,130,0.7769482871522477,0.026512266461870396
ParEGO,16,140,0.7837965553536653,0.02391356756939484
ParEGO,16,150,0.7904776788518205,0.024081271992173955
ParEGO,16,160,0.8036453155603152,0.022013257792953385
ParEGO,16,170,0.800770847082867,0.020858852065057863
ParEGO,16,180,0.8118316080905992,0.02132149310067257
ParEGO,16,190,0.8050699517576256,0.019390525425679442
ParEGO,16,200,0.8123713422432146,0.019393633426582638
ParEGO,17,20,0.6315502949373881,0.06325764953616837
ParEGO,17,30,0.6588230213711852,0.05820013643892383
ParEGO,17,40,0.6708120653357709,0.052898059647963555
ParEGO,17,50,0.691943977338619,0.04746085774564089
ParEGO,17,60,0.7070371568285574,0.04303702386605631
ParEGO,17,70,0.721273936570379,0.03791121758379326
ParEGO,17,80,0.736772018421206,0.03480332909161399
ParEGO,17,90,0.7495314305992187,0.033562427301388
ParEGO,17,100,0.7555103092689032,0.030663786091731378
ParEGO,17,110,0.7650232682248254,0.029570507649589906
ParEGO,17,120,0.7724006112637414,0.0266290376045025
ParEGO,17,130,0.7779111074937304,0.02469294376788301
ParEGO,17,140,0.7870566761695006,0.025423535922339997
ParEGO,17,150,0.7880928698918955,0.023849191159966716
ParEGO,17,160,0.7937801847890087,0.023225596862855954
ParEGO,17,170,0.7980361620820724,0.02043639810241713
ParEGO,17,180,0.8064821971587839,0.019165564651757387
ParEGO,17,190,0.8031383277513756,0.019937411990815467
ParEGO,17,200,0.8085297733024894,0.019985153538593436
ParEGO,18,20,0.6342060425057949,0.06271208426464252
ParEGO,18,30,0.6579976146238891,0.057316167256958775
ParEGO,18,40,0.67600543156407,0.051805273655108376
ParEGO,18,50,0.68592087074698,0.046631906150817234
ParEGO,18,60,0.7032227158230773,0.0423422812629049
ParEGO,18,70,0.7193307040542216,0.03892888673095056
ParEGO,18,80,0.7268101567738016,0.036657002764678294
ParEGO,18,90,0.7378957588118349,0.034088991710009016
ParEGO,18,100,0.751308444629675,0.02975567138817873
ParEGO,18,110,0.7522012645365721,0.029905462192523137
ParEGO,18,120,0.7572416011063074,0.02693237637138582
ParEGO,18,130,0.7723791670147554,0.025490424337615794
ParEGO,18,140,0.7791089086824274,0.023758079625009813
ParEGO,18,150,0.7862059704345347,0.02332632645880091
ParEGO,18,160,0.787822275477427,0.022370525471881415
ParEGO,18,170,0.784258056300168,0.02093708149220665
ParEGO,18,180,0.789805438309741,0.019145344043496992
ParEGO,18,190,0.7980147450357844,0.019049352718517303
ParEGO,18,200,0.8056569209733695,0.018937695848478847
ParEGO,19,20,0.6312899739449435,0.06292922149262192
ParEGO,19,30,0.6603602868599242,0.05601468346350726
ParEGO,19,40,0.6773914918284301,0.05158250796347176
ParEGO,19,50,0.6931667564500764,0.04642298220081056
ParEGO,19,60,0.7143869520843512,0.04320750459012353
ParEGO,19,70,0.7165392273091129,0.03944764918665164
ParEGO,19,80,0.7367663058068824,0.035854430367068556
ParEGO,19,90,0.7477098006627205,0.03352050796047513
ParEGO,19,100,0.7560641372725768,0.030683957333237914
ParEGO,19,110,0.763596484164529,0.029212128502720543
ParEGO,19,120,0.7666923740151429,0.028765121368322127
ParEGO,19,130,0.7753591019438879,0.026182365747264368
ParEGO,19,140,0.7907673518367239,0.024346420127721813
ParEGO,19,150,0.7832077784405052,0.02371018747106309
ParEGO,19,160,0.800814862328755,0.02323845487221533
ParEGO,19,170,0.8004212021329994,0.022143154137591697
ParEGO,19,180,0.7931373135615157,0.020360019446688006
ParEGO,19,190,0.8101028206617955,0.019722787310880185
ParEGO,19,200,0.8094098885310913,0.019582036372844485
ParEGO,20,20,0.6293656156572441,0.06167582363389231
ParEGO,20,30,0.6601549993967464,0.05686055414320693
ParEGO,20,40,0.678669745292827,0.05056394129224707
ParEGO,20,50,0.69312829085137,0.04601447888011715
ParEGO,20,60,0.7108500367914666,0.043066182170206045
ParEGO,20,70,0.7176656372681803,0.039395285655088964
ParEGO,20,80,0.730477368874918,0.03651260643025627
ParEGO,20,90,0.7530220476019328,0.033371348497398486
ParEGO,20,100,0.7470697010179644,0.030798965333409485
ParEGO,20,110,0.762109562860667,0.030010082440106518
ParEGO,20,120,0.769824164643065,0.026806734357583895
ParEGO,20,130,0.784742239888247,0.02588858539493363
ParEGO,20,140,0.7870042989299438,0.023916209852270602
ParEGO,20,150,0.7825043366569157,0.023487285281792825
ParEGO,20,160,0.8016679202198159,0.022453126746504955
ParEGO,20,170,0.7978120093620495,0.02145042285446874
ParEGO,20,180,0.8052426262292927,0.020001055735646256
ParEGO,20,190,0.803613216869742,0.019796731292206715
ParEGO,20,200,0.8083604143282618,0.019586263503077753
ParEGO,21,20,0.6279670033340534,0.06265083970374928
ParEGO,21,30,0.656240273724542,0.055858811002833145
ParEGO,21,40,0.6738073106925024,0.05136522274884478
ParEGO,21,50,0.6877529315957887,0.04667590920192086
ParEGO,21,60,0.7030916215275387,0.04277388386117341
ParEGO,21,70,0.7257119914173695,0.03893067385085485
ParEGO,21,80,0.7242093683476194,0.03745026163069278
ParEGO,21,90,0.740518250149765,0.03377376007294764
ParEGO,21,100,0.7507301392505004,0.03098251119639034
ParEGO,21,110,0.7567088375782136,0.030201982519527968
ParEGO,21,120,0.773781493763454,0.026838865619783152
ParEGO,21,130,0.7692444895816957,0.024273751660789003
ParEGO,21,140,0.7743902267021581,0.024305742960652545
ParEGO,21,150,0.7836769113044022,0.023649948632402714
ParEGO,21,160,0.7856421374692686,0.021219398189370586
ParEGO,21,170,0.7904588749522317,0.0220781299778306
ParEGO,21,180,0.7910934589447743,0.020761444609540124
ParEGO,21,190,0.8022706933426399,0.020207212458480464
ParEGO,21,200,0.8050709439697648,0.01929670916787668
ParEGO,22,20,0.6282635933023348,0.06313425309915531
ParEGO,22,30,0.6573715552929569,0.05704789440142219
ParEGO,22,40,0.6714616747715626,0.05108113975162898
ParEGO,22,50,0.6935203471521306,0.04589813629479337
ParEGO,22,60,0.7092905137048905,0.04139198117640258
ParEGO,22,70,0.7204006011355447,0.03891135799147258
ParEGO,22,80,0.7408208319345775,0.035975734410343345
ParEGO,22,90,0.7474202104622998,0.03238342678079614
ParEGO,22,100,0.761784990906924,0.030638405536291963
ParEGO,22,110,0.765913928913131,0.02937588315418757
ParEGO,22,120,0.780738377046604,0.02710268403608023
ParEGO,22,130,0.7843717422536988,0.02607179470419052
ParEGO,22,140,0.7884549792828882,0.02393654052103636
ParEGO,22,150,0.7951753575737844,0.023688879602050166
ParEGO,22,160,0.8009818234168833,0.02257326990861709
ParEGO,22,170,0.8130593555375496,0.02169040635203045
ParEGO,22,180,0.810925056890175,0.01940085887788188
ParEGO,22,190,0.8167119352209163,0.019972258001829214
ParEGO,22,200,0.8157695625696021,0.018979989602113136
ParEGO,23,20,0.6340237297210343,0.06203448640119372
ParEGO,23,30,0.6546209827342354,0.05730628241962677
ParEGO,23,40,0.6715118708754121,0.05173477444153871
ParEGO,23,50,0.6925671834122025,0.04641237547509096
ParEGO,23,60,0.7142608374125055,0.04308878877863308
ParEGO,23,70,0.7194556900101067,0.04003571731874541
ParEGO,23,80,0.741781169136501,0.035299510132531
ParEGO,23,90,0.7499759059742223,0.034154722418638477
ParEGO,23,100,0.7590070951929871,0.03134333417599798
ParEGO,23,110,0.7640836721009014,0.029595558836639325
ParEGO,23,120,0.7660910296470338,0.028082662389096794
ParEGO,23,130,0.7836607609390415,0.0247380164057991
ParEGO,23,140,0.7897343332464468,0.024541741690006794
ParEGO,23,150,0.8018990601894479,0.023283778252759523
ParEGO,23,160,0.7958864046102245,0.022757264767462183
ParEGO,23,170,0.8012809987168115,0.022142744816413082
ParEGO,23,180,0.8089575312492948,0.02049017194819157
ParEGO,23,190,0.8123272422825432,0.019991689046988923
ParEGO,23,200,0.8055611765782167,0.020693873855098834
ParEGO,24,20,0.6281464188406352,0.0627348890062798
ParEGO,24,30,0.6600297056002604,0.057266573059120154
ParEGO,24,40,0.6769244408049289,0.0532773801353199
ParEGO,24,50,0.6785660995884875,0.04690090279918746
ParEGO,24,60,0.7036407597811583,0.04355129119588021
ParEGO,24,70,0.7121039408223644,0.03933081147821301
ParEGO,24,80,0.7261045370229078,0.03681436465657681
ParEGO,24,90,0.734703991207113,0.033112581278521576
ParEGO,24,100,0.7511889319603786,0.03159024406205918
ParEGO,24,110,0.7612466372521814,0.028870588480420827
ParEGO,24,120,0.7727529998761233,0.02782912039196213
ParEGO,24,130,0.7721178806287163,0.025606833100715792
ParEGO,24,140,0.7789481470126789,0.022923127355769953
ParEGO,24,150,0.7786058933165052,0.022546159208086926
ParEGO,24,160,0.7811224835288653,0.02208779029131467
ParEGO,24,170,0.7904645143349593,0.020913599704717456
ParEGO,24,180,0.7937342165373742,0.020693923955883774
ParEGO,24,190,0.8053634805225076,0.020263843377567918
ParEGO,24,200,0.8038615401718319,0.01921175212778474
ParEGO,25,20,0.6317673606475904,0.06267183913295292
ParEGO,25,30,0.6564267606351869,0.056661262422903744
ParEGO,25,40,0.6810238554075696,0.05301191085535683
ParEGO,25,50,0.6883930595471277,0.04681492856950741
ParEGO,25,60,0.7093519897794034,0.04291576878774633
ParEGO,25,70,0.7197882132894939,0.038498728459428394
ParEGO,25,80,0.7329287655535289,0.03552075831775923
ParEGO,25,90,0.75234725152618,0.03345582015198656
ParEGO,25,100,0.7548297822559777,0.031025929084346232
ParEGO,25,110,0.7559622232527172,0.028541883616045715
ParEGO,25,120,0.7703448816731707,0.026897128621165136
ParEGO,25,130,0.7696521550397782,0.025162329634960824
ParEGO,25,140,0.7841049534027218,0.024255706771523514
ParEGO,25,150,0.7792000872299373,0.022357401780554727
ParEGO,25,160,0.79022479280318,0.022476565303780945
ParEGO,25,170,0.793797440231708,0.021887971680926425
ParEGO,25,180,0.7956714585340925,0.018827398030684003
ParEGO,25,190,0.7989885929100581,0.02014513511121075
ParEGO,25,200,0.8099460714387238,0.019747801702422005
ParEGO,26,20,0.6392044796404927,0.06349081198285891
ParEGO,26,30,0.6531221358105173,0.057956160133934204
ParEGO,26,40,0.6784048096117948,0.05244461985773242
ParEGO,26,50,0.694458803028946,0.048160842216899306
ParEGO,26,60,0.7022732695896035,0.04287386780884153
ParEGO,26,70,0.7159353395369621,0.03995008314483082
ParEGO,26,80,0.7314951564329328,0.03555734475029654
ParEGO,26,90,0.7404234440309111,0.033213407020952275
ParEGO,26,100,0.752748337827044,0.030375671812258323
ParEGO,26,110,0.7626234168177831,0.02916460475952051
ParEGO,26,120,0.7643445738321032,0.026888161706681395
ParEGO,26,130,0.7733827659717362,0.025564797802486078
ParEGO,26,140,0.7783619729355364,0.0245268467829639
ParEGO,26,150,0.7926200293446676,0.0229757647512417
ParEGO,26,160,0.7876782024976927,0.02161505412527068
ParEGO,26,170,0.7923796536317095,0.021065545614744087
ParEGO,26,180,0.7966377761876016,0.020825537507880597
ParEGO,26,190,0.798248839076955,0.020753843967081215
ParEGO,26,200,0.8009257356772278,0.01983931702048646
ParEGO,27,20,0.6298583984144507,0.06358903426795387
ParEGO,27,30,0.653969223857212,0.05691603925012113
ParEGO,27,40,0.6779897458078794,0.051868425801837995
ParEGO,27,50,0.694172908447503,0.04760986247186901
ParEGO,27,60,0.7092484894760978,0.04311688428634226
ParEGO,27,70,0.7266194501027964,0.04033778084322399
ParEGO,27,80,0.7382076964899521,0.03644409727860123
ParEGO,27,90,0.7553056512971774,0.03237710540569001
ParEGO,27,100,0.7584673333462383,0.031194062375672797
ParEGO,27,110,0.7666220393826652,0.02893099452019537
ParEGO,27,120,0.7734548788150242,0.027185675026405943
ParEGO,27,130,0.7759941031569597,0.025808026277806734
ParEGO,27,140,0.7896528634661066,0.024129325050917375
ParEGO,27,150,0.7830756315264326,0.022532611371546708
ParEGO,27,160,0.799991697358076,0.02227527868917993
ParEGO,27,170,0.797633293619952,0.021398297280666008
ParEGO,27,180,0.802197092437038,0.021206754522759372
ParEGO,27,190,0.8137132007027325,0.019820105427580906
ParEGO,27,200,0.8178837849299899,0.019159750091719226
ParEGO,28,20,0.6328338867633247,0.06297984287093643
ParEGO,28,30,0.6559438312418888,0.05617090406166081
ParEGO,28,40,0.6772662808173463,0.050943466472747084
ParEGO,28,50,0.6933952162192123,0.04820202156642339
ParEGO,28,60,0.709403589029868,0.04212432022259004
ParEGO,28,70,0.7245681688849882,0.03884806862439598
ParEGO,28,80,0.7328653247502126,0.035923459003808944
ParEGO,28,90,0.7558392735271753,0.03375994862551076
ParEGO,28,100,0.7562457630441294,0.031725236877266486
ParEGO,28,110,0.7642997381645358,0.029215425784802948
ParEGO,28,120,0.7771137314799218,0.026716814900603302
ParEGO,28,130,0.7803912063975651,0.026257582480996924
ParEGO,28,140,0.7841962533932101,0.025007220522100634
ParEGO,28,150,0.7917271464729769,0.022956835792712283
ParEGO,28,160,0.8046375619883774,0.021555002941253162
ParEGO,28,170,0.7985935833786272,0.02121652692229866
ParEGO,28,180,0.8026851348370087,0.020924653398171088
ParEGO,28,190,0.7971871125026804,0.02065137175911419
ParEGO,28,200,0.806561416081635,0.020088020313303114
ParEGO,29,20,0.6367036509773356,0.06350738396581866
ParEGO,29,30,0.6619548968643606,0.05797279634047463
ParEGO,29,40,0.6743056388487364,0.051020482493803844
ParEGO,29,50,0.693046776331584,0.04659465965466805
ParEGO,29,60,0.7074522675797564,0.043847125108534064
ParEGO,29,70,0.7211928929526403,0.03874028008224244
ParEGO,29,80,0.7374013097194442,0.03678909027886556
ParEGO,29,90,0.748923577537224,0.03373902861020186
ParEGO,29,100,0.7580818694799137,0.03130061415259425
ParEGO,29,110,0.7659910560265067,0.02841183151637509
ParEGO,29,120,0.7713574190935997,0.028511077317470202
ParEGO,29,130,0.7830252664541824,0.02559440377332582
ParEGO,29,140,0.7885537689711136,0.024796788902933933
ParEGO,29,150,0.7930602613856547,0.02373413088327667
ParEGO,29,160,0.8078250178109017,0.022072420087049627
ParEGO,29,170,0.8038518625634992,0.02053276905887807
ParEGO,29,180,0.8048056659170565,0.02136945905705983
ParEGO,29,190,0.8113692542327151,0.021064142742824147
ParEGO,29,200,0.8124555783579027,0.018780377020895085
ParEGO,30,20,0.6430228612551468,0.06368056649315247
ParEGO,30,30,0.6542370435108583,0.0570942951512256
ParEGO,30,40,0.6857337378215284,0.052386941051590134
ParEGO,30,50,0.6997116502409779,0.047709290203260084
ParEGO,30,60,0.7093850516334149,0.042830565033135766
ParEGO,30,70,0.7287446074008292,0.038401536550751694
ParEGO,30,80,0.7358306085679972,0.03696611236292766
ParEGO,30,90,0.7440608898471954,0.03373026446672511
ParEGO,30,100,0.7559669803194529,0.030621921238212217
ParEGO,30,110,0.7637879894113427,0.028067364653222078
ParEGO,30,120,0.775145045423658,0.02827103780897141
ParEGO,30,130,0.7815027311695557,0.02568295104226141
ParEGO,30,140,0.7747452939338877,0.02309960669318014
ParEGO,30,150,0.7932271809188821,0.02255952370864714
ParEGO,30,160,0.8039605803752765,0.022517903609538266
ParEGO,30,170,0.8025382842833507,0.019989929321308546
ParEGO,30,180,0.8041423470216994,0.02061022060580755
ParEGO,30,190,0.8182320204847419,0.019850943513391506
ParEGO,30,200,0.8120891578185107,0.019194089132912876
HF-NSGA-II,1,20,0.6366910308011997,0.06583223825740724
HF-NSGA-II,1,30,0.6418641875085112,0.06108306146427809
HF-NSGA-II,1,40,0.6702871291996881,0.05397139681145571
HF-NSGA-II,1,50,0.6771948586837713,0.04968787432325391
HF-NSGA-II,1,60,0.6991755890372475,0.04628984145568481
HF-NSGA-II,1,70,0.7050995755882526,0.043859243519446325
HF-NSGA-II,1,80,0.7083100016025495,0.040976222197904706
HF-NSGA-II,1,90,0.7297912299031357,0.03683262531251457
HF-NSGA-II,1,100,0.74165623373504,0.03671437246384672
HF-NSGA-II,1,110,0.7406008227875631,0.033921813904838054
HF-NSGA-II,1,120,0.744825518978831,0.03153317040340867
HF-NSGA-II,1,130,0.7512508262814649,0.030129670242380658
HF-NSGA-II,1,140,0.757459285222509,0.02762759050389693
HF-NSGA-II,1,150,0.7608168895664376,0.027098063575100178
HF-NSGA-II,1,160,0.7743450740394069,0.02611489890710218
HF-NSGA-II,1,170,0.7718523471371138,0.025837202775699744
HF-NSGA-II,1,180,0.7775092888158226,0.02378694322500504
HF-NSGA-II,1,190,0.7893642256620756,0.02292419492522856
HF-NSGA-II,1,200,0.7885414530725926,0.02237847642707038
HF-NSGA-II,2,20,0.6261675483824566,0.06612660831462962
HF-NSGA-II,2,30,0.6499205489446481,0.06066515981278951
HF-NSGA-II,2,40,0.6597703969361509,0.054929804710588746
HF-NSGA-II,2,50,0.6809109586657153,0.05135288399118546
HF-NSGA-II,2,60,0.6915876825352705,0.04651467664808563
HF-NSGA-II,2,70,0.7025185325727673,0.04345097281096838
HF-NSGA-II,2,80,0.7118052139797117,0.04071528987699221
HF-NSGA-II,2,90,0.7321274605460218,0.03618910461067561
HF-NSGA-II,2,100,0.729819047896564,0.034863871609915865
HF-NSGA-II,2,110,0.7313154851512823,0.03226695742455162
HF-NSGA-II,2,120,0.744596985322849,0.031301638217667745
HF-NSGA-II,2,130,0.7455557142557856,0.028795686375326108
HF-NSGA-II,2,140,0.7490555347895096,0.027374190210220167
HF-NSGA-II,2,150,0.7494748670617418,0.027741291411072587
HF-NSGA-II,2,160,0.7655085696218391,0.02644502400841288
HF-NSGA-II,2,170,0.774898245195113,0.024411425120538503
HF-NSGA-II,2,180,0.7605085581351765,0.02437570485595684
HF-NSGA-II,2,190,0.770684289297215,0.023667703061900296
HF-NSGA-II,2,200,0.7762133845532599,0.023440410609177956
HF-NSGA-II,3,20,0.6266689722559583,0.06579278893417521
HF-NSGA-II,3,30,0.6479383881135352,0.06033282732787842
HF-NSGA-II,3,40,0.671050089954608,0.05580734275172152
HF-NSGA-II,3,50,0.6872025534310298,0.0498934200453783
HF-NSGA-II,3,60,0.6885962954007747,0.0475845530935794
HF-NSGA-II,3,70,0.7084345604592536,0.044193630799665394
HF-NSGA-II,3,80,0.7138951099080256,0.03971505855857224
HF-NSGA-II,3,90,0.7282760848742968,0.03788208954111635
HF-NSGA-II,3,100,0.7397621427144101,0.03468355969572162
HF-NSGA-II,3,110,0.7426024455016199,0.034704136749668525
HF-NSGA-II,3,120,0.7498065324151566,0.030758950881013374
HF-NSGA-II,3,130,0.7591882756610332,0.029003391750162536
HF-NSGA-II,3,140,0.7629742834225831,0.028966458565680277
HF-NSGA-II,3,150,0.7767845603029522,0.02675376944496337
HF-NSGA-II,3,160,0.7701571568313338,0.02512832996899553
HF-NSGA-II,3,170,0.7757633942589218,0.025221748310206366
HF-NSGA-II,3,180,0.7815897239149824,0.02627542419024275
HF-NSGA-II,3,190,0.7842705245327187,0.023596819450331145
HF-NSGA-II,3,200,0.7873722232657825,0.022073627517105676
HF-NSGA-II,4,20,0.6354782420583427,0.06737454180997758
HF-NSGA-II,4,30,0.6510756352969349,0.05987243034338266
HF-NSGA-II,4,40,0.6656195103367859,0.054900363388536634
HF-NSGA-II,4,50,0.6804811952699947,0.05019904572091403
HF-NSGA-II,4,60,0.69864072090231,0.04643935941573062
HF-NSGA-II,4,70,0.7040558271157533,0.0427464797252366
HF-NSGA-II,4,80,0.7126911946642257,0.039038434647005765
HF-NSGA-II,4,90,0.7258478038709406,0.03848782051316054
HF-NSGA-II,4,100,0.729677938727138,0.03430955655510226
HF-NSGA-II,4,110,0.739581084537375,0.032488065385427825
HF-NSGA-II,4,120,0.7547743630609871,0.031213588949079926
HF-NSGA-II,4,130,0.7559302690606907,0.028822054685046405
HF-NSGA-II,4,140,0.7667566479966883,0.029034067184585514
HF-NSGA-II,4,150,0.7691055148420826,0.02687548455482679
HF-NSGA-II,4,160,0.7691530409291798,0.024842862926580316
HF-NSGA-II,4,170,0.7769698201933911,0.024834658185117268
HF-NSGA-II,4,180,0.7833441436504135,0.025342034807978205
HF-NSGA-II,4,190,0.7784943593778958,0.024410780451995472
HF-NSGA-II,4,200,0.7929736226312517,0.023056609112810114
HF-NSGA-II,5,20,0.6391339294912454,0.0661082970293369
HF-NSGA-II,5,30,0.6476249287026807,0.06026087463981598
HF-NSGA-II,5,40,0.6723028990846913,0.05391240132999344
HF-NSGA-II,5,50,0.6838500862323604,0.05160889338520136
HF-NSGA-II,5,60,0.7005035682522724,0.04712136218374756
HF-NSGA-II,5,70,0.7021513138996399,0.04279141069756325
HF-NSGA-II,5,80,0.723289795509969,0.0393270642813918
HF-NSGA-II,5,90,0.7281878890811326,0.03665690827571063
HF-NSGA-II,5,100,0.7303734318556353,0.03622694943086625
HF-NSGA-II,5,110,0.7465568135259286,0.032674561744645954
HF-NSGA-II,5,120,0.757533452842382,0.03171581862630577
HF-NSGA-II,5,130,0.764680157997127,0.030396927404370697
HF-NSGA-II,5,140,0.7650865741033834,0.028482815756507508
HF-NSGA-II,5,150,0.7716604546898579,0.027306896784641668
HF-NSGA-II,5,160,0.7763122364046032,0.024625315287410195
HF-NSGA-II,5,170,0.7853926642539804,0.026258694468677776
HF-NSGA-II,5,180,0.7892307053221683,0.02476268994372003
HF-NSGA-II,5,190,0.791954479257107,0.022875892405067596
HF-NSGA-II,5,200,0.7919407808728012,0.022137269217420347
HF-NSGA-II,6,20,0.6290546781803914,0.0669436661076164
HF-NSGA-II,6,30,0.6478140773427634,0.06107866092701291
HF-NSGA-II,6,40,0.6651161098613685,0.05525645792241012
HF-NSGA-II,6,50,0.6792500076729865,0.05195822049064303
HF-NSGA-II,6,60,0.6880131280072653,0.04667700058289294
HF-NSGA-II,6,70,0.7033934833181151,0.04332600219335727
HF-NSGA-II,6,80,0.7156765142321889,0.03959220536435427
HF-NSGA-II,6,90,0.724265741505211,0.037098142123321916
HF-NSGA-II,6,100,0.7323066163729911,0.03630573006290755
HF-NSGA-II,6,110,0.742228866035901,0.03135596759227017
HF-NSGA-II,6,120,0.7479862679564292,0.03210693646452082
HF-NSGA-II,6,130,0.7544578156884615,0.029257500082661182
HF-NSGA-II,6,140,0.7594700208281653,0.028839281587790044
HF-NSGA-II,6,150,0.7655846819016842,0.026299282935962853
HF-NSGA-II,6,160,0.7683239037527109,0.025317771808354872
HF-NSGA-II,6,170,0.7797986250142733,0.025589602655051953
HF-NSGA-II,6,180,0.7779788660863896,0.024954377051722543
HF-NSGA-II,6,190,0.7844087975638773,0.02365953815829119
HF-NSGA-II,6,200,0.7866364293628904,0.022598269636298303
HF-NSGA-II,7,20,0.6266415647904366,0.06672442200002504
HF-NSGA-II,7,30,0.6472777158298504,0.06089082291566978
HF-NSGA-II,7,40,0.6610456368719276,0.05550417658599944
HF-NSGA-II,7,50,0.672396038113518,0.05005914047882403
HF-NSGA-II,7,60,0.689092023390184,0.046899725213138
HF-NSGA-II,7,70,0.6939698376932942,0.04326234612096198
HF-NSGA-II,7,80,0.7014105209164565,0.04068179771762671
HF-NSGA-II,7,90,0.7154755601103315,0.037810722768930986
HF-NSGA-II,7,100,0.7224250096588273,0.035204187598890914
HF-NSGA-II,7,110,0.7251336888517985,0.03328892313538898
HF-NSGA-II,7,120,0.7323485416748134,0.03104651926376531
HF-NSGA-II,7,130,0.7472274638970196,0.030353661803409832
HF-NSGA-II,7,140,0.748255802203608,0.02873630134338813
HF-NSGA-II,7,150,0.7463498222812659,0.027456418206840225
HF-NSGA-II,7,160,0.7542523669283071,0.026114788810841207
HF-NSGA-II,7,170,0.7541249579485781,0.02615139655824368
HF-NSGA-II,7,180,0.7511673984734462,0.023986808259740866
HF-NSGA-II,7,190,0.7600188673756466,0.024062792715341976
HF-NSGA-II,7,200,0.7645511269669822,0.02297841225631219
HF-NSGA-II,8,20,0.6265853415816812,0.06556079202887767
HF-NSGA-II,8,30,0.639865831991504,0.0599498454123557
HF-NSGA-II,8,40,0.6655500871119755,0.055075117336026304
HF-NSGA-II,8,50,0.6734312337637083,0.05137474064215279
HF-NSGA-II,8,60,0.6964545222796491,0.04673919551789327
HF-NSGA-II,8,70,0.7078540780523432,0.04254243341777682
HF-NSGA-II,8,80,0.711379877877744,0.042667836812326825
HF-NSGA-II,8,90,0.7246374322048087,0.037733804875836344
HF-NSGA-II,8,100,0.7295972497460367,0.03426488423551746
HF-NSGA-II,8,110,0.7529358549562988,0.03379990247314743
HF-NSGA-II,8,120,0.7521752097792781,0.03137764728409849
HF-NSGA-II,8,130,0.7564303847927986,0.02951416320871321
HF-NSGA-II,8,140,0.7614888369029217,0.02862317157464962
HF-NSGA-II,8,150,0.7639806348038607,0.02755146741807849
HF-NSGA-II,8,160,0.7700500079471566,0.025299730932190092
HF-NSGA-II,8,170,0.7781623743670631,0.024742908131717287
HF-NSGA-II,8,180,0.7795344559837013,0.02407359958077937
HF-NSGA-II,8,190,0.7893068688517448,0.023370416381396072
HF-NSGA-II,8,200,0.7849373746442164,0.023978684068653593
HF-NSGA-II,9,20,0.6337470365641196,0.06582533854903948
HF-NSGA-II,9,30,0.646555345827543,0.06125786642812512
HF-NSGA-II,9,40,0.6665212728540479,0.05591519940650067
HF-NSGA-II,9,50,0.6791133590009992,0.05129325751823939
HF-NSGA-II,9,60,0.6940293256310467,0.04731925889092697
HF-NSGA-II,9,70,0.7047876632494052,0.04347766525536089
HF-NSGA-II,9,80,0.7303093558376754,0.03979253046261068
HF-NSGA-II,9,90,0.7309865105723061,0.037236809046922795
HF-NSGA-II,9,100,0.7376890179702923,0.035294694705089565
HF-NSGA-II,9,110,0.7511081778277273,0.03318984809182141
HF-NSGA-II,9,120,0.7365515158097989,0.03074753159510226
HF-NSGA-II,9,130,0.7553985898935615,0.029598992184064546
HF-NSGA-II,9,140,0.7628440053710086,0.027091441415222378
HF-NSGA-II,9,150,0.770651647749131,0.02783211873172773
HF-NSGA-II,9,160,0.7765659380979956,0.02497083618155831
HF-NSGA-II,9,170,0.779375146528169,0.02518333700597635
HF-NSGA-II,9,180,0.7825843094642579,0.023664208746285338
HF-NSGA-II,9,190,0.7827840610422503,0.023752426565412606
HF-NSGA-II,9,200,0.7923532175659094,0.022356179363890668
HF-NSGA-II,10,20,0.6267878529770665,0.06666752474855489
HF-NSGA-II,10,30,0.6428078825427572,0.06010428715308952
HF-NSGA-II,10,40,0.6643860436891639,0.05549750121586933
HF-NSGA-II,10,50,0.6784662596197627,0.050485931994762354
HF-NSGA-II,10,60,0.7019671079152301,0.048209139516604146
HF-NSGA-II,10,70,0.6991331835908527,0.04370197812513163
HF-NSGA-II,10,80,0.719755435942955,0.04027335460245091
HF-NSGA-II,10,90,0.7335778746966566,0.03776924679732546
HF-NSGA-II,10,100,0.7414672274592584,0.0356461304273156
HF-NSGA-II,10,110,0.7560609445185353,0.03257677289620077
HF-NSGA-II,10,120,0.7581781276609564,0.031959279088209516
HF-NSGA-II,10,130,0.7631220959289349,0.028565786267497416
HF-NSGA-II,10,140,0.7679137981918143,0.02904846873045597
HF-NSGA-II,10,150,0.7749425704109928,0.027127483909956274
HF-NSGA-II,10,160,0.7841565676455177,0.0258495939531318
HF-NSGA-II,10,170,0.7808053313409633,0.025652319843046167
HF-NSGA-II,10,180,0.789579698445297,0.02446702679701764
HF-NSGA-II,10,190,0.7892170618668926,0.02324543334534654
HF-NSGA-II,10,200,0.7924754590955483,0.022148768849987052
HF-NSGA-II,11,20,0.6345155897310442,0.06700355460593287
HF-NSGA-II,11,30,0.6536947346813609,0.06135766061398033
HF-NSGA-II,11,40,0.6654589084122658,0.05547031118203439
HF-NSGA-II,11,50,0.6799424768882134,0.050091775397243424
HF-NSGA-II,11,60,0.7021177821564335,0.046269005590749535
HF-NSGA-II,11,70,0.7100046199084387,0.04375368320937893
HF-NSGA-II,11,80,0.7198075525833323,0.040721719110809976
HF-NSGA-II,11,90,0.7277876857918237,0.03794040720793789
HF-NSGA-II,11,100,0.7421479714258332,0.03438112863310299
HF-NSGA-II,11,110,0.7538662717475189,0.03284645058879805
HF-NSGA-II,11,120,0.7546170489389752,0.0313708864459186
HF-NSGA-II,11,130,0.7688628451316389,0.02940107009108808
HF-NSGA-II,11,140,0.7647762180566561,0.02829492137324539
HF-NSGA-II,11,150,0.7722282549488595,0.02717321659643224
HF-NSGA-II,11,160,0.7774121263316636,0.025596155082825756
HF-NSGA-II,11,170,0.7784200848951629,0.02437106351010851
HF-NSGA-II,11,180,0.7943269603601086,0.024567231202183803
HF-NSGA-II,11,190,0.7882151677481134,0.02321574274535624
HF-NSGA-II,11,200,0.790132197898887,0.024095618831736693
HF-NSGA-II,12,20,0.6256774000110678,0.0661070194923233
HF-NSGA-II,12,30,0.6468983884414057,0.06016651972301461
HF-NSGA-II,12,40,0.665234046378384,0.05593354619581271
HF-NSGA-II,12,50,0.6826280206855344,0.04999542608065939
HF-NSGA-II,12,60,0.701099544441339,0.04677229579711038
HF-NSGA-II,12,70,0.7088395394147103,0.04413549882446891
HF-NSGA-II,12,80,0.7247696878698842,0.04101828777950416
HF-NSGA-II,12,90,0.7250246229292003,0.037414630512336344
HF-NSGA-II,12,100,0.7431984793139831,0.03520055369371922
HF-NSGA-II,12,110,0.7493814710104546,0.03173087362576873
HF-NSGA-II,12,120,0.7554346733461321,0.031324456305970465
HF-NSGA-II,12,130,0.7605734578975317,0.02973680903015719
HF-NSGA-II,12,140,0.7646354753704093,0.02772929959885389
HF-NSGA-II,12,150,0.7702266649182447,0.026932585193754792
HF-NSGA-II,12,160,0.7763616777055928,0.025189835812379876
HF-NSGA-II,12,170,0.7826994826520158,0.02501027053113483
HF-NSGA-II,12,180,0.7877220525688821,0.024463072618304257
HF-NSGA-II,12,190,0.7890596371254034,0.023989232293979083
HF-NSGA-II,12,200,0.7984187682894637,0.022334673308580827
HF-NSGA-II,13,20,0.6273372556388103,0.06743441463358545
HF-NSGA-II,13,30,0.6464133210413611,0.061003343215852046
HF-NSGA-II,13,40,0.6619601522907174,0.05621172983752479
HF-NSGA-II,13,50,0.6765466662101788,0.0508756660182391
HF-NSGA-II,13,60,0.688939644441331,0.047252058975110166
HF-NSGA-II,13,70,0.7037149792873791,0.04333213479819684
HF-NSGA-II,13,80,0.7126662754717111,0.04166413311236045
HF-NSGA-II,13,90,0.7203802585295024,0.03787443451399624
HF-NSGA-II,13,100,0.7270014638812744,0.03541550450670085
HF-NSGA-II,13,110,0.7342149677285215,0.03401906726160046
HF-NSGA-II,13,120,0.7390061913538354,0.03127278410265855
HF-NSGA-II,13,130,0.7529420839937555,0.030349088235316533
HF-NSGA-II,13,140,0.7586040537560866,0.02970581254450338
HF-NSGA-II,13,150,0.7703542763840406,0.0269188676821285
HF-NSGA-II,13,160,0.7721722280012842,0.0273530823086926
HF-NSGA-II,13,170,0.7685741061323401,0.024567084343650965
HF-NSGA-II,13,180,0.7674012960458697,0.024099704397237985
HF-NSGA-II,13,190,0.7750312238013278,0.024095459112943248
HF-NSGA-II,13,200,0.782234310434801,0.022363520609630178
HF-NSGA-II,14,20,0.6273217337805921,0.06562983566660592
HF-NSGA-II,14,30,0.6501175793761123,0.06054297490326833
HF-NSGA-II,14,40,0.6693969564861741,0.05538134979541556
HF-NSGA-II,14,50,0.6820928053837335,0.05043836203245026
HF-NSGA-II,14,60,0.6889640354089618,0.046951418799063366
HF-NSGA-II,14,70,0.7123245180176353,0.04335288181567272
HF-NSGA-II,14,80,0.7062687028355416,0.04063203757325596
HF-NSGA-II,14,90,0.7209996563942804,0.03657663149591236
HF-NSGA-II,14,100,0.7370327921840516,0.03493380831106552
HF-NSGA-II,14,110,0.7453973101351843,0.03241842161597054
HF-NSGA-II,14,120,0.7506233098965843,0.030081757712587195
HF-NSGA-II,14,130,0.7496690137247539,0.028692346221829656
HF-NSGA-II,14,140,0.752518645565876,0.027278964932617816
HF-NSGA-II,14,150,0.7638493677167967,0.027298163476445907
HF-NSGA-II,14,160,0.764674081095727,0.025857753272211827
HF-NSGA-II,14,170,0.7783921032537002,0.024396413448257777
HF-NSGA-II,14,180,0.7766919315728759,0.023958379532133672
HF-NSGA-II,14,190,0.7775834108411497,0.023224726175714173
HF-NSGA-II,14,200,0.7804720076902949,0.022401112859350748
HF-NSGA-II,15,20,0.6295222888498538,0.06547862264724132
HF-NSGA-II,15,30,0.6517037645766438,0.06169847234627868
HF-NSGA-II,15,40,0.6665037215872017,0.05488176276599838
HF-NSGA-II,15,50,0.6785157121498715,0.05297816162483025
HF-NSGA-II,15,60,0.7000247865997653,0.04711392498095452
HF-NSGA-II,15,70,0.7070969897577831,0.043755054566732496
HF-NSGA-II,15,80,0.7139137076367094,0.04050979214306129
HF-NSGA-II,15,90,0.7288178888616166,0.037431885952696226
HF-NSGA-II,15,100,0.73116290901843,0.03541576270404974
HF-NSGA-II,15,110,0.7430038302991105,0.033397379622800184
HF-NSGA-II,15,120,0.7516861833611421,0.031284924880136955
HF-NSGA-II,15,130,0.7565978851872915,0.030160667863153613
HF-NSGA-II,15,140,0.7652142568153755,0.027988289968429524
HF-NSGA-II,15,150,0.7674145991426369,0.026666750648211085
HF-NSGA-II,15,160,0.7763975206621663,0.026128471989438844
HF-NSGA-II,15,170,0.7726240413042013,0.025094848448343605
HF-NSGA-II,15,180,0.78068391221823,0.024051776352101716
HF-NSGA-II,15,190,0.7809292566218987,0.023773696267896546
HF-NSGA-II,15,200,0.7888658987289097,0.02201558719623548
HF-NSGA-II,16,20,0.6311513776971919,0.06807755539667025
HF-NSGA-II,16,30,0.6502309581852334,0.06106953781105848
HF-NSGA-II,16,40,0.6647815620975606,0.05560280447903376
HF-NSGA-II,16,50,0.6794645885770388,0.051332596936536835
HF-NSGA-II,16,60,0.6911482201713571,0.04610577620959111
HF-NSGA-II,16,70,0.7069412657392048,0.044316735056160655
HF-NSGA-II,16,80,0.718549587947483,0.03956771969949799
HF-NSGA-II,16,90,0.7287043026678054,0.038099773231476654
HF-NSGA-II,16,100,0.7318620559023176,0.035515974985651726
HF-NSGA-II,16,110,0.7425728143769924,0.03280038780176555
HF-NSGA-II,16,120,0.7519582149222781,0.03179339734164841
HF-NSGA-II,16,130,0.7518384135791021,0.03039676788092962
HF-NSGA-II,16,140,0.7659526871497959,0.027906363545928962
HF-NSGA-II,16,150,0.7742355959984107,0.02615383870015573
HF-NSGA-II,16,160,0.7762093658808205,0.024837527721361545
HF-NSGA-II,16,170,0.7771005278908814,0.023913314031450215
HF-NSGA-II,16,180,0.7834357294813575,0.023866863043002708
HF-NSGA-II,16,190,0.7817499712731808,0.02315058983901489
HF-NSGA-II,16,200,0.7822397589529597,0.021338967719983414
HF-NSGA-II,17,20,0.6302216561803422,0.06729147989000199
HF-NSGA-II,17,30,0.6463819720924718,0.060789909741144364
HF-NSGA-II,17,40,0.6618611070711313,0.05681238093818635
HF-NSGA-II,17,50,0.684860684359017,0.05088678970073925
HF-NSGA-II,17,60,0.6873328515844377,0.04600904934672755
HF-NSGA-II,17,70,0.71539660254073,0.043429800740837105
HF-NSGA-II,17,80,0.7171759492100257,0.04063514819122778
HF-NSGA-II,17,90,0.726259021522348,0.037256738746885336
HF-NSGA-II,17,100,0.7385742752736294,0.03571882334942363
HF-NSGA-II,17,110,0.7470384510863651,0.032977488521644935
HF-NSGA-II,17,120,0.7500938263830298,0.031056520309844262
HF-NSGA-II,17,130,0.7662074888061798,0.029651025137720933
HF-NSGA-II,17,140,0.7717084511331502,0.028675940136833295
HF-NSGA-II,17,150,0.771630360597074,0.027284939562578506
HF-NSGA-II,17,160,0.7767122817066945,0.026713581625029962
HF-NSGA-II,17,170,0.778801197679976,0.02553341788705388
HF-NSGA-II,17,180,0.7832490633815907,0.025037969245997223
HF-NSGA-II,17,190,0.7862270060597218,0.023053683728119834
HF-NSGA-II,17,200,0.7974267050117955,0.02238675237246838
HF-NSGA-II,18,20,0.6362823750435793,0.06625529482160682
HF-NSGA-II,18,30,0.6448838067557009,0.06201539068237291
HF-NSGA-II,18,40,0.6696019995968728,0.05475592054229375
HF-NSGA-II,18,50,0.6798118340988137,0.05122496914678861
HF-NSGA-II,18,60,0.6916620811870827,0.0469234780412664
HF-NSGA-II,18,70,0.7076033748910361,0.04356310559391693
HF-NSGA-II,18,80,0.7149791134375512,0.04074393434289583
HF-NSGA-II,18,90,0.7291352027918359,0.03669358027111406
HF-NSGA-II,18,100,0.737832963493353,0.03565704279914985
HF-NSGA-II,18,110,0.7362467557758139,0.0343375364524474
HF-NSGA-II,18,120,0.7512625421198171,0.03006488716978348
HF-NSGA-II,18,130,0.7513211927912178,0.030740262158108517
HF-NSGA-II,18,140,0.7581135215086632,0.02923222524222861
HF-NSGA-II,18,150,0.7632435048895503,0.027888858967196308
HF-NSGA-II,18,160,0.7692600514140262,0.025297190085355376
HF-NSGA-II,18,170,0.7738846292523911,0.02581361937848778
HF-NSGA-II,18,180,0.7731227350151165,0.02455642386640891
HF-NSGA-II,18,190,0.7849521914789451,0.023717293498297497
HF-NSGA-II,18,200,0.7818175863593049,0.022562144253709403
HF-NSGA-II,19,20,0.6264362802163126,0.06646997993528117
HF-NSGA-II,19,30,0.6461254186277434,0.059995688832209564
HF-NSGA-II,19,40,0.6611385988810683,0.05501565550284611
HF-NSGA-II,19,50,0.684464728473016,0.050873877475002896
HF-NSGA-II,19,60,0.6898604349417711,0.04624662389283181
HF-NSGA-II,19,70,0.7020994548232135,0.04334127896529545
HF-NSGA-II,19,80,0.7203904784874092,0.040564387711833974
HF-NSGA-II,19,90,0.7174052557998768,0.03743314770506594
HF-NSGA-II,19,100,0.7349546276059205,0.03494817838981821
HF-NSGA-II,19,110,0.7373027479279797,0.033463159854395345
HF-NSGA-II,19,120,0.7440577400998462,0.03126556644743393
HF-NSGA-II,19,130,0.7489626910491574,0.030118196349905618
HF-NSGA-II,19,140,0.759374477466399,0.026897046422269498
HF-NSGA-II,19,150,0.7633030417021865,0.026801640648420843
HF-NSGA-II,19,160,0.758340395124068,0.027323227667222585
HF-NSGA-II,19,170,0.7703292496020956,0.025977844776005034
HF-NSGA-II,19,180,0.7713865448606632,0.02413180490829353
HF-NSGA-II,19,190,0.7875269384468427,0.024211139230831773
HF-NSGA-II,19,200,0.7839207273895316,0.023158151126747867
HF-NSGA-II,20,20,0.6213757275254793,0.06602775397748654
HF-NSGA-II,20,30,0.6466420144276771,0.06087432153784097
HF-NSGA-II,20,40,0.6596295367824737,0.05438319588496771
HF-NSGA-II,20,50,0.6761023474820872,0.051290494127104985
HF-NSGA-II,20,60,0.6849292076366928,0.04760849161857935
HF-NSGA-II,20,70,0.702659683722128,0.042680530106076184
HF-NSGA-II,20,80,0.7114823683101303,0.04120045125116448
HF-NSGA-II,20,90,0.7195992257422731,0.03768471800703594
HF-NSGA-II,20,100,0.7307336595514495,0.03487045198962451
HF-NSGA-II,20,110,0.7310800807249715,0.03439182435579335
HF-NSGA-II,20,120,0.7521743335895485,0.03220234470791537
HF-NSGA-II,20,130,0.7486832556397256,0.030374748226690545
HF-NSGA-II,20,140,0.7594788983583658,0.028311751375612502
HF-NSGA-II,20,150,0.7557264375236675,0.027341951266545247
HF-NSGA-II,20,160,0.7695936912611693,0.026019390684270872
HF-NSGA-II,20,170,0.7730511422739437,0.026115883601906337
HF-NSGA-II,20,180,0.7801197633091896,0.023691820639578604
HF-NSGA-II,20,190,0.7769238678736753,0.023387841885452617
HF-NSGA-II,20,200,0.7874948099248523,0.02319505904731628
HF-NSGA-II,21,20,0.6289387904560906,0.06599943099191344
HF-NSGA-II,21,30,0.654239857670017,0.06043313330084107
HF-NSGA-II,21,40,0.6626539802547478,0.05545146544553941
HF-NSGA-II,21,50,0.6777785802956807,0.050754855960344035
HF-NSGA-II,21,60,0.692395165595591,0.04756252347186894
HF-NSGA-II,21,70,0.6987336322811544,0.04281706307646812
HF-NSGA-II,21,80,0.7092696433476393,0.04050250334323286
HF-NSGA-II,21,90,0.7216475586489013,0.036475544469543514
HF-NSGA-II,21,100,0.7310796956377879,0.034344789278248
HF-NSGA-II,21,110,0.7388942735186713,0.03278246837908618
HF-NSGA-II,21,120,0.755060009753139,0.031365601646947155
HF-NSGA-II,21,130,0.7546434907833134,0.029655209137052642
HF-NSGA-II,21,140,0.7591292197610865,0.026904799645154617
HF-NSGA-II,21,150,0.7587667983520489,0.027143650203007883
HF-NSGA-II,21,160,0.7648427360939168,0.025618906885327877
HF-NSGA-II,21,170,0.7718208318774711,0.025093498381506724
HF-NSGA-II,21,180,0.7767741181373571,0.024721886428815947
HF-NSGA-II,21,190,0.7789721308678403,0.023125016136903424
HF-NSGA-II,21,200,0.7863705534824731,0.023475948076254777
HF-NSGA-II,22,20,0.6325678333983642,0.06755487428608606
HF-NSGA-II,22,30,0.6498251672242894,0.06063788074805244
HF-NSGA-II,22,40,0.6567564304683325,0.05485063625662372
HF-NSGA-II,22,50,0.679908093043684,0.05144954011240118
HF-NSGA-II,22,60,0.6883687085653252,0.04574829134544586
HF-NSGA-II,22,70,0.7010798547997125,0.04409462776790473
HF-NSGA-II,22,80,0.7122016199890722,0.03866582463790508
HF-NSGA-II,22,90,0.7230414294092775,0.03792033983016273
HF-NSGA-II,22,100,0.7225811944421139,0.03385923083887315
HF-NSGA-II,22,110,0.7470204312671247,0.032780159355864015
HF-NSGA-II,22,120,0.7433578010706435,0.03164421813883599
HF-NSGA-II,22,130,0.7458046832001929,0.029107162714116938
HF-NSGA-II,22,140,0.7655943569466609,0.02903838131393771
HF-NSGA-II,22,150,0.7625445211714587,0.026999694953305977
HF-NSGA-II,22,160,0.7625042876725072,0.025455306351995034
HF-NSGA-II,22,170,0.7661236396240724,0.024659884720949665
HF-NSGA-II,22,180,0.7787461271582249,0.0242293847058515
HF-NSGA-II,22,190,0.779554637001501,0.024279231037025655
HF-NSGA-II,22,200,0.7781527200934183,0.02295922863785485
HF-NSGA-II,23,20,0.630273861184035,0.06733590198849654
HF-NSGA-II,23,30,0.653019016007829,0.05975142027376338
HF-NSGA-II,23,40,0.6619874221601524,0.05461181035643609
HF-NSGA-II,23,50,0.6744185092807572,0.0497916406103391
HF-NSGA-II,23,60,0.6890335701356045,0.04575493715327882
HF-NSGA-II,23,70,0.6916766999016544,0.044169565757468804
HF-NSGA-II,23,80,0.7178345738397581,0.0397216707407315
HF-NSGA-II,23,90,0.7197363468855422,0.03792927978666824
HF-NSGA-II,23,100,0.735752256739542,0.03568473169251673
HF-NSGA-II,23,110,0.7300524984886179,0.032475590075290696
HF-NSGA-II,23,120,0.7463673987249804,0.031669753431185624
HF-NSGA-II,23,130,0.7528256757462072,0.029747877666456497
HF-NSGA-II,23,140,0.7603941515388701,0.02923040395856655
HF-NSGA-II,23,150,0.7544481586690577,0.028270415482790162
HF-NSGA-II,23,160,0.7604918318009719,0.025585554088935748
HF-NSGA-II,23,170,0.7593212165353244,0.025794333863415522
HF-NSGA-II,23,180,0.773492214532329,0.02495716863357363
HF-NSGA-II,23,190,0.7771756812265609,0.023041422591965476
HF-NSGA-II,23,200,0.7780883304720627,0.02253973007576682
HF-NSGA-II,24,20,0.631820629162319,0.06724049972972376
HF-NSGA-II,24,30,0.6559679099264126,0.06065848222443199
HF-NSGA-II,24,40,0.6707322692839408,0.05525185062011583
HF-NSGA-II,24,50,0.6857069177122486,0.05151422958467479
HF-NSGA-II,24,60,0.6994042359773104,0.04815993317946214
HF-NSGA-II,24,70,0.7146330968198911,0.043336749565906656
HF-NSGA-II,24,80,0.7274301567819883,0.040076492815317104
HF-NSGA-II,24,90,0.7324826747725005,0.037601566002132575
HF-NSGA-II,24,100,0.7381844299775314,0.03397109036982908
HF-NSGA-II,24,110,0.755227200606199,0.03302734253617126
HF-NSGA-II,24,120,0.7518746654210107,0.031170777233781914
HF-NSGA-II,24,130,0.7595189421628227,0.030331340743581518
HF-NSGA-II,24,140,0.771177722933626,0.02872074029878829
HF-NSGA-II,24,150,0.7692805104261924,0.027336665300543687
HF-NSGA-II,24,160,0.7843659921321051,0.027161119671922064
HF-NSGA-II,24,170,0.7906483809106287,0.026308778690807846
HF-NSGA-II,24,180,0.7800270470837437,0.024468632886471043
HF-NSGA-II,24,190,0.7882751022660018,0.022960591911563858
HF-NSGA-II,24,200,0.8015277379982103,0.02379585645355238
HF-NSGA-II,25,20,0.6302685525494944,0.06542364745547971
HF-NSGA-II,25,30,0.6519646033950575,0.06094195230546349
HF-NSGA-II,25,40,0.6629594442725576,0.054840148135771566
HF-NSGA-II,25,50,0.6838161879814256,0.05025728491993439
HF-NSGA-II,25,60,0.699586531716362,0.047745497302297144
HF-NSGA-II,25,70,0.7093253007512638,0.0430906779583106
HF-NSGA-II,25,80,0.7194270435848259,0.04092876737461172
HF-NSGA-II,25,90,0.729062889831095,0.03643428355013816
HF-NSGA-II,25,100,0.7437541566803544,0.0349828634177863
HF-NSGA-II,25,110,0.7450348117984095,0.0320660787093087
HF-NSGA-II,25,120,0.76026447296659,0.030541188734500832
HF-NSGA-II,25,130,0.7576807946349243,0.029135792699068495
HF-NSGA-II,25,140,0.7677473713132539,0.027058313613667572
HF-NSGA-II,25,150,0.7714404002117953,0.028831621562488755
HF-NSGA-II,25,160,0.7770582725216154,0.024691626017386108
HF-NSGA-II,25,170,0.7870715136548473,0.025676267167446306
HF-NSGA-II,25,180,0.7907321202773689,0.024532102479301647
HF-NSGA-II,25,190,0.7958152101934293,0.023169245308643015
HF-NSGA-II,25,200,0.8015697580256094,0.0233635047416346
HF-NSGA-II,26,20,0.6309811725976588,0.06579709661134978
HF-NSGA-II,26,30,0.652333561626218,0.060637087538232486
HF-NSGA-II,26,40,0.6708232239427758,0.05507288149984784
HF-NSGA-II,26,50,0.6799321256145886,0.05142351317220101
HF-NSGA-II,26,60,0.6996814208864451,0.046859892909174666
HF-NSGA-II,26,70,0.7002858493259363,0.04314287797626704
HF-NSGA-II,26,80,0.7200925499674129,0.0418417636124961
HF-NSGA-II,26,90,0.722563107714489,0.03674945869752915
HF-NSGA-II,26,100,0.7393729755799943,0.03440264965719392
HF-NSGA-II,26,110,0.7423842794497235,0.03266143139729306
HF-NSGA-II,26,120,0.7487950306811947,0.031763820106950204
HF-NSGA-II,26,130,0.75842762712487,0.030386673024085317
HF-NSGA-II,26,140,0.7633256361982387,0.029180466994375827
HF-NSGA-II,26,150,0.767787618551967,0.02729857714438132
HF-NSGA-II,26,160,0.7706077159474811,0.027671933048451263
HF-NSGA-II,26,170,0.7778924389326584,0.02661259068936956
HF-NSGA-II,26,180,0.7814998226816595,0.02525104980225878
HF-NSGA-II,26,190,0.7869991007152211,0.023443332043037116
HF-NSGA-II,26,200,0.791575824337045,0.022202804395276343
HF-NSGA-II,27,20,0.6419401998059666,0.06674706090680903
HF-NSGA-II,27,30,0.6448401006398304,0.06084146399994405
HF-NSGA-II,27,40,0.6677813252612831,0.05523801556596327
HF-NSGA-II,27,50,0.6767458761508963,0.05131767461069044
HF-NSGA-II,27,60,0.6900056115242698,0.04692672465814549
HF-NSGA-II,27,70,0.7004630142577948,0.0443324355426377
HF-NSGA-II,27,80,0.7093164777750658,0.04064705248168737
HF-NSGA-II,27,90,0.7296255324091063,0.03761914137217286
HF-NSGA-II,27,100,0.7284530511123543,0.034687617950398694
HF-NSGA-II,27,110,0.7435733749286328,0.03219039663925026
HF-NSGA-II,27,120,0.7529504933801753,0.030441089479469684
HF-NSGA-II,27,130,0.7607357229189177,0.0302703741460041
HF-NSGA-II,27,140,0.7663104021432987,0.029132512830297733
HF-NSGA-II,27,150,0.7748912420867868,0.027648180326754236
HF-NSGA-II,27,160,0.7769852760643233,0.025371712942590965
HF-NSGA-II,27,170,0.7743059645019962,0.02443688888478552
HF-NSGA-II,27,180,0.7771326439403818,0.023339229425434097
HF-NSGA-II,27,190,0.790401605005523,0.022822380697689926
HF-NSGA-II,27,200,0.7887985854133097,0.023714726173272083
HF-NSGA-II,28,20,0.6242643067939856,0.0662622353620548
HF-NSGA-II,28,30,0.6444511806099898,0.060170024227562825
HF-NSGA-II,28,40,0.664583289985628,0.05560029161983227
HF-NSGA-II,28,50,0.6775679998550359,0.05127195915717921
HF-NSGA-II,28,60,0.6903608112838489,0.04744861201421469
HF-NSGA-II,28,70,0.7060685273537957,0.04250928572310348
HF-NSGA-II,28,80,0.7159246866614617,0.04022513480930666
HF-NSGA-II,28,90,0.7260921037297902,0.03652535690361211
HF-NSGA-II,28,100,0.737821014060599,0.03512883642028159
HF-NSGA-II,28,110,0.7399093949707325,0.03257352058938525
HF-NSGA-II,28,120,0.7465708165090221,0.031049141477035337
HF-NSGA-II,28,130,0.7539313706111214,0.0302792730907929
HF-NSGA-II,28,140,0.7558726437850887,0.027925439254908885
HF-NSGA-II,28,150,0.7635710638831464,0.02780856498188226
HF-NSGA-II,28,160,0.7709260136911771,0.026269472169003043
HF-NSGA-II,28,170,0.7762846132274823,0.024406427322749582
HF-NSGA-II,28,180,0.7747708236421055,0.023103815670585247
HF-NSGA-II,28,190,0.7816639278105946,0.02335734452887858
HF-NSGA-II,28,200,0.7830530606372162,0.02288360384568072
HF-NSGA-II,29,20,0.6298659958158791,0.06612282509530581
HF-NSGA-II,29,30,0.6533955710380123,0.06088574236510654
HF-NSGA-II,29,40,0.6654449250327391,0.054506877780780574
HF-NSGA-II,29,50,0.6788305200885545,0.05062858983297447
HF-NSGA-II,29,60,0.6987812869683016,0.04622877566529213
HF-NSGA-II,29,70,0.7058826859520863,0.0440272664937572
HF-NSGA-II,29,80,0.7153915830600549,0.04023708379515006
HF-NSGA-II,29,90,0.7209893853306073,0.037267030307273574
HF-NSGA-II,29,100,0.7311873554437975,0.03519616698466402
HF-NSGA-II,29,110,0.7405607488953593,0.032273630059627835
HF-NSGA-II,29,120,0.7482127257657858,0.030988733157312393
HF-NSGA-II,29,130,0.7572724880831861,0.030334509374571297
HF-NSGA-II,29,140,0.7628404367586854,0.028561132347955574
HF-NSGA-II,29,150,0.7643525545402071,0.027411868745518275
HF-NSGA-II,29,160,0.7718685915695659,0.025514358231167985
HF-NSGA-II,29,170,0.7695315779950116,0.025121667132437332
HF-NSGA-II,29,180,0.7732694377085065,0.023922709301465256
HF-NSGA-II,29,190,0.7845401480243873,0.022544747873064052
HF-NSGA-II,29,200,0.7757488635227647,0.02202880948864769
HF-NSGA-II,30,20,0.626857609571151,0.06664773529565796
HF-NSGA-II,30,30,0.6457213352417253,0.060186394608956535
HF-NSGA-II,30,40,0.664294076765722,0.05585967238627256
HF-NSGA-II,30,50,0.6889233914269322,0.05151083740427406
HF-NSGA-II,30,60,0.6933762172808721,0.04634718845990449
HF-NSGA-II,30,70,0.7039932961033168,0.04552097854377162
HF-NSGA-II,30,80,0.7104022087021328,0.0415565050047109
HF-NSGA-II,30,90,0.7293092291359359,0.03718771765479138
HF-NSGA-II,30,100,0.7311535089004763,0.035490130067430944
HF-NSGA-II,30,110,0.7433838709076597,0.033883519125785785
HF-NSGA-II,30,120,0.7545490589927104,0.03099673178973473
HF-NSGA-II,30,130,0.752700290299006,0.02875004405833072
HF-NSGA-II,30,140,0.7621257266317556,0.028065130495343333
HF-NSGA-II,30,150,0.7694853735001232,0.027983994210770937
HF-NSGA-II,30,160,0.7718778842136186,0.026544537236981032
HF-NSGA-II,30,170,0.7761545124715922,0.023743297424460255
HF-NSGA-II,30,180,0.77692125270787,0.02354679437976838
HF-NSGA-II,30,190,0.7818064841477796,0.022340861922116394
HF-NSGA-II,30,200,0.7837400917207539,0.023491524554543175
