scenario,level,algorithm,seed,normalized_HV
objective_noise_pct,0,MF-BCL-SAEA,1,0.9193378987638822
objective_noise_pct,0,MF-BCL-SAEA,2,0.915239135631984
objective_noise_pct,0,MF-BCL-SAEA,3,0.919669805115265
objective_noise_pct,0,MF-BCL-SAEA,4,0.9059414772037752
objective_noise_pct,0,MF-BCL-SAEA,5,0.9198542195821864
objective_noise_pct,0,MF-BCL-SAEA,6,0.9167509938075573
objective_noise_pct,0,MF-BCL-SAEA,7,0.918535986197203
objective_noise_pct,0,MF-BCL-SAEA,8,0.9257550921398937
objective_noise_pct,0,MF-BCL-SAEA,9,0.9118028010672867
objective_noise_pct,0,MF-BCL-SAEA,10,0.9083174618981646
objective_noise_pct,0,MF-BCL-SAEA,11,0.909250657726521
objective_noise_pct,0,MF-BCL-SAEA,12,0.9251098041508004
objective_noise_pct,0,MF-BCL-SAEA,13,0.9065472974842675
objective_noise_pct,0,MF-BCL-SAEA,14,0.9224652008794906
objective_noise_pct,0,MF-BCL-SAEA,15,0.9084464765013789
objective_noise_pct,0,MF-BCL-SAEA,16,0.910767446296176
objective_noise_pct,0,MF-BCL-SAEA,17,0.9143467953836425
objective_noise_pct,0,MF-BCL-SAEA,18,0.9100020163549061
objective_noise_pct,0,MF-BCL-SAEA,19,0.909285924802683
objective_noise_pct,0,MF-BCL-SAEA,20,0.9219454617352953
objective_noise_pct,0,MF-EMTO,1,0.8983643792279589
objective_noise_pct,0,MF-EMTO,2,0.8891664306840725
objective_noise_pct,0,MF-EMTO,3,0.8854485528374613
objective_noise_pct,0,MF-EMTO,4,0.8837275297567095
objective_noise_pct,0,MF-EMTO,5,0.8782655637354675
objective_noise_pct,0,MF-EMTO,6,0.8844782698765945
objective_noise_pct,0,MF-EMTO,7,0.8917659420172063
objective_noise_pct,0,MF-EMTO,8,0.8840319944416712
objective_noise_pct,0,MF-EMTO,9,0.8695703407683835
objective_noise_pct,0,MF-EMTO,10,0.8829280918080237
objective_noise_pct,0,MF-EMTO,11,0.8755489780563188
objective_noise_pct,0,MF-EMTO,12,0.8724848409902862
objective_noise_pct,0,MF-EMTO,13,0.8864872506037365
objective_noise_pct,0,MF-EMTO,14,0.8919107935718861
objective_noise_pct,0,MF-EMTO,15,0.8821136333960848
objective_noise_pct,0,MF-EMTO,16,0.8853212866623446
objective_noise_pct,0,MF-EMTO,17,0.8881889489036208
objective_noise_pct,0,MF-EMTO,18,0.8868243350537548
objective_noise_pct,0,MF-EMTO,19,0.8824229496978816
objective_noise_pct,0,MF-EMTO,20,0.8825865441452602
objective_noise_pct,0,qNEHVI,1,0.8796126918312894
objective_noise_pct,0,qNEHVI,2,0.8793607000989335
objective_noise_pct,0,qNEHVI,3,0.8734168055957132
objective_noise_pct,0,qNEHVI,4,0.8934339001222934
objective_noise_pct,0,qNEHVI,5,0.8780478402145651
objective_noise_pct,0,qNEHVI,6,0.8631923187801648
objective_noise_pct,0,qNEHVI,7,0.8926288406658733
objective_noise_pct,0,qNEHVI,8,0.8776592164425451
objective_noise_pct,0,qNEHVI,9,0.886272164395492
objective_noise_pct,0,qNEHVI,10,0.8999129327844377
objective_noise_pct,0,qNEHVI,11,0.8776952727411219
objective_noise_pct,0,qNEHVI,12,0.8888192064381115
objective_noise_pct,0,qNEHVI,13,0.8796600211008591
objective_noise_pct,0,qNEHVI,14,0.8834971870042807
objective_noise_pct,0,qNEHVI,15,0.887980100403268
objective_noise_pct,0,qNEHVI,16,0.8728903029134943
objective_noise_pct,0,qNEHVI,17,0.8814865858123613
objective_noise_pct,0,qNEHVI,18,0.8836122589464639
objective_noise_pct,0,qNEHVI,19,0.8772128692800721
objective_noise_pct,0,qNEHVI,20,0.8745042011947771
objective_noise_pct,0,LC-SAEA,1,0.8679709327036399
objective_noise_pct,0,LC-SAEA,2,0.8756528848399394
objective_noise_pct,0,LC-SAEA,3,0.8651206357055866
objective_noise_pct,0,LC-SAEA,4,0.8632999290675946
objective_noise_pct,0,LC-SAEA,5,0.8873170233596848
objective_noise_pct,0,LC-SAEA,6,0.8740248427279104
objective_noise_pct,0,LC-SAEA,7,0.8737291211267796
objective_noise_pct,0,LC-SAEA,8,0.8758119628434305
objective_noise_pct,0,LC-SAEA,9,0.8752839263116511
objective_noise_pct,0,LC-SAEA,10,0.8740717048125637
objective_noise_pct,0,LC-SAEA,11,0.8664846087536359
objective_noise_pct,0,LC-SAEA,12,0.8589506958920405
objective_noise_pct,0,LC-SAEA,13,0.8614206522685964
objective_noise_pct,0,LC-SAEA,14,0.8806575189854082
objective_noise_pct,0,LC-SAEA,15,0.869622565256702
objective_noise_pct,0,LC-SAEA,16,0.8765301655969253
objective_noise_pct,0,LC-SAEA,17,0.8692087508490642
objective_noise_pct,0,LC-SAEA,18,0.8672025328616453
objective_noise_pct,0,LC-SAEA,19,0.8798955785234744
objective_noise_pct,0,LC-SAEA,20,0.8623935006955018
objective_noise_pct,2,MF-BCL-SAEA,1,0.9143852585515774
objective_noise_pct,2,MF-BCL-SAEA,2,0.9132945049834035
objective_noise_pct,2,MF-BCL-SAEA,3,0.913166941113952
objective_noise_pct,2,MF-BCL-SAEA,4,0.9185868755494809
objective_noise_pct,2,MF-BCL-SAEA,5,0.9074046502466232
objective_noise_pct,2,MF-BCL-SAEA,6,0.9132198572675051
objective_noise_pct,2,MF-BCL-SAEA,7,0.9179936314112073
objective_noise_pct,2,MF-BCL-SAEA,8,0.9035171717431206
objective_noise_pct,2,MF-BCL-SAEA,9,0.9140523999334005
objective_noise_pct,2,MF-BCL-SAEA,10,0.9193176505416866
objective_noise_pct,2,MF-BCL-SAEA,11,0.9098127701062341
objective_noise_pct,2,MF-BCL-SAEA,12,0.9207359572844421
objective_noise_pct,2,MF-BCL-SAEA,13,0.9011989007845287
objective_noise_pct,2,MF-BCL-SAEA,14,0.9081767946561701
objective_noise_pct,2,MF-BCL-SAEA,15,0.9114504591233494
objective_noise_pct,2,MF-BCL-SAEA,16,0.9032760169211665
objective_noise_pct,2,MF-BCL-SAEA,17,0.9082224373829612
objective_noise_pct,2,MF-BCL-SAEA,18,0.9090768123552515
objective_noise_pct,2,MF-BCL-SAEA,19,0.9134677880162055
objective_noise_pct,2,MF-BCL-SAEA,20,0.9149565477976469
objective_noise_pct,2,MF-EMTO,1,0.8899467846206962
objective_noise_pct,2,MF-EMTO,2,0.8717763291523549
objective_noise_pct,2,MF-EMTO,3,0.8728154444936957
objective_noise_pct,2,MF-EMTO,4,0.8816068822820198
objective_noise_pct,2,MF-EMTO,5,0.8743287091940262
objective_noise_pct,2,MF-EMTO,6,0.867306570084109
objective_noise_pct,2,MF-EMTO,7,0.8738381365420688
objective_noise_pct,2,MF-EMTO,8,0.8789734718151595
objective_noise_pct,2,MF-EMTO,9,0.8749860496918023
objective_noise_pct,2,MF-EMTO,10,0.8842389757874226
objective_noise_pct,2,MF-EMTO,11,0.8826828157333134
objective_noise_pct,2,MF-EMTO,12,0.8901905734015967
objective_noise_pct,2,MF-EMTO,13,0.875996694506307
objective_noise_pct,2,MF-EMTO,14,0.8927952321069045
objective_noise_pct,2,MF-EMTO,15,0.8767886563328414
objective_noise_pct,2,MF-EMTO,16,0.8839842164503157
objective_noise_pct,2,MF-EMTO,17,0.8909704256512149
objective_noise_pct,2,MF-EMTO,18,0.8745546461592202
objective_noise_pct,2,MF-EMTO,19,0.8798668064226304
objective_noise_pct,2,MF-EMTO,20,0.8847147250395023
objective_noise_pct,2,qNEHVI,1,0.8729697108402668
objective_noise_pct,2,qNEHVI,2,0.8872253331313628
objective_noise_pct,2,qNEHVI,3,0.8828994000628279
objective_noise_pct,2,qNEHVI,4,0.8917447278577482
objective_noise_pct,2,qNEHVI,5,0.8792474806859346
objective_noise_pct,2,qNEHVI,6,0.8687026535632987
objective_noise_pct,2,qNEHVI,7,0.8707218853829766
objective_noise_pct,2,qNEHVI,8,0.8812489401867885
objective_noise_pct,2,qNEHVI,9,0.8806909197381696
objective_noise_pct,2,qNEHVI,10,0.8812507314570083
objective_noise_pct,2,qNEHVI,11,0.8746921905503126
objective_noise_pct,2,qNEHVI,12,0.8840375693259559
objective_noise_pct,2,qNEHVI,13,0.8762674760228587
objective_noise_pct,2,qNEHVI,14,0.8780656649835541
objective_noise_pct,2,qNEHVI,15,0.8970606111349751
objective_noise_pct,2,qNEHVI,16,0.8703815020294533
objective_noise_pct,2,qNEHVI,17,0.873273293462403
objective_noise_pct,2,qNEHVI,18,0.8788141253911183
objective_noise_pct,2,qNEHVI,19,0.8884182053935427
objective_noise_pct,2,qNEHVI,20,0.8868825329711503
objective_noise_pct,2,LC-SAEA,1,0.8710529323852143
objective_noise_pct,2,LC-SAEA,2,0.8714836383186302
objective_noise_pct,2,LC-SAEA,3,0.875480742062867
objective_noise_pct,2,LC-SAEA,4,0.8556435684134654
objective_noise_pct,2,LC-SAEA,5,0.8695633820807658
objective_noise_pct,2,LC-SAEA,6,0.865829608777392
objective_noise_pct,2,LC-SAEA,7,0.8696692113596953
objective_noise_pct,2,LC-SAEA,8,0.8788210523651783
objective_noise_pct,2,LC-SAEA,9,0.8654698397600363
objective_noise_pct,2,LC-SAEA,10,0.8769692663686243
objective_noise_pct,2,LC-SAEA,11,0.8636440004350762
objective_noise_pct,2,LC-SAEA,12,0.8665571774178531
objective_noise_pct,2,LC-SAEA,13,0.8635389914597673
objective_noise_pct,2,LC-SAEA,14,0.8709415190965414
objective_noise_pct,2,LC-SAEA,15,0.8798716143707636
objective_noise_pct,2,LC-SAEA,16,0.8696824284135053
objective_noise_pct,2,LC-SAEA,17,0.8794327361885799
objective_noise_pct,2,LC-SAEA,18,0.8738101513142502
objective_noise_pct,2,LC-SAEA,19,0.8754585039279449
objective_noise_pct,2,LC-SAEA,20,0.8824086361470169
objective_noise_pct,5,MF-BCL-SAEA,1,0.9007936809521011
objective_noise_pct,5,MF-BCL-SAEA,2,0.90609375720752
objective_noise_pct,5,MF-BCL-SAEA,3,0.9080750181535494
objective_noise_pct,5,MF-BCL-SAEA,4,0.9030850085625984
objective_noise_pct,5,MF-BCL-SAEA,5,0.9004437493988737
objective_noise_pct,5,MF-BCL-SAEA,6,0.9029127866015381
objective_noise_pct,5,MF-BCL-SAEA,7,0.9069132076942121
objective_noise_pct,5,MF-BCL-SAEA,8,0.9082958248779017
objective_noise_pct,5,MF-BCL-SAEA,9,0.8980352864702548
objective_noise_pct,5,MF-BCL-SAEA,10,0.9053774683764525
objective_noise_pct,5,MF-BCL-SAEA,11,0.90751347765714
objective_noise_pct,5,MF-BCL-SAEA,12,0.9086587421322204
objective_noise_pct,5,MF-BCL-SAEA,13,0.8993228917668974
objective_noise_pct,5,MF-BCL-SAEA,14,0.9004174815901715
objective_noise_pct,5,MF-BCL-SAEA,15,0.8990033804793838
objective_noise_pct,5,MF-BCL-SAEA,16,0.9088373045566625
objective_noise_pct,5,MF-BCL-SAEA,17,0.9071428417408781
objective_noise_pct,5,MF-BCL-SAEA,18,0.9084354875729466
objective_noise_pct,5,MF-BCL-SAEA,19,0.9076905505658731
objective_noise_pct,5,MF-BCL-SAEA,20,0.902216200749616
objective_noise_pct,5,MF-EMTO,1,0.8613017808784216
objective_noise_pct,5,MF-EMTO,2,0.8715797802673492
objective_noise_pct,5,MF-EMTO,3,0.8661658597900335
objective_noise_pct,5,MF-EMTO,4,0.8760978861506562
objective_noise_pct,5,MF-EMTO,5,0.8875592777012032
objective_noise_pct,5,MF-EMTO,6,0.8752528668088093
objective_noise_pct,5,MF-EMTO,7,0.8854816774563211
objective_noise_pct,5,MF-EMTO,8,0.8721575366419759
objective_noise_pct,5,MF-EMTO,9,0.8692345486541586
objective_noise_pct,5,MF-EMTO,10,0.8652252854408011
objective_noise_pct,5,MF-EMTO,11,0.8668232032322017
objective_noise_pct,5,MF-EMTO,12,0.8674335268202265
objective_noise_pct,5,MF-EMTO,13,0.8769781416932182
objective_noise_pct,5,MF-EMTO,14,0.8567648373245552
objective_noise_pct,5,MF-EMTO,15,0.8724645853224692
objective_noise_pct,5,MF-EMTO,16,0.8726144138129232
objective_noise_pct,5,MF-EMTO,17,0.8618225063320271
objective_noise_pct,5,MF-EMTO,18,0.8707532799908191
objective_noise_pct,5,MF-EMTO,19,0.8740220062604178
objective_noise_pct,5,MF-EMTO,20,0.8714300219285636
objective_noise_pct,5,qNEHVI,1,0.8769962875043498
objective_noise_pct,5,qNEHVI,2,0.8628991547382405
objective_noise_pct,5,qNEHVI,3,0.8655771830404563
objective_noise_pct,5,qNEHVI,4,0.8508214249523163
objective_noise_pct,5,qNEHVI,5,0.8610504913975162
objective_noise_pct,5,qNEHVI,6,0.874270594445762
objective_noise_pct,5,qNEHVI,7,0.8602531963140985
objective_noise_pct,5,qNEHVI,8,0.8712623059244168
objective_noise_pct,5,qNEHVI,9,0.864191752380784
objective_noise_pct,5,qNEHVI,10,0.8666425099021248
objective_noise_pct,5,qNEHVI,11,0.8695731497899687
objective_noise_pct,5,qNEHVI,12,0.867611624220418
objective_noise_pct,5,qNEHVI,13,0.8718976587092891
objective_noise_pct,5,qNEHVI,14,0.8723160440024436
objective_noise_pct,5,qNEHVI,15,0.8717866693042589
objective_noise_pct,5,qNEHVI,16,0.8644464731375118
objective_noise_pct,5,qNEHVI,17,0.883447460271954
objective_noise_pct,5,qNEHVI,18,0.866637609105183
objective_noise_pct,5,qNEHVI,19,0.8690266579285009
objective_noise_pct,5,qNEHVI,20,0.8738627905452919
objective_noise_pct,5,LC-SAEA,1,0.8600250894928845
objective_noise_pct,5,LC-SAEA,2,0.8721366010064746
objective_noise_pct,5,LC-SAEA,3,0.8596112548749241
objective_noise_pct,5,LC-SAEA,4,0.8576637109397215
objective_noise_pct,5,LC-SAEA,5,0.872022736752146
objective_noise_pct,5,LC-SAEA,6,0.8595426287621398
objective_noise_pct,5,LC-SAEA,7,0.8582348183642565
objective_noise_pct,5,LC-SAEA,8,0.8650883565820551
objective_noise_pct,5,LC-SAEA,9,0.852074934798128
objective_noise_pct,5,LC-SAEA,10,0.8468697311888878
objective_noise_pct,5,LC-SAEA,11,0.872429490212459
objective_noise_pct,5,LC-SAEA,12,0.8504821601527198
objective_noise_pct,5,LC-SAEA,13,0.8561122916429011
objective_noise_pct,5,LC-SAEA,14,0.8549437442997303
objective_noise_pct,5,LC-SAEA,15,0.8668360773650731
objective_noise_pct,5,LC-SAEA,16,0.8543051726071641
objective_noise_pct,5,LC-SAEA,17,0.8677128384076379
objective_noise_pct,5,LC-SAEA,18,0.8667906822688215
objective_noise_pct,5,LC-SAEA,19,0.8562173049875917
objective_noise_pct,5,LC-SAEA,20,0.8749750567997712
objective_noise_pct,10,MF-BCL-SAEA,1,0.894525619015169
objective_noise_pct,10,MF-BCL-SAEA,2,0.8913938868766819
objective_noise_pct,10,MF-BCL-SAEA,3,0.8923343174866053
objective_noise_pct,10,MF-BCL-SAEA,4,0.8892154733735012
objective_noise_pct,10,MF-BCL-SAEA,5,0.8988200352418446
objective_noise_pct,10,MF-BCL-SAEA,6,0.8942300621194101
objective_noise_pct,10,MF-BCL-SAEA,7,0.9017383842965054
objective_noise_pct,10,MF-BCL-SAEA,8,0.8964531886705733
objective_noise_pct,10,MF-BCL-SAEA,9,0.8981615725059124
objective_noise_pct,10,MF-BCL-SAEA,10,0.903603885372183
objective_noise_pct,10,MF-BCL-SAEA,11,0.9013156785026744
objective_noise_pct,10,MF-BCL-SAEA,12,0.8965228908271852
objective_noise_pct,10,MF-BCL-SAEA,13,0.8858407706879559
objective_noise_pct,10,MF-BCL-SAEA,14,0.9067542668775621
objective_noise_pct,10,MF-BCL-SAEA,15,0.8936172577167364
objective_noise_pct,10,MF-BCL-SAEA,16,0.893577456412238
objective_noise_pct,10,MF-BCL-SAEA,17,0.8948853097755848
objective_noise_pct,10,MF-BCL-SAEA,18,0.8959914956012005
objective_noise_pct,10,MF-BCL-SAEA,19,0.9002167208100663
objective_noise_pct,10,MF-BCL-SAEA,20,0.8970636932279288
objective_noise_pct,10,MF-EMTO,1,0.8606485480351623
objective_noise_pct,10,MF-EMTO,2,0.8718335454211433
objective_noise_pct,10,MF-EMTO,3,0.8565993296411655
objective_noise_pct,10,MF-EMTO,4,0.8724830233237137
objective_noise_pct,10,MF-EMTO,5,0.8632582222877917
objective_noise_pct,10,MF-EMTO,6,0.8512717368783681
objective_noise_pct,10,MF-EMTO,7,0.8631936495913248
objective_noise_pct,10,MF-EMTO,8,0.8509706064877449
objective_noise_pct,10,MF-EMTO,9,0.853821967320386
objective_noise_pct,10,MF-EMTO,10,0.8666676087018622
objective_noise_pct,10,MF-EMTO,11,0.8613609655369563
objective_noise_pct,10,MF-EMTO,12,0.8705093843104156
objective_noise_pct,10,MF-EMTO,13,0.8617763144146074
objective_noise_pct,10,MF-EMTO,14,0.8520691182002617
objective_noise_pct,10,MF-EMTO,15,0.8610437462344461
objective_noise_pct,10,MF-EMTO,16,0.8666232036110022
objective_noise_pct,10,MF-EMTO,17,0.8677551478469813
objective_noise_pct,10,MF-EMTO,18,0.8776709146623525
objective_noise_pct,10,MF-EMTO,19,0.8749399983372859
objective_noise_pct,10,MF-EMTO,20,0.8636183868760511
objective_noise_pct,10,qNEHVI,1,0.8430578162442467
objective_noise_pct,10,qNEHVI,2,0.8505992216850383
objective_noise_pct,10,qNEHVI,3,0.8492213977621866
objective_noise_pct,10,qNEHVI,4,0.864093091054858
objective_noise_pct,10,qNEHVI,5,0.8496610907461263
objective_noise_pct,10,qNEHVI,6,0.8535331335122287
objective_noise_pct,10,qNEHVI,7,0.8564464314398361
objective_noise_pct,10,qNEHVI,8,0.8657165508278386
objective_noise_pct,10,qNEHVI,9,0.8589756192461138
objective_noise_pct,10,qNEHVI,10,0.8721298149931975
objective_noise_pct,10,qNEHVI,11,0.8671870525261974
objective_noise_pct,10,qNEHVI,12,0.866184614453989
objective_noise_pct,10,qNEHVI,13,0.8577560664489554
objective_noise_pct,10,qNEHVI,14,0.8574907535876408
objective_noise_pct,10,qNEHVI,15,0.8553184910270153
objective_noise_pct,10,qNEHVI,16,0.8538690118683644
objective_noise_pct,10,qNEHVI,17,0.852881325595463
objective_noise_pct,10,qNEHVI,18,0.8515435780175443
objective_noise_pct,10,qNEHVI,19,0.8595891451801024
objective_noise_pct,10,qNEHVI,20,0.8555857993413856
objective_noise_pct,10,LC-SAEA,1,0.8541172759354709
objective_noise_pct,10,LC-SAEA,2,0.8466913383237906
objective_noise_pct,10,LC-SAEA,3,0.8558980624974122
objective_noise_pct,10,LC-SAEA,4,0.8487239452254322
objective_noise_pct,10,LC-SAEA,5,0.8409437693111583
objective_noise_pct,10,LC-SAEA,6,0.8579649390010746
objective_noise_pct,10,LC-SAEA,7,0.8400265568137689
objective_noise_pct,10,LC-SAEA,8,0.8504765860637881
objective_noise_pct,10,LC-SAEA,9,0.8460178952248956
objective_noise_pct,10,LC-SAEA,10,0.8515170805286338
objective_noise_pct,10,LC-SAEA,11,0.8475055543738523
objective_noise_pct,10,LC-SAEA,12,0.8422043782793125
objective_noise_pct,10,LC-SAEA,13,0.8468164861526468
objective_noise_pct,10,LC-SAEA,14,0.8469900681460805
objective_noise_pct,10,LC-SAEA,15,0.8554019948484683
objective_noise_pct,10,LC-SAEA,16,0.8557114730865948
objective_noise_pct,10,LC-SAEA,17,0.8409591004959875
objective_noise_pct,10,LC-SAEA,18,0.854979219783589
objective_noise_pct,10,LC-SAEA,19,0.8477892235567228
objective_noise_pct,10,LC-SAEA,20,0.8317438888907586
objective_noise_pct,15,MF-BCL-SAEA,1,0.8883396907023177
objective_noise_pct,15,MF-BCL-SAEA,2,0.8825303944811266
objective_noise_pct,15,MF-BCL-SAEA,3,0.8996870077689677
objective_noise_pct,15,MF-BCL-SAEA,4,0.8973754557056635
objective_noise_pct,15,MF-BCL-SAEA,5,0.8897130876715067
objective_noise_pct,15,MF-BCL-SAEA,6,0.8858496522037189
objective_noise_pct,15,MF-BCL-SAEA,7,0.8932085670153584
objective_noise_pct,15,MF-BCL-SAEA,8,0.8857293605083636
objective_noise_pct,15,MF-BCL-SAEA,9,0.8845650016307867
objective_noise_pct,15,MF-BCL-SAEA,10,0.8834159471544017
objective_noise_pct,15,MF-BCL-SAEA,11,0.8884395396948931
objective_noise_pct,15,MF-BCL-SAEA,12,0.8885426635832533
objective_noise_pct,15,MF-BCL-SAEA,13,0.8889424270741543
objective_noise_pct,15,MF-BCL-SAEA,14,0.8904091276013387
objective_noise_pct,15,MF-BCL-SAEA,15,0.8879023883778026
objective_noise_pct,15,MF-BCL-SAEA,16,0.8937645961021132
objective_noise_pct,15,MF-BCL-SAEA,17,0.8938837898371341
objective_noise_pct,15,MF-BCL-SAEA,18,0.8796754868054244
objective_noise_pct,15,MF-BCL-SAEA,19,0.8842171696025866
objective_noise_pct,15,MF-BCL-SAEA,20,0.8849482034100462
objective_noise_pct,15,MF-EMTO,1,0.865853409972776
objective_noise_pct,15,MF-EMTO,2,0.8452511043063309
objective_noise_pct,15,MF-EMTO,3,0.8505885558235771
objective_noise_pct,15,MF-EMTO,4,0.8458946360878074
objective_noise_pct,15,MF-EMTO,5,0.8489206303559552
objective_noise_pct,15,MF-EMTO,6,0.8661539590250414
objective_noise_pct,15,MF-EMTO,7,0.8545663475271565
objective_noise_pct,15,MF-EMTO,8,0.8567969082990228
objective_noise_pct,15,MF-EMTO,9,0.8406666654334826
objective_noise_pct,15,MF-EMTO,10,0.8522814061599171
objective_noise_pct,15,MF-EMTO,11,0.8534065951031581
objective_noise_pct,15,MF-EMTO,12,0.8549801424451806
objective_noise_pct,15,MF-EMTO,13,0.8544335616396509
objective_noise_pct,15,MF-EMTO,14,0.8455945502802706
objective_noise_pct,15,MF-EMTO,15,0.8411178035825903
objective_noise_pct,15,MF-EMTO,16,0.859050397745599
objective_noise_pct,15,MF-EMTO,17,0.8538746452408038
objective_noise_pct,15,MF-EMTO,18,0.859962424448716
objective_noise_pct,15,MF-EMTO,19,0.8536606214333113
objective_noise_pct,15,MF-EMTO,20,0.8356794424277855
objective_noise_pct,15,qNEHVI,1,0.8422145888092889
objective_noise_pct,15,qNEHVI,2,0.8465334494732097
objective_noise_pct,15,qNEHVI,3,0.8393786097067298
objective_noise_pct,15,qNEHVI,4,0.8436363658651215
objective_noise_pct,15,qNEHVI,5,0.8281855821761257
objective_noise_pct,15,qNEHVI,6,0.8394657617602933
objective_noise_pct,15,qNEHVI,7,0.8545534583297728
objective_noise_pct,15,qNEHVI,8,0.8299371536008752
objective_noise_pct,15,qNEHVI,9,0.8393180077277327
objective_noise_pct,15,qNEHVI,10,0.8334655786459985
objective_noise_pct,15,qNEHVI,11,0.846660646532824
objective_noise_pct,15,qNEHVI,12,0.8357764175156768
objective_noise_pct,15,qNEHVI,13,0.8404556163116458
objective_noise_pct,15,qNEHVI,14,0.8550544467544358
objective_noise_pct,15,qNEHVI,15,0.8514698510448814
objective_noise_pct,15,qNEHVI,16,0.8358534136236158
objective_noise_pct,15,qNEHVI,17,0.8327832991031818
objective_noise_pct,15,qNEHVI,18,0.8495173643638574
objective_noise_pct,15,qNEHVI,19,0.8453932889531368
objective_noise_pct,15,qNEHVI,20,0.8298254167118576
objective_noise_pct,15,LC-SAEA,1,0.8366293054374869
objective_noise_pct,15,LC-SAEA,2,0.8376853939661514
objective_noise_pct,15,LC-SAEA,3,0.8361381504602325
objective_noise_pct,15,LC-SAEA,4,0.8283830310877347
objective_noise_pct,15,LC-SAEA,5,0.8212494541781549
objective_noise_pct,15,LC-SAEA,6,0.8240565034503026
objective_noise_pct,15,LC-SAEA,7,0.8239232259962233
objective_noise_pct,15,LC-SAEA,8,0.8290866345166557
objective_noise_pct,15,LC-SAEA,9,0.8360411731846467
objective_noise_pct,15,LC-SAEA,10,0.8332415918182927
objective_noise_pct,15,LC-SAEA,11,0.8306332688030535
objective_noise_pct,15,LC-SAEA,12,0.8275567072644193
objective_noise_pct,15,LC-SAEA,13,0.8273280127102354
objective_noise_pct,15,LC-SAEA,14,0.8391711688478484
objective_noise_pct,15,LC-SAEA,15,0.8287610374164726
objective_noise_pct,15,LC-SAEA,16,0.826916805746969
objective_noise_pct,15,LC-SAEA,17,0.8142075535232282
objective_noise_pct,15,LC-SAEA,18,0.8343181152339395
objective_noise_pct,15,LC-SAEA,19,0.8390359409231798
objective_noise_pct,15,LC-SAEA,20,0.8351087645091861
missing_fidelity_pairs_pct,0,MF-BCL-SAEA,1,0.9125915875600132
missing_fidelity_pairs_pct,0,MF-BCL-SAEA,2,0.9166586502517158
missing_fidelity_pairs_pct,0,MF-BCL-SAEA,3,0.918002520737025
missing_fidelity_pairs_pct,0,MF-BCL-SAEA,4,0.909987134621169
missing_fidelity_pairs_pct,0,MF-BCL-SAEA,5,0.9192704964813021
missing_fidelity_pairs_pct,0,MF-BCL-SAEA,6,0.9083012775635643
missing_fidelity_pairs_pct,0,MF-BCL-SAEA,7,0.9047925117028468
missing_fidelity_pairs_pct,0,MF-BCL-SAEA,8,0.9140119321494498
missing_fidelity_pairs_pct,0,MF-BCL-SAEA,9,0.9071210339443366
missing_fidelity_pairs_pct,0,MF-BCL-SAEA,10,0.906332102211721
missing_fidelity_pairs_pct,0,MF-BCL-SAEA,11,0.9155079935114583
missing_fidelity_pairs_pct,0,MF-BCL-SAEA,12,0.9118830074117258
missing_fidelity_pairs_pct,0,MF-BCL-SAEA,13,0.907128985942435
missing_fidelity_pairs_pct,0,MF-BCL-SAEA,14,0.918499363798813
missing_fidelity_pairs_pct,0,MF-BCL-SAEA,15,0.9216558573961527
missing_fidelity_pairs_pct,0,MF-BCL-SAEA,16,0.9149979302710832
missing_fidelity_pairs_pct,0,MF-BCL-SAEA,17,0.9121319783458659
missing_fidelity_pairs_pct,0,MF-BCL-SAEA,18,0.9094678615072248
missing_fidelity_pairs_pct,0,MF-BCL-SAEA,19,0.9189070739172657
missing_fidelity_pairs_pct,0,MF-BCL-SAEA,20,0.92287257721055
missing_fidelity_pairs_pct,0,MF-EMTO,1,0.8815931404360418
missing_fidelity_pairs_pct,0,MF-EMTO,2,0.8969432285232749
missing_fidelity_pairs_pct,0,MF-EMTO,3,0.8891064416565442
missing_fidelity_pairs_pct,0,MF-EMTO,4,0.8840687904827945
missing_fidelity_pairs_pct,0,MF-EMTO,5,0.8761986899594347
missing_fidelity_pairs_pct,0,MF-EMTO,6,0.8857368662735249
missing_fidelity_pairs_pct,0,MF-EMTO,7,0.875774632243017
missing_fidelity_pairs_pct,0,MF-EMTO,8,0.9099621398097144
missing_fidelity_pairs_pct,0,MF-EMTO,9,0.8790435203004651
missing_fidelity_pairs_pct,0,MF-EMTO,10,0.8922400546015496
missing_fidelity_pairs_pct,0,MF-EMTO,11,0.8808148076902106
missing_fidelity_pairs_pct,0,MF-EMTO,12,0.891315426274268
missing_fidelity_pairs_pct,0,MF-EMTO,13,0.8897635158989522
missing_fidelity_pairs_pct,0,MF-EMTO,14,0.883554394422854
missing_fidelity_pairs_pct,0,MF-EMTO,15,0.8780544190360666
missing_fidelity_pairs_pct,0,MF-EMTO,16,0.8739527796800594
missing_fidelity_pairs_pct,0,MF-EMTO,17,0.8896145909590248
missing_fidelity_pairs_pct,0,MF-EMTO,18,0.882646825696746
missing_fidelity_pairs_pct,0,MF-EMTO,19,0.8791389922682008
missing_fidelity_pairs_pct,0,MF-EMTO,20,0.8933731020205
missing_fidelity_pairs_pct,0,qNEHVI,1,0.887609821782021
missing_fidelity_pairs_pct,0,qNEHVI,2,0.8857066544158854
missing_fidelity_pairs_pct,0,qNEHVI,3,0.884418364828989
missing_fidelity_pairs_pct,0,qNEHVI,4,0.8795084709925948
missing_fidelity_pairs_pct,0,qNEHVI,5,0.8813568647296669
missing_fidelity_pairs_pct,0,qNEHVI,6,0.8890134285080922
missing_fidelity_pairs_pct,0,qNEHVI,7,0.8650569913977857
missing_fidelity_pairs_pct,0,qNEHVI,8,0.8855006509155963
missing_fidelity_pairs_pct,0,qNEHVI,9,0.8699762302085976
missing_fidelity_pairs_pct,0,qNEHVI,10,0.8798046107508132
missing_fidelity_pairs_pct,0,qNEHVI,11,0.8894734542857408
missing_fidelity_pairs_pct,0,qNEHVI,12,0.8823124439287018
missing_fidelity_pairs_pct,0,qNEHVI,13,0.8623433682361747
missing_fidelity_pairs_pct,0,qNEHVI,14,0.8794777092710758
missing_fidelity_pairs_pct,0,qNEHVI,15,0.8710222883483141
missing_fidelity_pairs_pct,0,qNEHVI,16,0.8749154085428974
missing_fidelity_pairs_pct,0,qNEHVI,17,0.8739016002607474
missing_fidelity_pairs_pct,0,qNEHVI,18,0.8715531014806297
missing_fidelity_pairs_pct,0,qNEHVI,19,0.8822818929754546
missing_fidelity_pairs_pct,0,qNEHVI,20,0.8689648622107884
missing_fidelity_pairs_pct,0,LC-SAEA,1,0.8695890813412145
missing_fidelity_pairs_pct,0,LC-SAEA,2,0.8740054775745231
missing_fidelity_pairs_pct,0,LC-SAEA,3,0.8901715700374571
missing_fidelity_pairs_pct,0,LC-SAEA,4,0.8755322228635941
missing_fidelity_pairs_pct,0,LC-SAEA,5,0.8668805225804532
missing_fidelity_pairs_pct,0,LC-SAEA,6,0.8784053614511197
missing_fidelity_pairs_pct,0,LC-SAEA,7,0.8800198361482743
missing_fidelity_pairs_pct,0,LC-SAEA,8,0.8612292594550204
missing_fidelity_pairs_pct,0,LC-SAEA,9,0.8854119881654745
missing_fidelity_pairs_pct,0,LC-SAEA,10,0.8508522913495985
missing_fidelity_pairs_pct,0,LC-SAEA,11,0.8857849095421693
missing_fidelity_pairs_pct,0,LC-SAEA,12,0.8735862793705972
missing_fidelity_pairs_pct,0,LC-SAEA,13,0.885928012147569
missing_fidelity_pairs_pct,0,LC-SAEA,14,0.8721674692362756
missing_fidelity_pairs_pct,0,LC-SAEA,15,0.8764510909386016
missing_fidelity_pairs_pct,0,LC-SAEA,16,0.8782450636498025
missing_fidelity_pairs_pct,0,LC-SAEA,17,0.8652311875797801
missing_fidelity_pairs_pct,0,LC-SAEA,18,0.8727476286478522
missing_fidelity_pairs_pct,0,LC-SAEA,19,0.8659689864910234
missing_fidelity_pairs_pct,0,LC-SAEA,20,0.8775492902371045
missing_fidelity_pairs_pct,15,MF-BCL-SAEA,1,0.9095058529534229
missing_fidelity_pairs_pct,15,MF-BCL-SAEA,2,0.9068145186076885
missing_fidelity_pairs_pct,15,MF-BCL-SAEA,3,0.9057517728915387
missing_fidelity_pairs_pct,15,MF-BCL-SAEA,4,0.90647870648215
missing_fidelity_pairs_pct,15,MF-BCL-SAEA,5,0.9042945641325526
missing_fidelity_pairs_pct,15,MF-BCL-SAEA,6,0.9098821420898778
missing_fidelity_pairs_pct,15,MF-BCL-SAEA,7,0.9020063044588593
missing_fidelity_pairs_pct,15,MF-BCL-SAEA,8,0.9029519101435268
missing_fidelity_pairs_pct,15,MF-BCL-SAEA,9,0.913196546331225
missing_fidelity_pairs_pct,15,MF-BCL-SAEA,10,0.9103509469574417
missing_fidelity_pairs_pct,15,MF-BCL-SAEA,11,0.9160344774127197
missing_fidelity_pairs_pct,15,MF-BCL-SAEA,12,0.9150366631803787
missing_fidelity_pairs_pct,15,MF-BCL-SAEA,13,0.9084629302600034
missing_fidelity_pairs_pct,15,MF-BCL-SAEA,14,0.9110005931869463
missing_fidelity_pairs_pct,15,MF-BCL-SAEA,15,0.8937054673095547
missing_fidelity_pairs_pct,15,MF-BCL-SAEA,16,0.90633485910019
missing_fidelity_pairs_pct,15,MF-BCL-SAEA,17,0.9042886688772594
missing_fidelity_pairs_pct,15,MF-BCL-SAEA,18,0.9093999619181743
missing_fidelity_pairs_pct,15,MF-BCL-SAEA,19,0.9110832167159172
missing_fidelity_pairs_pct,15,MF-BCL-SAEA,20,0.9059143184871526
missing_fidelity_pairs_pct,15,MF-EMTO,1,0.8663389759936251
missing_fidelity_pairs_pct,15,MF-EMTO,2,0.8805788231099578
missing_fidelity_pairs_pct,15,MF-EMTO,3,0.8745905248787136
missing_fidelity_pairs_pct,15,MF-EMTO,4,0.8873523082414987
missing_fidelity_pairs_pct,15,MF-EMTO,5,0.8915896044550298
missing_fidelity_pairs_pct,15,MF-EMTO,6,0.8774565512296209
missing_fidelity_pairs_pct,15,MF-EMTO,7,0.8799254468428104
missing_fidelity_pairs_pct,15,MF-EMTO,8,0.8624192693943795
missing_fidelity_pairs_pct,15,MF-EMTO,9,0.8834278650350135
missing_fidelity_pairs_pct,15,MF-EMTO,10,0.8774946963329822
missing_fidelity_pairs_pct,15,MF-EMTO,11,0.8818319390109995
missing_fidelity_pairs_pct,15,MF-EMTO,12,0.8851237796391186
missing_fidelity_pairs_pct,15,MF-EMTO,13,0.8693629181188826
missing_fidelity_pairs_pct,15,MF-EMTO,14,0.8675213906287867
missing_fidelity_pairs_pct,15,MF-EMTO,15,0.8725612267656678
missing_fidelity_pairs_pct,15,MF-EMTO,16,0.8853523028875419
missing_fidelity_pairs_pct,15,MF-EMTO,17,0.8708996641177822
missing_fidelity_pairs_pct,15,MF-EMTO,18,0.8718960437509271
missing_fidelity_pairs_pct,15,MF-EMTO,19,0.8912271832531958
missing_fidelity_pairs_pct,15,MF-EMTO,20,0.8779522949247678
missing_fidelity_pairs_pct,15,qNEHVI,1,0.8535930189986594
missing_fidelity_pairs_pct,15,qNEHVI,2,0.8747774957449214
missing_fidelity_pairs_pct,15,qNEHVI,3,0.8663823344432245
missing_fidelity_pairs_pct,15,qNEHVI,4,0.8610721247572127
missing_fidelity_pairs_pct,15,qNEHVI,5,0.8811264987993904
missing_fidelity_pairs_pct,15,qNEHVI,6,0.8707939654936899
missing_fidelity_pairs_pct,15,qNEHVI,7,0.8652798148146644
missing_fidelity_pairs_pct,15,qNEHVI,8,0.8692774210141063
missing_fidelity_pairs_pct,15,qNEHVI,9,0.8733725903647349
missing_fidelity_pairs_pct,15,qNEHVI,10,0.8649050731937469
missing_fidelity_pairs_pct,15,qNEHVI,11,0.8726866534333759
missing_fidelity_pairs_pct,15,qNEHVI,12,0.8770121115219734
missing_fidelity_pairs_pct,15,qNEHVI,13,0.8795324092660922
missing_fidelity_pairs_pct,15,qNEHVI,14,0.8646006525691928
missing_fidelity_pairs_pct,15,qNEHVI,15,0.869182279785781
missing_fidelity_pairs_pct,15,qNEHVI,16,0.8746533236692756
missing_fidelity_pairs_pct,15,qNEHVI,17,0.8703514855120053
missing_fidelity_pairs_pct,15,qNEHVI,18,0.8602873655005819
missing_fidelity_pairs_pct,15,qNEHVI,19,0.874136509126553
missing_fidelity_pairs_pct,15,qNEHVI,20,0.8775143370808264
missing_fidelity_pairs_pct,15,LC-SAEA,1,0.8716317030708804
missing_fidelity_pairs_pct,15,LC-SAEA,2,0.8751757134652074
missing_fidelity_pairs_pct,15,LC-SAEA,3,0.8544611389304798
missing_fidelity_pairs_pct,15,LC-SAEA,4,0.8644483815143211
missing_fidelity_pairs_pct,15,LC-SAEA,5,0.8682723831825787
missing_fidelity_pairs_pct,15,LC-SAEA,6,0.8636989046749888
missing_fidelity_pairs_pct,15,LC-SAEA,7,0.8487678789747132
missing_fidelity_pairs_pct,15,LC-SAEA,8,0.8550302542995362
missing_fidelity_pairs_pct,15,LC-SAEA,9,0.8764515771694295
missing_fidelity_pairs_pct,15,LC-SAEA,10,0.8690400650474416
missing_fidelity_pairs_pct,15,LC-SAEA,11,0.8561764089120807
missing_fidelity_pairs_pct,15,LC-SAEA,12,0.8615413833953435
missing_fidelity_pairs_pct,15,LC-SAEA,13,0.8675213825355134
missing_fidelity_pairs_pct,15,LC-SAEA,14,0.8590027611560228
missing_fidelity_pairs_pct,15,LC-SAEA,15,0.8549188246174835
missing_fidelity_pairs_pct,15,LC-SAEA,16,0.8678185444254457
missing_fidelity_pairs_pct,15,LC-SAEA,17,0.8620535958194012
missing_fidelity_pairs_pct,15,LC-SAEA,18,0.8483463294206245
missing_fidelity_pairs_pct,15,LC-SAEA,19,0.8634348847458986
missing_fidelity_pairs_pct,15,LC-SAEA,20,0.8723308754631818
missing_fidelity_pairs_pct,30,MF-BCL-SAEA,1,0.9029559632096417
missing_fidelity_pairs_pct,30,MF-BCL-SAEA,2,0.8961515908730402
missing_fidelity_pairs_pct,30,MF-BCL-SAEA,3,0.9040225081568546
missing_fidelity_pairs_pct,30,MF-BCL-SAEA,4,0.9094143408281243
missing_fidelity_pairs_pct,30,MF-BCL-SAEA,5,0.9013880837040245
missing_fidelity_pairs_pct,30,MF-BCL-SAEA,6,0.8973208879931315
missing_fidelity_pairs_pct,30,MF-BCL-SAEA,7,0.9097775530295548
missing_fidelity_pairs_pct,30,MF-BCL-SAEA,8,0.90576414971306
missing_fidelity_pairs_pct,30,MF-BCL-SAEA,9,0.8976247575490494
missing_fidelity_pairs_pct,30,MF-BCL-SAEA,10,0.8976265411509948
missing_fidelity_pairs_pct,30,MF-BCL-SAEA,11,0.9102889183496871
missing_fidelity_pairs_pct,30,MF-BCL-SAEA,12,0.9019957798069168
missing_fidelity_pairs_pct,30,MF-BCL-SAEA,13,0.900051655871745
missing_fidelity_pairs_pct,30,MF-BCL-SAEA,14,0.9027215075184871
missing_fidelity_pairs_pct,30,MF-BCL-SAEA,15,0.899454671804021
missing_fidelity_pairs_pct,30,MF-BCL-SAEA,16,0.893611745689075
missing_fidelity_pairs_pct,30,MF-BCL-SAEA,17,0.8975175973299713
missing_fidelity_pairs_pct,30,MF-BCL-SAEA,18,0.9028617254875254
missing_fidelity_pairs_pct,30,MF-BCL-SAEA,19,0.8977401941591644
missing_fidelity_pairs_pct,30,MF-BCL-SAEA,20,0.9036806254362283
missing_fidelity_pairs_pct,30,MF-EMTO,1,0.8673735258307955
missing_fidelity_pairs_pct,30,MF-EMTO,2,0.8721226012476053
missing_fidelity_pairs_pct,30,MF-EMTO,3,0.8750931432064799
missing_fidelity_pairs_pct,30,MF-EMTO,4,0.8792307144677726
missing_fidelity_pairs_pct,30,MF-EMTO,5,0.8691545289566692
missing_fidelity_pairs_pct,30,MF-EMTO,6,0.8811790988427506
missing_fidelity_pairs_pct,30,MF-EMTO,7,0.8804874168604069
missing_fidelity_pairs_pct,30,MF-EMTO,8,0.8666011778972824
missing_fidelity_pairs_pct,30,MF-EMTO,9,0.8737868989157704
missing_fidelity_pairs_pct,30,MF-EMTO,10,0.8783579127812522
missing_fidelity_pairs_pct,30,MF-EMTO,11,0.8695926619807595
missing_fidelity_pairs_pct,30,MF-EMTO,12,0.876637045264339
missing_fidelity_pairs_pct,30,MF-EMTO,13,0.8681759523180425
missing_fidelity_pairs_pct,30,MF-EMTO,14,0.8703313393898422
missing_fidelity_pairs_pct,30,MF-EMTO,15,0.8623537407672994
missing_fidelity_pairs_pct,30,MF-EMTO,16,0.8563400985604986
missing_fidelity_pairs_pct,30,MF-EMTO,17,0.8583624563328606
missing_fidelity_pairs_pct,30,MF-EMTO,18,0.8643862445998349
missing_fidelity_pairs_pct,30,MF-EMTO,19,0.8789750016766844
missing_fidelity_pairs_pct,30,MF-EMTO,20,0.8724998100880469
missing_fidelity_pairs_pct,30,qNEHVI,1,0.8573574093300242
missing_fidelity_pairs_pct,30,qNEHVI,2,0.8680783462607997
missing_fidelity_pairs_pct,30,qNEHVI,3,0.8715184041190333
missing_fidelity_pairs_pct,30,qNEHVI,4,0.8687248240844563
missing_fidelity_pairs_pct,30,qNEHVI,5,0.8534654870547341
missing_fidelity_pairs_pct,30,qNEHVI,6,0.8587099364786739
missing_fidelity_pairs_pct,30,qNEHVI,7,0.8516269048467685
missing_fidelity_pairs_pct,30,qNEHVI,8,0.8561441863540945
missing_fidelity_pairs_pct,30,qNEHVI,9,0.8505933670744734
missing_fidelity_pairs_pct,30,qNEHVI,10,0.8438270550568858
missing_fidelity_pairs_pct,30,qNEHVI,11,0.8572722629747902
missing_fidelity_pairs_pct,30,qNEHVI,12,0.8605725701310242
missing_fidelity_pairs_pct,30,qNEHVI,13,0.8741182781832867
missing_fidelity_pairs_pct,30,qNEHVI,14,0.8408018471491087
missing_fidelity_pairs_pct,30,qNEHVI,15,0.8698689501752191
missing_fidelity_pairs_pct,30,qNEHVI,16,0.8627664684282775
missing_fidelity_pairs_pct,30,qNEHVI,17,0.8683950155011257
missing_fidelity_pairs_pct,30,qNEHVI,18,0.8638734544966798
missing_fidelity_pairs_pct,30,qNEHVI,19,0.8731196995550266
missing_fidelity_pairs_pct,30,qNEHVI,20,0.8554624144962469
missing_fidelity_pairs_pct,30,LC-SAEA,1,0.8440204392422347
missing_fidelity_pairs_pct,30,LC-SAEA,2,0.8406720205633464
missing_fidelity_pairs_pct,30,LC-SAEA,3,0.8407751753367547
missing_fidelity_pairs_pct,30,LC-SAEA,4,0.8575199406039812
missing_fidelity_pairs_pct,30,LC-SAEA,5,0.857059660892629
missing_fidelity_pairs_pct,30,LC-SAEA,6,0.8598126816604983
missing_fidelity_pairs_pct,30,LC-SAEA,7,0.8525711547019698
missing_fidelity_pairs_pct,30,LC-SAEA,8,0.8563491661717715
missing_fidelity_pairs_pct,30,LC-SAEA,9,0.8412928227732476
missing_fidelity_pairs_pct,30,LC-SAEA,10,0.8477861795377425
missing_fidelity_pairs_pct,30,LC-SAEA,11,0.8440009405572901
missing_fidelity_pairs_pct,30,LC-SAEA,12,0.8665696098226059
missing_fidelity_pairs_pct,30,LC-SAEA,13,0.8327171178773959
missing_fidelity_pairs_pct,30,LC-SAEA,14,0.8555614561831396
missing_fidelity_pairs_pct,30,LC-SAEA,15,0.8504819656326185
missing_fidelity_pairs_pct,30,LC-SAEA,16,0.8555582787922767
missing_fidelity_pairs_pct,30,LC-SAEA,17,0.8544986926793483
missing_fidelity_pairs_pct,30,LC-SAEA,18,0.8451601951031076
missing_fidelity_pairs_pct,30,LC-SAEA,19,0.837888053020307
missing_fidelity_pairs_pct,30,LC-SAEA,20,0.8499140373691945
missing_fidelity_pairs_pct,45,MF-BCL-SAEA,1,0.8887901721362386
missing_fidelity_pairs_pct,45,MF-BCL-SAEA,2,0.8920395886429843
missing_fidelity_pairs_pct,45,MF-BCL-SAEA,3,0.8993678470198946
missing_fidelity_pairs_pct,45,MF-BCL-SAEA,4,0.9025005666407252
missing_fidelity_pairs_pct,45,MF-BCL-SAEA,5,0.8981252809761526
missing_fidelity_pairs_pct,45,MF-BCL-SAEA,6,0.8888415320067338
missing_fidelity_pairs_pct,45,MF-BCL-SAEA,7,0.8925494757711095
missing_fidelity_pairs_pct,45,MF-BCL-SAEA,8,0.8926363079144403
missing_fidelity_pairs_pct,45,MF-BCL-SAEA,9,0.8827703367613505
missing_fidelity_pairs_pct,45,MF-BCL-SAEA,10,0.89497137989459
missing_fidelity_pairs_pct,45,MF-BCL-SAEA,11,0.8982892120242079
missing_fidelity_pairs_pct,45,MF-BCL-SAEA,12,0.892754581612571
missing_fidelity_pairs_pct,45,MF-BCL-SAEA,13,0.8914471074895092
missing_fidelity_pairs_pct,45,MF-BCL-SAEA,14,0.8941301158727633
missing_fidelity_pairs_pct,45,MF-BCL-SAEA,15,0.8937343404942721
missing_fidelity_pairs_pct,45,MF-BCL-SAEA,16,0.8988523978693793
missing_fidelity_pairs_pct,45,MF-BCL-SAEA,17,0.8873941876426542
missing_fidelity_pairs_pct,45,MF-BCL-SAEA,18,0.8959111841744962
missing_fidelity_pairs_pct,45,MF-BCL-SAEA,19,0.896797895933819
missing_fidelity_pairs_pct,45,MF-BCL-SAEA,20,0.8951051726869941
missing_fidelity_pairs_pct,45,MF-EMTO,1,0.8556007759752218
missing_fidelity_pairs_pct,45,MF-EMTO,2,0.8559944663485912
missing_fidelity_pairs_pct,45,MF-EMTO,3,0.8714298696976146
missing_fidelity_pairs_pct,45,MF-EMTO,4,0.8612156562894773
missing_fidelity_pairs_pct,45,MF-EMTO,5,0.8713340136253575
missing_fidelity_pairs_pct,45,MF-EMTO,6,0.8747502462388662
missing_fidelity_pairs_pct,45,MF-EMTO,7,0.8567349678829996
missing_fidelity_pairs_pct,45,MF-EMTO,8,0.8716420971446484
missing_fidelity_pairs_pct,45,MF-EMTO,9,0.8732176813247865
missing_fidelity_pairs_pct,45,MF-EMTO,10,0.8558395050256382
missing_fidelity_pairs_pct,45,MF-EMTO,11,0.8552601635150044
missing_fidelity_pairs_pct,45,MF-EMTO,12,0.8614534485856494
missing_fidelity_pairs_pct,45,MF-EMTO,13,0.8641021496577813
missing_fidelity_pairs_pct,45,MF-EMTO,14,0.8498990271162474
missing_fidelity_pairs_pct,45,MF-EMTO,15,0.8456390603707736
missing_fidelity_pairs_pct,45,MF-EMTO,16,0.8638757708132109
missing_fidelity_pairs_pct,45,MF-EMTO,17,0.8745986227024206
missing_fidelity_pairs_pct,45,MF-EMTO,18,0.8669171718452003
missing_fidelity_pairs_pct,45,MF-EMTO,19,0.8798041539306991
missing_fidelity_pairs_pct,45,MF-EMTO,20,0.8670454908076809
missing_fidelity_pairs_pct,45,qNEHVI,1,0.8474590811558206
missing_fidelity_pairs_pct,45,qNEHVI,2,0.8393904558217703
missing_fidelity_pairs_pct,45,qNEHVI,3,0.8607674055274921
missing_fidelity_pairs_pct,45,qNEHVI,4,0.8661019068669243
missing_fidelity_pairs_pct,45,qNEHVI,5,0.8519298653381516
missing_fidelity_pairs_pct,45,qNEHVI,6,0.8584524588555998
missing_fidelity_pairs_pct,45,qNEHVI,7,0.8607900103606387
missing_fidelity_pairs_pct,45,qNEHVI,8,0.8564915777091817
missing_fidelity_pairs_pct,45,qNEHVI,9,0.8619138290487426
missing_fidelity_pairs_pct,45,qNEHVI,10,0.8567855622323701
missing_fidelity_pairs_pct,45,qNEHVI,11,0.8495833187268504
missing_fidelity_pairs_pct,45,qNEHVI,12,0.844706490882027
missing_fidelity_pairs_pct,45,qNEHVI,13,0.8448717209853075
missing_fidelity_pairs_pct,45,qNEHVI,14,0.8488927798475296
missing_fidelity_pairs_pct,45,qNEHVI,15,0.8468191299676813
missing_fidelity_pairs_pct,45,qNEHVI,16,0.8577276243040205
missing_fidelity_pairs_pct,45,qNEHVI,17,0.8524747756092592
missing_fidelity_pairs_pct,45,qNEHVI,18,0.8635330646426547
missing_fidelity_pairs_pct,45,qNEHVI,19,0.8413624487320264
missing_fidelity_pairs_pct,45,qNEHVI,20,0.8531268042344926
missing_fidelity_pairs_pct,45,LC-SAEA,1,0.8475139028167981
missing_fidelity_pairs_pct,45,LC-SAEA,2,0.8357173043512375
missing_fidelity_pairs_pct,45,LC-SAEA,3,0.8419851583295896
missing_fidelity_pairs_pct,45,LC-SAEA,4,0.852096937047685
missing_fidelity_pairs_pct,45,LC-SAEA,5,0.8453866943745804
missing_fidelity_pairs_pct,45,LC-SAEA,6,0.8318997351518921
missing_fidelity_pairs_pct,45,LC-SAEA,7,0.851112829841102
missing_fidelity_pairs_pct,45,LC-SAEA,8,0.8325351265572832
missing_fidelity_pairs_pct,45,LC-SAEA,9,0.8345155512873591
missing_fidelity_pairs_pct,45,LC-SAEA,10,0.8401472249687582
missing_fidelity_pairs_pct,45,LC-SAEA,11,0.8405053804687849
missing_fidelity_pairs_pct,45,LC-SAEA,12,0.8288104037799963
missing_fidelity_pairs_pct,45,LC-SAEA,13,0.854751720033051
missing_fidelity_pairs_pct,45,LC-SAEA,14,0.834082365497967
missing_fidelity_pairs_pct,45,LC-SAEA,15,0.8166225560776152
missing_fidelity_pairs_pct,45,LC-SAEA,16,0.8415091662824581
missing_fidelity_pairs_pct,45,LC-SAEA,17,0.838902717057637
missing_fidelity_pairs_pct,45,LC-SAEA,18,0.836060933757946
missing_fidelity_pairs_pct,45,LC-SAEA,19,0.8408513986097133
missing_fidelity_pairs_pct,45,LC-SAEA,20,0.8446174999335704
missing_fidelity_pairs_pct,60,MF-BCL-SAEA,1,0.88815013170774
missing_fidelity_pairs_pct,60,MF-BCL-SAEA,2,0.8930779292718247
missing_fidelity_pairs_pct,60,MF-BCL-SAEA,3,0.8869678528876649
missing_fidelity_pairs_pct,60,MF-BCL-SAEA,4,0.8936457247504482
missing_fidelity_pairs_pct,60,MF-BCL-SAEA,5,0.8911398380752951
missing_fidelity_pairs_pct,60,MF-BCL-SAEA,6,0.8778106169654555
missing_fidelity_pairs_pct,60,MF-BCL-SAEA,7,0.8924722884345264
missing_fidelity_pairs_pct,60,MF-BCL-SAEA,8,0.886984868038274
missing_fidelity_pairs_pct,60,MF-BCL-SAEA,9,0.8924342719013026
missing_fidelity_pairs_pct,60,MF-BCL-SAEA,10,0.8877520472691848
missing_fidelity_pairs_pct,60,MF-BCL-SAEA,11,0.8832341217713346
missing_fidelity_pairs_pct,60,MF-BCL-SAEA,12,0.8885995714749761
missing_fidelity_pairs_pct,60,MF-BCL-SAEA,13,0.8873784950476243
missing_fidelity_pairs_pct,60,MF-BCL-SAEA,14,0.8848376191462326
missing_fidelity_pairs_pct,60,MF-BCL-SAEA,15,0.8840109193958811
missing_fidelity_pairs_pct,60,MF-BCL-SAEA,16,0.882917728601772
missing_fidelity_pairs_pct,60,MF-BCL-SAEA,17,0.8863994087234004
missing_fidelity_pairs_pct,60,MF-BCL-SAEA,18,0.88045096729146
missing_fidelity_pairs_pct,60,MF-BCL-SAEA,19,0.8951534319636228
missing_fidelity_pairs_pct,60,MF-BCL-SAEA,20,0.893147803408313
missing_fidelity_pairs_pct,60,MF-EMTO,1,0.8324135219659976
missing_fidelity_pairs_pct,60,MF-EMTO,2,0.8570932863537537
missing_fidelity_pairs_pct,60,MF-EMTO,3,0.8439431686738295
missing_fidelity_pairs_pct,60,MF-EMTO,4,0.850003396849361
missing_fidelity_pairs_pct,60,MF-EMTO,5,0.849641470906643
missing_fidelity_pairs_pct,60,MF-EMTO,6,0.8586651714748188
missing_fidelity_pairs_pct,60,MF-EMTO,7,0.8634207538186981
missing_fidelity_pairs_pct,60,MF-EMTO,8,0.8715556420662327
missing_fidelity_pairs_pct,60,MF-EMTO,9,0.8516178083524112
missing_fidelity_pairs_pct,60,MF-EMTO,10,0.8598224846006198
missing_fidelity_pairs_pct,60,MF-EMTO,11,0.8379575367629085
missing_fidelity_pairs_pct,60,MF-EMTO,12,0.8421341636250023
missing_fidelity_pairs_pct,60,MF-EMTO,13,0.8667989683237686
missing_fidelity_pairs_pct,60,MF-EMTO,14,0.8552996641744319
missing_fidelity_pairs_pct,60,MF-EMTO,15,0.8318107962288402
missing_fidelity_pairs_pct,60,MF-EMTO,16,0.8527099953798353
missing_fidelity_pairs_pct,60,MF-EMTO,17,0.837378901778923
missing_fidelity_pairs_pct,60,MF-EMTO,18,0.8415259290477414
missing_fidelity_pairs_pct,60,MF-EMTO,19,0.8573450406587886
missing_fidelity_pairs_pct,60,MF-EMTO,20,0.8456621349996043
missing_fidelity_pairs_pct,60,qNEHVI,1,0.8361817191042596
missing_fidelity_pairs_pct,60,qNEHVI,2,0.8490490169933075
missing_fidelity_pairs_pct,60,qNEHVI,3,0.8391229943870697
missing_fidelity_pairs_pct,60,qNEHVI,4,0.8373903851520427
missing_fidelity_pairs_pct,60,qNEHVI,5,0.8271741925257367
missing_fidelity_pairs_pct,60,qNEHVI,6,0.8503421646012902
missing_fidelity_pairs_pct,60,qNEHVI,7,0.8303111648322011
missing_fidelity_pairs_pct,60,qNEHVI,8,0.8430857492689094
missing_fidelity_pairs_pct,60,qNEHVI,9,0.8409060393700887
missing_fidelity_pairs_pct,60,qNEHVI,10,0.8391142728776144
missing_fidelity_pairs_pct,60,qNEHVI,11,0.8380073785180314
missing_fidelity_pairs_pct,60,qNEHVI,12,0.8384185448313661
missing_fidelity_pairs_pct,60,qNEHVI,13,0.83581924462745
missing_fidelity_pairs_pct,60,qNEHVI,14,0.8462742366958095
missing_fidelity_pairs_pct,60,qNEHVI,15,0.8442765496252396
missing_fidelity_pairs_pct,60,qNEHVI,16,0.8450050750780053
missing_fidelity_pairs_pct,60,qNEHVI,17,0.844259511135397
missing_fidelity_pairs_pct,60,qNEHVI,18,0.8434952608925655
missing_fidelity_pairs_pct,60,qNEHVI,19,0.8312145387142487
missing_fidelity_pairs_pct,60,qNEHVI,20,0.8331174739221797
missing_fidelity_pairs_pct,60,LC-SAEA,1,0.8267669508493515
missing_fidelity_pairs_pct,60,LC-SAEA,2,0.8350374550592848
missing_fidelity_pairs_pct,60,LC-SAEA,3,0.8220577364151034
missing_fidelity_pairs_pct,60,LC-SAEA,4,0.8408098145441628
missing_fidelity_pairs_pct,60,LC-SAEA,5,0.8305121439343226
missing_fidelity_pairs_pct,60,LC-SAEA,6,0.8280912798015685
missing_fidelity_pairs_pct,60,LC-SAEA,7,0.8323208642465524
missing_fidelity_pairs_pct,60,LC-SAEA,8,0.8406884744993092
missing_fidelity_pairs_pct,60,LC-SAEA,9,0.8292234797379279
missing_fidelity_pairs_pct,60,LC-SAEA,10,0.8272407275985462
missing_fidelity_pairs_pct,60,LC-SAEA,11,0.8238284268605315
missing_fidelity_pairs_pct,60,LC-SAEA,12,0.8203827328772373
missing_fidelity_pairs_pct,60,LC-SAEA,13,0.8187094142661349
missing_fidelity_pairs_pct,60,LC-SAEA,14,0.83329013621716
missing_fidelity_pairs_pct,60,LC-SAEA,15,0.8284791713682969
missing_fidelity_pairs_pct,60,LC-SAEA,16,0.8198643416301188
missing_fidelity_pairs_pct,60,LC-SAEA,17,0.8300157591604919
missing_fidelity_pairs_pct,60,LC-SAEA,18,0.8243898791334907
missing_fidelity_pairs_pct,60,LC-SAEA,19,0.8363043972081604
missing_fidelity_pairs_pct,60,LC-SAEA,20,0.8237671279262331
phase_temperature_shift_C,0,MF-BCL-SAEA,1,0.9174876716356921
phase_temperature_shift_C,0,MF-BCL-SAEA,2,0.9136276691568355
phase_temperature_shift_C,0,MF-BCL-SAEA,3,0.9259781102631544
phase_temperature_shift_C,0,MF-BCL-SAEA,4,0.9210616962465847
phase_temperature_shift_C,0,MF-BCL-SAEA,5,0.9128657143319379
phase_temperature_shift_C,0,MF-BCL-SAEA,6,0.9142827497376093
phase_temperature_shift_C,0,MF-BCL-SAEA,7,0.9151755678480514
phase_temperature_shift_C,0,MF-BCL-SAEA,8,0.917546428124418
phase_temperature_shift_C,0,MF-BCL-SAEA,9,0.9169859284585969
phase_temperature_shift_C,0,MF-BCL-SAEA,10,0.9119488404672239
phase_temperature_shift_C,0,MF-BCL-SAEA,11,0.9137406555657106
phase_temperature_shift_C,0,MF-BCL-SAEA,12,0.9241965898003595
phase_temperature_shift_C,0,MF-BCL-SAEA,13,0.908681238735289
phase_temperature_shift_C,0,MF-BCL-SAEA,14,0.9193043622728045
phase_temperature_shift_C,0,MF-BCL-SAEA,15,0.909823476271475
phase_temperature_shift_C,0,MF-BCL-SAEA,16,0.9154046989437926
phase_temperature_shift_C,0,MF-BCL-SAEA,17,0.9084848964453666
phase_temperature_shift_C,0,MF-BCL-SAEA,18,0.9007816541744929
phase_temperature_shift_C,0,MF-BCL-SAEA,19,0.9153090766850183
phase_temperature_shift_C,0,MF-BCL-SAEA,20,0.912319315731443
phase_temperature_shift_C,0,MF-EMTO,1,0.8910189181398865
phase_temperature_shift_C,0,MF-EMTO,2,0.8887981262842265
phase_temperature_shift_C,0,MF-EMTO,3,0.8832324982143135
phase_temperature_shift_C,0,MF-EMTO,4,0.8821903405218108
phase_temperature_shift_C,0,MF-EMTO,5,0.8777676137629822
phase_temperature_shift_C,0,MF-EMTO,6,0.8893421681910095
phase_temperature_shift_C,0,MF-EMTO,7,0.8903882168751972
phase_temperature_shift_C,0,MF-EMTO,8,0.8798933718610497
phase_temperature_shift_C,0,MF-EMTO,9,0.8940156062362999
phase_temperature_shift_C,0,MF-EMTO,10,0.8788904187719355
phase_temperature_shift_C,0,MF-EMTO,11,0.8880683789108527
phase_temperature_shift_C,0,MF-EMTO,12,0.8882705598448424
phase_temperature_shift_C,0,MF-EMTO,13,0.8956775896467459
phase_temperature_shift_C,0,MF-EMTO,14,0.879221939421592
phase_temperature_shift_C,0,MF-EMTO,15,0.8950805063112439
phase_temperature_shift_C,0,MF-EMTO,16,0.8768861925493685
phase_temperature_shift_C,0,MF-EMTO,17,0.8766913384676982
phase_temperature_shift_C,0,MF-EMTO,18,0.8738660250457861
phase_temperature_shift_C,0,MF-EMTO,19,0.8738514769859461
phase_temperature_shift_C,0,MF-EMTO,20,0.8818868072042727
phase_temperature_shift_C,0,qNEHVI,1,0.8821974616609599
phase_temperature_shift_C,0,qNEHVI,2,0.8889324747990138
phase_temperature_shift_C,0,qNEHVI,3,0.8871989572927788
phase_temperature_shift_C,0,qNEHVI,4,0.8822376226042061
phase_temperature_shift_C,0,qNEHVI,5,0.8767549525302553
phase_temperature_shift_C,0,qNEHVI,6,0.8847593106022164
phase_temperature_shift_C,0,qNEHVI,7,0.8871734718734706
phase_temperature_shift_C,0,qNEHVI,8,0.8643892883911152
phase_temperature_shift_C,0,qNEHVI,9,0.8727863150619036
phase_temperature_shift_C,0,qNEHVI,10,0.8913845424250335
phase_temperature_shift_C,0,qNEHVI,11,0.8702580578712087
phase_temperature_shift_C,0,qNEHVI,12,0.8906803710533577
phase_temperature_shift_C,0,qNEHVI,13,0.8806536545770813
phase_temperature_shift_C,0,qNEHVI,14,0.8870004113904012
phase_temperature_shift_C,0,qNEHVI,15,0.8851241258809859
phase_temperature_shift_C,0,qNEHVI,16,0.869676976916207
phase_temperature_shift_C,0,qNEHVI,17,0.8821016941759137
phase_temperature_shift_C,0,qNEHVI,18,0.8658976049684523
phase_temperature_shift_C,0,qNEHVI,19,0.8709799370170684
phase_temperature_shift_C,0,qNEHVI,20,0.8733983410123608
phase_temperature_shift_C,0,LC-SAEA,1,0.8758806511052128
phase_temperature_shift_C,0,LC-SAEA,2,0.8793320468773203
phase_temperature_shift_C,0,LC-SAEA,3,0.8851531207579952
phase_temperature_shift_C,0,LC-SAEA,4,0.8707693347886142
phase_temperature_shift_C,0,LC-SAEA,5,0.8809743127108285
phase_temperature_shift_C,0,LC-SAEA,6,0.8727471135545739
phase_temperature_shift_C,0,LC-SAEA,7,0.8841574934580654
phase_temperature_shift_C,0,LC-SAEA,8,0.8743572279553378
phase_temperature_shift_C,0,LC-SAEA,9,0.8706763555931897
phase_temperature_shift_C,0,LC-SAEA,10,0.8700534141981187
phase_temperature_shift_C,0,LC-SAEA,11,0.877238870521801
phase_temperature_shift_C,0,LC-SAEA,12,0.8853167524609168
phase_temperature_shift_C,0,LC-SAEA,13,0.8692022900541791
phase_temperature_shift_C,0,LC-SAEA,14,0.8802537620434745
phase_temperature_shift_C,0,LC-SAEA,15,0.8605534370776433
phase_temperature_shift_C,0,LC-SAEA,16,0.871121521773609
phase_temperature_shift_C,0,LC-SAEA,17,0.8754980058840532
phase_temperature_shift_C,0,LC-SAEA,18,0.8712340224201096
phase_temperature_shift_C,0,LC-SAEA,19,0.8808362855042
phase_temperature_shift_C,0,LC-SAEA,20,0.8742030695985026
phase_temperature_shift_C,3,MF-BCL-SAEA,1,0.911902042363811
phase_temperature_shift_C,3,MF-BCL-SAEA,2,0.9049823200354934
phase_temperature_shift_C,3,MF-BCL-SAEA,3,0.9072944442112042
phase_temperature_shift_C,3,MF-BCL-SAEA,4,0.9102614515343063
phase_temperature_shift_C,3,MF-BCL-SAEA,5,0.911191325265057
phase_temperature_shift_C,3,MF-BCL-SAEA,6,0.9134479139314717
phase_temperature_shift_C,3,MF-BCL-SAEA,7,0.9082432157721807
phase_temperature_shift_C,3,MF-BCL-SAEA,8,0.9005705841196212
phase_temperature_shift_C,3,MF-BCL-SAEA,9,0.8985765223730309
phase_temperature_shift_C,3,MF-BCL-SAEA,10,0.9106534236773387
phase_temperature_shift_C,3,MF-BCL-SAEA,11,0.9123782170619311
phase_temperature_shift_C,3,MF-BCL-SAEA,12,0.9074540861201268
phase_temperature_shift_C,3,MF-BCL-SAEA,13,0.9108692587507329
phase_temperature_shift_C,3,MF-BCL-SAEA,14,0.90750609973178
phase_temperature_shift_C,3,MF-BCL-SAEA,15,0.9014464857947062
phase_temperature_shift_C,3,MF-BCL-SAEA,16,0.9045711868247378
phase_temperature_shift_C,3,MF-BCL-SAEA,17,0.903521572165105
phase_temperature_shift_C,3,MF-BCL-SAEA,18,0.9096463584133893
phase_temperature_shift_C,3,MF-BCL-SAEA,19,0.9139257863070173
phase_temperature_shift_C,3,MF-BCL-SAEA,20,0.906766680568697
phase_temperature_shift_C,3,MF-EMTO,1,0.8735273451646828
phase_temperature_shift_C,3,MF-EMTO,2,0.8825746078598531
phase_temperature_shift_C,3,MF-EMTO,3,0.8719123126221964
phase_temperature_shift_C,3,MF-EMTO,4,0.8785276273705789
phase_temperature_shift_C,3,MF-EMTO,5,0.8738409066113371
phase_temperature_shift_C,3,MF-EMTO,6,0.8763663073973085
phase_temperature_shift_C,3,MF-EMTO,7,0.8645062224051668
phase_temperature_shift_C,3,MF-EMTO,8,0.8789572379736649
phase_temperature_shift_C,3,MF-EMTO,9,0.8863464544840428
phase_temperature_shift_C,3,MF-EMTO,10,0.8698120553059634
phase_temperature_shift_C,3,MF-EMTO,11,0.8703753019509111
phase_temperature_shift_C,3,MF-EMTO,12,0.8883351017072829
phase_temperature_shift_C,3,MF-EMTO,13,0.876830952263437
phase_temperature_shift_C,3,MF-EMTO,14,0.8809600457335011
phase_temperature_shift_C,3,MF-EMTO,15,0.8822997216063287
phase_temperature_shift_C,3,MF-EMTO,16,0.8676054327734843
phase_temperature_shift_C,3,MF-EMTO,17,0.8660986886953328
phase_temperature_shift_C,3,MF-EMTO,18,0.8837778784214947
phase_temperature_shift_C,3,MF-EMTO,19,0.8720773635507862
phase_temperature_shift_C,3,MF-EMTO,20,0.8742654164539481
phase_temperature_shift_C,3,qNEHVI,1,0.8592490965325795
phase_temperature_shift_C,3,qNEHVI,2,0.88473108428578
phase_temperature_shift_C,3,qNEHVI,3,0.8715907591181331
phase_temperature_shift_C,3,qNEHVI,4,0.8667586185959062
phase_temperature_shift_C,3,qNEHVI,5,0.8614351855543689
phase_temperature_shift_C,3,qNEHVI,6,0.8692982389242676
phase_temperature_shift_C,3,qNEHVI,7,0.8684100899460777
phase_temperature_shift_C,3,qNEHVI,8,0.8744594793843364
phase_temperature_shift_C,3,qNEHVI,9,0.8818003081231196
phase_temperature_shift_C,3,qNEHVI,10,0.8720738070804874
phase_temperature_shift_C,3,qNEHVI,11,0.8777075685014146
phase_temperature_shift_C,3,qNEHVI,12,0.8727608610038078
phase_temperature_shift_C,3,qNEHVI,13,0.863277297958353
phase_temperature_shift_C,3,qNEHVI,14,0.8640735182273459
phase_temperature_shift_C,3,qNEHVI,15,0.8690185081174232
phase_temperature_shift_C,3,qNEHVI,16,0.8703853964440083
phase_temperature_shift_C,3,qNEHVI,17,0.8620686396002151
phase_temperature_shift_C,3,qNEHVI,18,0.8731250746753918
phase_temperature_shift_C,3,qNEHVI,19,0.8681579592963612
phase_temperature_shift_C,3,qNEHVI,20,0.8603454138432817
phase_temperature_shift_C,3,LC-SAEA,1,0.8578305907679268
phase_temperature_shift_C,3,LC-SAEA,2,0.8618742254439852
phase_temperature_shift_C,3,LC-SAEA,3,0.8658409241550346
phase_temperature_shift_C,3,LC-SAEA,4,0.866497778305831
phase_temperature_shift_C,3,LC-SAEA,5,0.8673167340136757
phase_temperature_shift_C,3,LC-SAEA,6,0.8464268385947571
phase_temperature_shift_C,3,LC-SAEA,7,0.8527269415443562
phase_temperature_shift_C,3,LC-SAEA,8,0.8648462058559703
phase_temperature_shift_C,3,LC-SAEA,9,0.8782171209536906
phase_temperature_shift_C,3,LC-SAEA,10,0.8632572505793843
phase_temperature_shift_C,3,LC-SAEA,11,0.8641712352885415
phase_temperature_shift_C,3,LC-SAEA,12,0.8568204532894379
phase_temperature_shift_C,3,LC-SAEA,13,0.8599852383569648
phase_temperature_shift_C,3,LC-SAEA,14,0.8570926011623023
phase_temperature_shift_C,3,LC-SAEA,15,0.8502154637612453
phase_temperature_shift_C,3,LC-SAEA,16,0.8845955187732523
phase_temperature_shift_C,3,LC-SAEA,17,0.860604067680778
phase_temperature_shift_C,3,LC-SAEA,18,0.8715910671914665
phase_temperature_shift_C,3,LC-SAEA,19,0.8596632299059941
phase_temperature_shift_C,3,LC-SAEA,20,0.8527769288399765
phase_temperature_shift_C,6,MF-BCL-SAEA,1,0.9076873541811095
phase_temperature_shift_C,6,MF-BCL-SAEA,2,0.9061684282826544
phase_temperature_shift_C,6,MF-BCL-SAEA,3,0.8953877249861414
phase_temperature_shift_C,6,MF-BCL-SAEA,4,0.8986618714103687
phase_temperature_shift_C,6,MF-BCL-SAEA,5,0.9023166668412184
phase_temperature_shift_C,6,MF-BCL-SAEA,6,0.893077716578052
phase_temperature_shift_C,6,MF-BCL-SAEA,7,0.9003284472037153
phase_temperature_shift_C,6,MF-BCL-SAEA,8,0.8998323038314734
phase_temperature_shift_C,6,MF-BCL-SAEA,9,0.9123064447937206
phase_temperature_shift_C,6,MF-BCL-SAEA,10,0.9058102089395056
phase_temperature_shift_C,6,MF-BCL-SAEA,11,0.9025323893135125
phase_temperature_shift_C,6,MF-BCL-SAEA,12,0.9066611662778126
phase_temperature_shift_C,6,MF-BCL-SAEA,13,0.8974931398859032
phase_temperature_shift_C,6,MF-BCL-SAEA,14,0.9013841731087453
phase_temperature_shift_C,6,MF-BCL-SAEA,15,0.9011636808091952
phase_temperature_shift_C,6,MF-BCL-SAEA,16,0.8935387415598744
phase_temperature_shift_C,6,MF-BCL-SAEA,17,0.9098427159248462
phase_temperature_shift_C,6,MF-BCL-SAEA,18,0.9092635028038615
phase_temperature_shift_C,6,MF-BCL-SAEA,19,0.8960879229433206
phase_temperature_shift_C,6,MF-BCL-SAEA,20,0.9099576625671247
phase_temperature_shift_C,6,MF-EMTO,1,0.8775076090663736
phase_temperature_shift_C,6,MF-EMTO,2,0.8712311046788228
phase_temperature_shift_C,6,MF-EMTO,3,0.8623574373453476
phase_temperature_shift_C,6,MF-EMTO,4,0.8601871434437278
phase_temperature_shift_C,6,MF-EMTO,5,0.861880865628839
phase_temperature_shift_C,6,MF-EMTO,6,0.8735190881721978
phase_temperature_shift_C,6,MF-EMTO,7,0.8556552414388471
phase_temperature_shift_C,6,MF-EMTO,8,0.8635718208263552
phase_temperature_shift_C,6,MF-EMTO,9,0.8655126462238676
phase_temperature_shift_C,6,MF-EMTO,10,0.8693997817712847
phase_temperature_shift_C,6,MF-EMTO,11,0.8633516060956576
phase_temperature_shift_C,6,MF-EMTO,12,0.8694327274606649
phase_temperature_shift_C,6,MF-EMTO,13,0.865588809385203
phase_temperature_shift_C,6,MF-EMTO,14,0.847814308805493
phase_temperature_shift_C,6,MF-EMTO,15,0.8636202824047553
phase_temperature_shift_C,6,MF-EMTO,16,0.8766796859524005
phase_temperature_shift_C,6,MF-EMTO,17,0.8678692077857052
phase_temperature_shift_C,6,MF-EMTO,18,0.8680229987222542
phase_temperature_shift_C,6,MF-EMTO,19,0.8729318732933519
phase_temperature_shift_C,6,MF-EMTO,20,0.8546513188528213
phase_temperature_shift_C,6,qNEHVI,1,0.8567017034100655
phase_temperature_shift_C,6,qNEHVI,2,0.8578187133674225
phase_temperature_shift_C,6,qNEHVI,3,0.8493397314913023
phase_temperature_shift_C,6,qNEHVI,4,0.8595655092999291
phase_temperature_shift_C,6,qNEHVI,5,0.845451181615148
phase_temperature_shift_C,6,qNEHVI,6,0.8561705734223787
phase_temperature_shift_C,6,qNEHVI,7,0.8559334825468273
phase_temperature_shift_C,6,qNEHVI,8,0.8564517788091289
phase_temperature_shift_C,6,qNEHVI,9,0.8584082641779471
phase_temperature_shift_C,6,qNEHVI,10,0.8609563245403766
phase_temperature_shift_C,6,qNEHVI,11,0.8653972158774165
phase_temperature_shift_C,6,qNEHVI,12,0.8707932512263193
phase_temperature_shift_C,6,qNEHVI,13,0.858652662666374
phase_temperature_shift_C,6,qNEHVI,14,0.8536719812904008
phase_temperature_shift_C,6,qNEHVI,15,0.8465248459500732
phase_temperature_shift_C,6,qNEHVI,16,0.865170000645165
phase_temperature_shift_C,6,qNEHVI,17,0.8603404389462174
phase_temperature_shift_C,6,qNEHVI,18,0.8633036913137229
phase_temperature_shift_C,6,qNEHVI,19,0.8599499690958367
phase_temperature_shift_C,6,qNEHVI,20,0.8597924803609576
phase_temperature_shift_C,6,LC-SAEA,1,0.8533959315288573
phase_temperature_shift_C,6,LC-SAEA,2,0.8478646687783105
phase_temperature_shift_C,6,LC-SAEA,3,0.8421300960612498
phase_temperature_shift_C,6,LC-SAEA,4,0.8462138951741356
phase_temperature_shift_C,6,LC-SAEA,5,0.8529545759812163
phase_temperature_shift_C,6,LC-SAEA,6,0.8509209169734896
phase_temperature_shift_C,6,LC-SAEA,7,0.8554581436746953
phase_temperature_shift_C,6,LC-SAEA,8,0.8425997708637648
phase_temperature_shift_C,6,LC-SAEA,9,0.8412436178237108
phase_temperature_shift_C,6,LC-SAEA,10,0.8597082752851498
phase_temperature_shift_C,6,LC-SAEA,11,0.8466088528205586
phase_temperature_shift_C,6,LC-SAEA,12,0.8599430440241596
phase_temperature_shift_C,6,LC-SAEA,13,0.8574226961188297
phase_temperature_shift_C,6,LC-SAEA,14,0.8385297545928194
phase_temperature_shift_C,6,LC-SAEA,15,0.8496950321290524
phase_temperature_shift_C,6,LC-SAEA,16,0.8585616924673366
phase_temperature_shift_C,6,LC-SAEA,17,0.8567171221146864
phase_temperature_shift_C,6,LC-SAEA,18,0.8493712260133092
phase_temperature_shift_C,6,LC-SAEA,19,0.8541920901602523
phase_temperature_shift_C,6,LC-SAEA,20,0.8520900269208305
phase_temperature_shift_C,9,MF-BCL-SAEA,1,0.8925546416424388
phase_temperature_shift_C,9,MF-BCL-SAEA,2,0.9051781119279279
phase_temperature_shift_C,9,MF-BCL-SAEA,3,0.8937531527719395
phase_temperature_shift_C,9,MF-BCL-SAEA,4,0.8955211218653577
phase_temperature_shift_C,9,MF-BCL-SAEA,5,0.8971510248000022
phase_temperature_shift_C,9,MF-BCL-SAEA,6,0.8915071648405859
phase_temperature_shift_C,9,MF-BCL-SAEA,7,0.8938010091380159
phase_temperature_shift_C,9,MF-BCL-SAEA,8,0.881848948105024
phase_temperature_shift_C,9,MF-BCL-SAEA,9,0.8895147873064946
phase_temperature_shift_C,9,MF-BCL-SAEA,10,0.8974581290252073
phase_temperature_shift_C,9,MF-BCL-SAEA,11,0.8887327841639666
phase_temperature_shift_C,9,MF-BCL-SAEA,12,0.8926305346371958
phase_temperature_shift_C,9,MF-BCL-SAEA,13,0.9002902645069563
phase_temperature_shift_C,9,MF-BCL-SAEA,14,0.8850847720282843
phase_temperature_shift_C,9,MF-BCL-SAEA,15,0.889623391873229
phase_temperature_shift_C,9,MF-BCL-SAEA,16,0.881489287515453
phase_temperature_shift_C,9,MF-BCL-SAEA,17,0.8860372246338352
phase_temperature_shift_C,9,MF-BCL-SAEA,18,0.8942075233699924
phase_temperature_shift_C,9,MF-BCL-SAEA,19,0.9006857602685743
phase_temperature_shift_C,9,MF-BCL-SAEA,20,0.8881430796470049
phase_temperature_shift_C,9,MF-EMTO,1,0.8614868572851682
phase_temperature_shift_C,9,MF-EMTO,2,0.8732082808786211
phase_temperature_shift_C,9,MF-EMTO,3,0.8484566799907278
phase_temperature_shift_C,9,MF-EMTO,4,0.8584500906593588
phase_temperature_shift_C,9,MF-EMTO,5,0.8648184581253447
phase_temperature_shift_C,9,MF-EMTO,6,0.8602013365293254
phase_temperature_shift_C,9,MF-EMTO,7,0.8688177274281569
phase_temperature_shift_C,9,MF-EMTO,8,0.8595993088760474
phase_temperature_shift_C,9,MF-EMTO,9,0.8509127940946544
phase_temperature_shift_C,9,MF-EMTO,10,0.8523615700320961
phase_temperature_shift_C,9,MF-EMTO,11,0.8526426868100652
phase_temperature_shift_C,9,MF-EMTO,12,0.8493850860588464
phase_temperature_shift_C,9,MF-EMTO,13,0.8626528730663473
phase_temperature_shift_C,9,MF-EMTO,14,0.8592510990617968
phase_temperature_shift_C,9,MF-EMTO,15,0.8586475102428169
phase_temperature_shift_C,9,MF-EMTO,16,0.8546252688989416
phase_temperature_shift_C,9,MF-EMTO,17,0.8630192133663899
phase_temperature_shift_C,9,MF-EMTO,18,0.8505544815199879
phase_temperature_shift_C,9,MF-EMTO,19,0.8714072866604462
phase_temperature_shift_C,9,MF-EMTO,20,0.8545264604092513
phase_temperature_shift_C,9,qNEHVI,1,0.8562767513693291
phase_temperature_shift_C,9,qNEHVI,2,0.8526427275601098
phase_temperature_shift_C,9,qNEHVI,3,0.8614024108100583
phase_temperature_shift_C,9,qNEHVI,4,0.8391880447585007
phase_temperature_shift_C,9,qNEHVI,5,0.8362975945829357
phase_temperature_shift_C,9,qNEHVI,6,0.8478064188957191
phase_temperature_shift_C,9,qNEHVI,7,0.859540323840242
phase_temperature_shift_C,9,qNEHVI,8,0.8519467158818861
phase_temperature_shift_C,9,qNEHVI,9,0.849390151341963
phase_temperature_shift_C,9,qNEHVI,10,0.8475109120529807
phase_temperature_shift_C,9,qNEHVI,11,0.84888575987361
phase_temperature_shift_C,9,qNEHVI,12,0.8485257083020449
phase_temperature_shift_C,9,qNEHVI,13,0.8394103029374893
phase_temperature_shift_C,9,qNEHVI,14,0.8445778251942979
phase_temperature_shift_C,9,qNEHVI,15,0.8430533326066697
phase_temperature_shift_C,9,qNEHVI,16,0.8425665589844525
phase_temperature_shift_C,9,qNEHVI,17,0.8498387508757784
phase_temperature_shift_C,9,qNEHVI,18,0.849202258627667
phase_temperature_shift_C,9,qNEHVI,19,0.8488410802386064
phase_temperature_shift_C,9,qNEHVI,20,0.8467203607732989
phase_temperature_shift_C,9,LC-SAEA,1,0.8421466537172652
phase_temperature_shift_C,9,LC-SAEA,2,0.8452272765321995
phase_temperature_shift_C,9,LC-SAEA,3,0.8501722145784312
phase_temperature_shift_C,9,LC-SAEA,4,0.8333132074938085
phase_temperature_shift_C,9,LC-SAEA,5,0.841144671145845
phase_temperature_shift_C,9,LC-SAEA,6,0.8360734739259598
phase_temperature_shift_C,9,LC-SAEA,7,0.8336739801700818
phase_temperature_shift_C,9,LC-SAEA,8,0.8337246159322635
phase_temperature_shift_C,9,LC-SAEA,9,0.8419794617909917
phase_temperature_shift_C,9,LC-SAEA,10,0.837594743029043
phase_temperature_shift_C,9,LC-SAEA,11,0.843291872099379
phase_temperature_shift_C,9,LC-SAEA,12,0.8313896895960703
phase_temperature_shift_C,9,LC-SAEA,13,0.8377801464927804
phase_temperature_shift_C,9,LC-SAEA,14,0.8444293457680091
phase_temperature_shift_C,9,LC-SAEA,15,0.8315257087055555
phase_temperature_shift_C,9,LC-SAEA,16,0.830719183960958
phase_temperature_shift_C,9,LC-SAEA,17,0.8383128050123825
phase_temperature_shift_C,9,LC-SAEA,18,0.8436409322599979
phase_temperature_shift_C,9,LC-SAEA,19,0.838077023258333
phase_temperature_shift_C,9,LC-SAEA,20,0.8472779337609412
phase_temperature_shift_C,12,MF-BCL-SAEA,1,0.8853690594737504
phase_temperature_shift_C,12,MF-BCL-SAEA,2,0.8860919872090111
phase_temperature_shift_C,12,MF-BCL-SAEA,3,0.8813859743657503
phase_temperature_shift_C,12,MF-BCL-SAEA,4,0.8730485976456115
phase_temperature_shift_C,12,MF-BCL-SAEA,5,0.8810318403367792
phase_temperature_shift_C,12,MF-BCL-SAEA,6,0.8857930275125323
phase_temperature_shift_C,12,MF-BCL-SAEA,7,0.8920327239582166
phase_temperature_shift_C,12,MF-BCL-SAEA,8,0.8839490046851464
phase_temperature_shift_C,12,MF-BCL-SAEA,9,0.8920212557330546
phase_temperature_shift_C,12,MF-BCL-SAEA,10,0.8845103733011741
phase_temperature_shift_C,12,MF-BCL-SAEA,11,0.8881760991845835
phase_temperature_shift_C,12,MF-BCL-SAEA,12,0.8874106327408784
phase_temperature_shift_C,12,MF-BCL-SAEA,13,0.8839930894137881
phase_temperature_shift_C,12,MF-BCL-SAEA,14,0.8885353116645208
phase_temperature_shift_C,12,MF-BCL-SAEA,15,0.8893276199950813
phase_temperature_shift_C,12,MF-BCL-SAEA,16,0.8876983373919524
phase_temperature_shift_C,12,MF-BCL-SAEA,17,0.8852667104682355
phase_temperature_shift_C,12,MF-BCL-SAEA,18,0.8746944458071778
phase_temperature_shift_C,12,MF-BCL-SAEA,19,0.8756970552733966
phase_temperature_shift_C,12,MF-BCL-SAEA,20,0.8951587534590768
phase_temperature_shift_C,12,MF-EMTO,1,0.8465569125349901
phase_temperature_shift_C,12,MF-EMTO,2,0.8533071526230244
phase_temperature_shift_C,12,MF-EMTO,3,0.8421307664451938
phase_temperature_shift_C,12,MF-EMTO,4,0.8497891474132664
phase_temperature_shift_C,12,MF-EMTO,5,0.8467619490064391
phase_temperature_shift_C,12,MF-EMTO,6,0.8500130438884944
phase_temperature_shift_C,12,MF-EMTO,7,0.852693942852056
phase_temperature_shift_C,12,MF-EMTO,8,0.8489723417398921
phase_temperature_shift_C,12,MF-EMTO,9,0.8549479969771591
phase_temperature_shift_C,12,MF-EMTO,10,0.8419740273681751
phase_temperature_shift_C,12,MF-EMTO,11,0.8471517664569838
phase_temperature_shift_C,12,MF-EMTO,12,0.8520165405263797
phase_temperature_shift_C,12,MF-EMTO,13,0.8588911975350905
phase_temperature_shift_C,12,MF-EMTO,14,0.8480922723361187
phase_temperature_shift_C,12,MF-EMTO,15,0.8415477323135253
phase_temperature_shift_C,12,MF-EMTO,16,0.8545460065098156
phase_temperature_shift_C,12,MF-EMTO,17,0.8476005271532593
phase_temperature_shift_C,12,MF-EMTO,18,0.8491212537449649
phase_temperature_shift_C,12,MF-EMTO,19,0.8354873119768255
phase_temperature_shift_C,12,MF-EMTO,20,0.8516427439990505
phase_temperature_shift_C,12,qNEHVI,1,0.8389557525180124
phase_temperature_shift_C,12,qNEHVI,2,0.8273793917835753
phase_temperature_shift_C,12,qNEHVI,3,0.8286448331603152
phase_temperature_shift_C,12,qNEHVI,4,0.8243240190885737
phase_temperature_shift_C,12,qNEHVI,5,0.83536141584985
phase_temperature_shift_C,12,qNEHVI,6,0.8195162339734365
phase_temperature_shift_C,12,qNEHVI,7,0.8443114952956157
phase_temperature_shift_C,12,qNEHVI,8,0.8271598992201056
phase_temperature_shift_C,12,qNEHVI,9,0.8385516830113179
phase_temperature_shift_C,12,qNEHVI,10,0.8361804778611808
phase_temperature_shift_C,12,qNEHVI,11,0.8361355832762887
phase_temperature_shift_C,12,qNEHVI,12,0.8565338630021472
phase_temperature_shift_C,12,qNEHVI,13,0.8442437361819715
phase_temperature_shift_C,12,qNEHVI,14,0.8484589707165765
phase_temperature_shift_C,12,qNEHVI,15,0.829896027604834
phase_temperature_shift_C,12,qNEHVI,16,0.849508867616833
phase_temperature_shift_C,12,qNEHVI,17,0.8421148760861441
phase_temperature_shift_C,12,qNEHVI,18,0.835881709622701
phase_temperature_shift_C,12,qNEHVI,19,0.8472306542312036
phase_temperature_shift_C,12,qNEHVI,20,0.8467879925395649
phase_temperature_shift_C,12,LC-SAEA,1,0.8473126215386045
phase_temperature_shift_C,12,LC-SAEA,2,0.8206103353127469
phase_temperature_shift_C,12,LC-SAEA,3,0.827216962636405
phase_temperature_shift_C,12,LC-SAEA,4,0.8342802748548221
phase_temperature_shift_C,12,LC-SAEA,5,0.8352203045151592
phase_temperature_shift_C,12,LC-SAEA,6,0.8214886635379908
phase_temperature_shift_C,12,LC-SAEA,7,0.8375447576185707
phase_temperature_shift_C,12,LC-SAEA,8,0.8383055886047809
phase_temperature_shift_C,12,LC-SAEA,9,0.840681416510667
phase_temperature_shift_C,12,LC-SAEA,10,0.8244770443127517
phase_temperature_shift_C,12,LC-SAEA,11,0.8245421093716481
phase_temperature_shift_C,12,LC-SAEA,12,0.8347835234808161
phase_temperature_shift_C,12,LC-SAEA,13,0.8280784917074507
phase_temperature_shift_C,12,LC-SAEA,14,0.8314914078995289
phase_temperature_shift_C,12,LC-SAEA,15,0.8255012003422354
phase_temperature_shift_C,12,LC-SAEA,16,0.82405558610215
phase_temperature_shift_C,12,LC-SAEA,17,0.8238794454775235
phase_temperature_shift_C,12,LC-SAEA,18,0.8296618392101834
phase_temperature_shift_C,12,LC-SAEA,19,0.8268154789831813
phase_temperature_shift_C,12,LC-SAEA,20,0.8144375394649633
failed_HF_evaluations_pct,0,MF-BCL-SAEA,1,0.9050976057242383
failed_HF_evaluations_pct,0,MF-BCL-SAEA,2,0.9159672624472361
failed_HF_evaluations_pct,0,MF-BCL-SAEA,3,0.9064492785887807
failed_HF_evaluations_pct,0,MF-BCL-SAEA,4,0.910159873766182
failed_HF_evaluations_pct,0,MF-BCL-SAEA,5,0.9015401011543593
failed_HF_evaluations_pct,0,MF-BCL-SAEA,6,0.9180804302083935
failed_HF_evaluations_pct,0,MF-BCL-SAEA,7,0.9082836197464645
failed_HF_evaluations_pct,0,MF-BCL-SAEA,8,0.9174706254517703
failed_HF_evaluations_pct,0,MF-BCL-SAEA,9,0.9082085138862577
failed_HF_evaluations_pct,0,MF-BCL-SAEA,10,0.9000716686468678
failed_HF_evaluations_pct,0,MF-BCL-SAEA,11,0.9202519794380605
failed_HF_evaluations_pct,0,MF-BCL-SAEA,12,0.9062240721210021
failed_HF_evaluations_pct,0,MF-BCL-SAEA,13,0.91313473548767
failed_HF_evaluations_pct,0,MF-BCL-SAEA,14,0.9074662960017557
failed_HF_evaluations_pct,0,MF-BCL-SAEA,15,0.9127477743228081
failed_HF_evaluations_pct,0,MF-BCL-SAEA,16,0.9139667311026705
failed_HF_evaluations_pct,0,MF-BCL-SAEA,17,0.9092128288253469
failed_HF_evaluations_pct,0,MF-BCL-SAEA,18,0.9134818554586603
failed_HF_evaluations_pct,0,MF-BCL-SAEA,19,0.9170656841711663
failed_HF_evaluations_pct,0,MF-BCL-SAEA,20,0.9053235443230735
failed_HF_evaluations_pct,0,MF-EMTO,1,0.8848561969787672
failed_HF_evaluations_pct,0,MF-EMTO,2,0.8849805692558821
failed_HF_evaluations_pct,0,MF-EMTO,3,0.8798617725328347
failed_HF_evaluations_pct,0,MF-EMTO,4,0.8868797767684133
failed_HF_evaluations_pct,0,MF-EMTO,5,0.8850156634315144
failed_HF_evaluations_pct,0,MF-EMTO,6,0.8918502768987495
failed_HF_evaluations_pct,0,MF-EMTO,7,0.8939630776278076
failed_HF_evaluations_pct,0,MF-EMTO,8,0.8861460388839109
failed_HF_evaluations_pct,0,MF-EMTO,9,0.8893095022179011
failed_HF_evaluations_pct,0,MF-EMTO,10,0.8746513900547738
failed_HF_evaluations_pct,0,MF-EMTO,11,0.8775851442962377
failed_HF_evaluations_pct,0,MF-EMTO,12,0.8845584281837398
failed_HF_evaluations_pct,0,MF-EMTO,13,0.8820243236438654
failed_HF_evaluations_pct,0,MF-EMTO,14,0.8813720711473011
failed_HF_evaluations_pct,0,MF-EMTO,15,0.8887989177577535
failed_HF_evaluations_pct,0,MF-EMTO,16,0.885539711255372
failed_HF_evaluations_pct,0,MF-EMTO,17,0.8801168890500907
failed_HF_evaluations_pct,0,MF-EMTO,18,0.8853080885682937
failed_HF_evaluations_pct,0,MF-EMTO,19,0.8927900409055315
failed_HF_evaluations_pct,0,MF-EMTO,20,0.8789259297288236
failed_HF_evaluations_pct,0,qNEHVI,1,0.8640197861016964
failed_HF_evaluations_pct,0,qNEHVI,2,0.8898142944110548
failed_HF_evaluations_pct,0,qNEHVI,3,0.8623728292773902
failed_HF_evaluations_pct,0,qNEHVI,4,0.8792906011357537
failed_HF_evaluations_pct,0,qNEHVI,5,0.8786823178925474
failed_HF_evaluations_pct,0,qNEHVI,6,0.8669124867149728
failed_HF_evaluations_pct,0,qNEHVI,7,0.8801685494853979
failed_HF_evaluations_pct,0,qNEHVI,8,0.8648460354394192
failed_HF_evaluations_pct,0,qNEHVI,9,0.8698849502382129
failed_HF_evaluations_pct,0,qNEHVI,10,0.8764885549377359
failed_HF_evaluations_pct,0,qNEHVI,11,0.8940616312217797
failed_HF_evaluations_pct,0,qNEHVI,12,0.8792735795432794
failed_HF_evaluations_pct,0,qNEHVI,13,0.8659193614954539
failed_HF_evaluations_pct,0,qNEHVI,14,0.890797483806005
failed_HF_evaluations_pct,0,qNEHVI,15,0.876673671524782
failed_HF_evaluations_pct,0,qNEHVI,16,0.8836941651719036
failed_HF_evaluations_pct,0,qNEHVI,17,0.8843407824257564
failed_HF_evaluations_pct,0,qNEHVI,18,0.8812522514813921
failed_HF_evaluations_pct,0,qNEHVI,19,0.8777344931558282
failed_HF_evaluations_pct,0,qNEHVI,20,0.8849464775987566
failed_HF_evaluations_pct,0,LC-SAEA,1,0.8739352185967791
failed_HF_evaluations_pct,0,LC-SAEA,2,0.8595674867485205
failed_HF_evaluations_pct,0,LC-SAEA,3,0.868390654056803
failed_HF_evaluations_pct,0,LC-SAEA,4,0.8701685979298142
failed_HF_evaluations_pct,0,LC-SAEA,5,0.8815467246629991
failed_HF_evaluations_pct,0,LC-SAEA,6,0.8662328430548988
failed_HF_evaluations_pct,0,LC-SAEA,7,0.8624312844800511
failed_HF_evaluations_pct,0,LC-SAEA,8,0.8717224324047842
failed_HF_evaluations_pct,0,LC-SAEA,9,0.8803050335334407
failed_HF_evaluations_pct,0,LC-SAEA,10,0.8644320448464101
failed_HF_evaluations_pct,0,LC-SAEA,11,0.8663500127102113
failed_HF_evaluations_pct,0,LC-SAEA,12,0.870637276398211
failed_HF_evaluations_pct,0,LC-SAEA,13,0.8812985673771088
failed_HF_evaluations_pct,0,LC-SAEA,14,0.8556679030754945
failed_HF_evaluations_pct,0,LC-SAEA,15,0.8776993590613996
failed_HF_evaluations_pct,0,LC-SAEA,16,0.8740238834490245
failed_HF_evaluations_pct,0,LC-SAEA,17,0.8758071399877455
failed_HF_evaluations_pct,0,LC-SAEA,18,0.8752350690092686
failed_HF_evaluations_pct,0,LC-SAEA,19,0.8890291526347386
failed_HF_evaluations_pct,0,LC-SAEA,20,0.867532754830291
failed_HF_evaluations_pct,5,MF-BCL-SAEA,1,0.8988108644207192
failed_HF_evaluations_pct,5,MF-BCL-SAEA,2,0.9108243279459814
failed_HF_evaluations_pct,5,MF-BCL-SAEA,3,0.903271400435369
failed_HF_evaluations_pct,5,MF-BCL-SAEA,4,0.9078739067096994
failed_HF_evaluations_pct,5,MF-BCL-SAEA,5,0.9133741353258223
failed_HF_evaluations_pct,5,MF-BCL-SAEA,6,0.9089548855589566
failed_HF_evaluations_pct,5,MF-BCL-SAEA,7,0.9119717218199499
failed_HF_evaluations_pct,5,MF-BCL-SAEA,8,0.9162306248364208
failed_HF_evaluations_pct,5,MF-BCL-SAEA,9,0.9106757755871999
failed_HF_evaluations_pct,5,MF-BCL-SAEA,10,0.9048378212953075
failed_HF_evaluations_pct,5,MF-BCL-SAEA,11,0.9071939022859675
failed_HF_evaluations_pct,5,MF-BCL-SAEA,12,0.9100363045467728
failed_HF_evaluations_pct,5,MF-BCL-SAEA,13,0.9063147646773617
failed_HF_evaluations_pct,5,MF-BCL-SAEA,14,0.9089267098098273
failed_HF_evaluations_pct,5,MF-BCL-SAEA,15,0.907553246384796
failed_HF_evaluations_pct,5,MF-BCL-SAEA,16,0.9134599335585648
failed_HF_evaluations_pct,5,MF-BCL-SAEA,17,0.9128224005560998
failed_HF_evaluations_pct,5,MF-BCL-SAEA,18,0.9080097035227552
failed_HF_evaluations_pct,5,MF-BCL-SAEA,19,0.9071402594060922
failed_HF_evaluations_pct,5,MF-BCL-SAEA,20,0.9063064440916659
failed_HF_evaluations_pct,5,MF-EMTO,1,0.8744785049234363
failed_HF_evaluations_pct,5,MF-EMTO,2,0.8874551443146691
failed_HF_evaluations_pct,5,MF-EMTO,3,0.8776392750994313
failed_HF_evaluations_pct,5,MF-EMTO,4,0.8749656010991321
failed_HF_evaluations_pct,5,MF-EMTO,5,0.8818544136860864
failed_HF_evaluations_pct,5,MF-EMTO,6,0.88573841551141
failed_HF_evaluations_pct,5,MF-EMTO,7,0.8878325015994373
failed_HF_evaluations_pct,5,MF-EMTO,8,0.8903227695656969
failed_HF_evaluations_pct,5,MF-EMTO,9,0.8762816570090607
failed_HF_evaluations_pct,5,MF-EMTO,10,0.8812142210975085
failed_HF_evaluations_pct,5,MF-EMTO,11,0.875621548144718
failed_HF_evaluations_pct,5,MF-EMTO,12,0.8773295812331013
failed_HF_evaluations_pct,5,MF-EMTO,13,0.8636912341188968
failed_HF_evaluations_pct,5,MF-EMTO,14,0.8660446430534097
failed_HF_evaluations_pct,5,MF-EMTO,15,0.8882474423534616
failed_HF_evaluations_pct,5,MF-EMTO,16,0.8756260665451129
failed_HF_evaluations_pct,5,MF-EMTO,17,0.8762205264695292
failed_HF_evaluations_pct,5,MF-EMTO,18,0.8765044930789329
failed_HF_evaluations_pct,5,MF-EMTO,19,0.8681963352169919
failed_HF_evaluations_pct,5,MF-EMTO,20,0.8622403988236725
failed_HF_evaluations_pct,5,qNEHVI,1,0.8681208447591915
failed_HF_evaluations_pct,5,qNEHVI,2,0.8784203293289685
failed_HF_evaluations_pct,5,qNEHVI,3,0.8716199368667005
failed_HF_evaluations_pct,5,qNEHVI,4,0.868001088770862
failed_HF_evaluations_pct,5,qNEHVI,5,0.8695871053394356
failed_HF_evaluations_pct,5,qNEHVI,6,0.8830286253556
failed_HF_evaluations_pct,5,qNEHVI,7,0.8658842123779582
failed_HF_evaluations_pct,5,qNEHVI,8,0.8744678060183474
failed_HF_evaluations_pct,5,qNEHVI,9,0.8619850403888665
failed_HF_evaluations_pct,5,qNEHVI,10,0.8743068306832462
failed_HF_evaluations_pct,5,qNEHVI,11,0.8802595372249324
failed_HF_evaluations_pct,5,qNEHVI,12,0.872092193846285
failed_HF_evaluations_pct,5,qNEHVI,13,0.86170067215473
failed_HF_evaluations_pct,5,qNEHVI,14,0.8608733005816486
failed_HF_evaluations_pct,5,qNEHVI,15,0.8584350506801027
failed_HF_evaluations_pct,5,qNEHVI,16,0.8566683723941051
failed_HF_evaluations_pct,5,qNEHVI,17,0.8613035499880137
failed_HF_evaluations_pct,5,qNEHVI,18,0.866868253617694
failed_HF_evaluations_pct,5,qNEHVI,19,0.8770224506715516
failed_HF_evaluations_pct,5,qNEHVI,20,0.862421784491942
failed_HF_evaluations_pct,5,LC-SAEA,1,0.8696657538516132
failed_HF_evaluations_pct,5,LC-SAEA,2,0.853313635339812
failed_HF_evaluations_pct,5,LC-SAEA,3,0.8726760627480442
failed_HF_evaluations_pct,5,LC-SAEA,4,0.8504559278430694
failed_HF_evaluations_pct,5,LC-SAEA,5,0.8660392470393955
failed_HF_evaluations_pct,5,LC-SAEA,6,0.8610330167602942
failed_HF_evaluations_pct,5,LC-SAEA,7,0.8557338186091615
failed_HF_evaluations_pct,5,LC-SAEA,8,0.8678248259656304
failed_HF_evaluations_pct,5,LC-SAEA,9,0.8607872154768993
failed_HF_evaluations_pct,5,LC-SAEA,10,0.8755454667629609
failed_HF_evaluations_pct,5,LC-SAEA,11,0.8615302783121043
failed_HF_evaluations_pct,5,LC-SAEA,12,0.8672219510451051
failed_HF_evaluations_pct,5,LC-SAEA,13,0.871887066581932
failed_HF_evaluations_pct,5,LC-SAEA,14,0.8673482743848923
failed_HF_evaluations_pct,5,LC-SAEA,15,0.8606517765623222
failed_HF_evaluations_pct,5,LC-SAEA,16,0.8608885781374155
failed_HF_evaluations_pct,5,LC-SAEA,17,0.8705053519971931
failed_HF_evaluations_pct,5,LC-SAEA,18,0.8548671633458278
failed_HF_evaluations_pct,5,LC-SAEA,19,0.8603892648006604
failed_HF_evaluations_pct,5,LC-SAEA,20,0.8647239519945173
failed_HF_evaluations_pct,10,MF-BCL-SAEA,1,0.9044854501298413
failed_HF_evaluations_pct,10,MF-BCL-SAEA,2,0.8949551774319691
failed_HF_evaluations_pct,10,MF-BCL-SAEA,3,0.9077009958605943
failed_HF_evaluations_pct,10,MF-BCL-SAEA,4,0.903609024707218
failed_HF_evaluations_pct,10,MF-BCL-SAEA,5,0.9076302682883048
failed_HF_evaluations_pct,10,MF-BCL-SAEA,6,0.899106928897181
failed_HF_evaluations_pct,10,MF-BCL-SAEA,7,0.9047108902229202
failed_HF_evaluations_pct,10,MF-BCL-SAEA,8,0.9125091121403868
failed_HF_evaluations_pct,10,MF-BCL-SAEA,9,0.8958761978899793
failed_HF_evaluations_pct,10,MF-BCL-SAEA,10,0.9045180105834427
failed_HF_evaluations_pct,10,MF-BCL-SAEA,11,0.8942105485473368
failed_HF_evaluations_pct,10,MF-BCL-SAEA,12,0.9026754317196526
failed_HF_evaluations_pct,10,MF-BCL-SAEA,13,0.9028650315334051
failed_HF_evaluations_pct,10,MF-BCL-SAEA,14,0.9063954682060424
failed_HF_evaluations_pct,10,MF-BCL-SAEA,15,0.8924568739269273
failed_HF_evaluations_pct,10,MF-BCL-SAEA,16,0.9058774973164719
failed_HF_evaluations_pct,10,MF-BCL-SAEA,17,0.8975431000432463
failed_HF_evaluations_pct,10,MF-BCL-SAEA,18,0.9024185635940914
failed_HF_evaluations_pct,10,MF-BCL-SAEA,19,0.9056726999881819
failed_HF_evaluations_pct,10,MF-BCL-SAEA,20,0.90707821204656
failed_HF_evaluations_pct,10,MF-EMTO,1,0.863497883676046
failed_HF_evaluations_pct,10,MF-EMTO,2,0.8807178632501155
failed_HF_evaluations_pct,10,MF-EMTO,3,0.8673600942499248
failed_HF_evaluations_pct,10,MF-EMTO,4,0.8626292826153594
failed_HF_evaluations_pct,10,MF-EMTO,5,0.8689931595132137
failed_HF_evaluations_pct,10,MF-EMTO,6,0.8586238325540955
failed_HF_evaluations_pct,10,MF-EMTO,7,0.8557441248684767
failed_HF_evaluations_pct,10,MF-EMTO,8,0.8566254899473488
failed_HF_evaluations_pct,10,MF-EMTO,9,0.8648624488544101
failed_HF_evaluations_pct,10,MF-EMTO,10,0.8906511002282296
failed_HF_evaluations_pct,10,MF-EMTO,11,0.8660488638842935
failed_HF_evaluations_pct,10,MF-EMTO,12,0.8536267067446441
failed_HF_evaluations_pct,10,MF-EMTO,13,0.8749904842229368
failed_HF_evaluations_pct,10,MF-EMTO,14,0.8740862532408704
failed_HF_evaluations_pct,10,MF-EMTO,15,0.8674227633699517
failed_HF_evaluations_pct,10,MF-EMTO,16,0.8708534989923854
failed_HF_evaluations_pct,10,MF-EMTO,17,0.869644323934159
failed_HF_evaluations_pct,10,MF-EMTO,18,0.851286625539282
failed_HF_evaluations_pct,10,MF-EMTO,19,0.8792172075861878
failed_HF_evaluations_pct,10,MF-EMTO,20,0.8818576896245731
failed_HF_evaluations_pct,10,qNEHVI,1,0.8605333167001704
failed_HF_evaluations_pct,10,qNEHVI,2,0.8650210240728763
failed_HF_evaluations_pct,10,qNEHVI,3,0.8671132209720184
failed_HF_evaluations_pct,10,qNEHVI,4,0.8795068725386066
failed_HF_evaluations_pct,10,qNEHVI,5,0.8624744192101189
failed_HF_evaluations_pct,10,qNEHVI,6,0.8574262360508397
failed_HF_evaluations_pct,10,qNEHVI,7,0.8677828682503902
failed_HF_evaluations_pct,10,qNEHVI,8,0.8480215907060051
failed_HF_evaluations_pct,10,qNEHVI,9,0.8791542635611503
failed_HF_evaluations_pct,10,qNEHVI,10,0.853911276117581
failed_HF_evaluations_pct,10,qNEHVI,11,0.8649248779582127
failed_HF_evaluations_pct,10,qNEHVI,12,0.8361975737469725
failed_HF_evaluations_pct,10,qNEHVI,13,0.8798715152674167
failed_HF_evaluations_pct,10,qNEHVI,14,0.8727544222196317
failed_HF_evaluations_pct,10,qNEHVI,15,0.874490667571414
failed_HF_evaluations_pct,10,qNEHVI,16,0.86145236388667
failed_HF_evaluations_pct,10,qNEHVI,17,0.8601993914388837
failed_HF_evaluations_pct,10,qNEHVI,18,0.8717809418057967
failed_HF_evaluations_pct,10,qNEHVI,19,0.8569479492094709
failed_HF_evaluations_pct,10,qNEHVI,20,0.8581016197676284
failed_HF_evaluations_pct,10,LC-SAEA,1,0.8501682267165158
failed_HF_evaluations_pct,10,LC-SAEA,2,0.8574997508892505
failed_HF_evaluations_pct,10,LC-SAEA,3,0.8468655431099982
failed_HF_evaluations_pct,10,LC-SAEA,4,0.8675528249056137
failed_HF_evaluations_pct,10,LC-SAEA,5,0.8439423504305033
failed_HF_evaluations_pct,10,LC-SAEA,6,0.8615262749123354
failed_HF_evaluations_pct,10,LC-SAEA,7,0.8607679086401157
failed_HF_evaluations_pct,10,LC-SAEA,8,0.8461475080049088
failed_HF_evaluations_pct,10,LC-SAEA,9,0.8549017982689079
failed_HF_evaluations_pct,10,LC-SAEA,10,0.8571758089069768
failed_HF_evaluations_pct,10,LC-SAEA,11,0.866628548323667
failed_HF_evaluations_pct,10,LC-SAEA,12,0.8413918347246931
failed_HF_evaluations_pct,10,LC-SAEA,13,0.8651536385875531
failed_HF_evaluations_pct,10,LC-SAEA,14,0.8500966659072258
failed_HF_evaluations_pct,10,LC-SAEA,15,0.853313797475335
failed_HF_evaluations_pct,10,LC-SAEA,16,0.8660972069435442
failed_HF_evaluations_pct,10,LC-SAEA,17,0.8444567394152394
failed_HF_evaluations_pct,10,LC-SAEA,18,0.8704516153101127
failed_HF_evaluations_pct,10,LC-SAEA,19,0.8481852196733712
failed_HF_evaluations_pct,10,LC-SAEA,20,0.8530853663223075
failed_HF_evaluations_pct,15,MF-BCL-SAEA,1,0.8948809947411699
failed_HF_evaluations_pct,15,MF-BCL-SAEA,2,0.9049173553186663
failed_HF_evaluations_pct,15,MF-BCL-SAEA,3,0.8924634038419538
failed_HF_evaluations_pct,15,MF-BCL-SAEA,4,0.8934105634810209
failed_HF_evaluations_pct,15,MF-BCL-SAEA,5,0.895041285230888
failed_HF_evaluations_pct,15,MF-BCL-SAEA,6,0.887354813233321
failed_HF_evaluations_pct,15,MF-BCL-SAEA,7,0.889869296789458
failed_HF_evaluations_pct,15,MF-BCL-SAEA,8,0.8945447660390522
failed_HF_evaluations_pct,15,MF-BCL-SAEA,9,0.8901687284989238
failed_HF_evaluations_pct,15,MF-BCL-SAEA,10,0.8996927435112853
failed_HF_evaluations_pct,15,MF-BCL-SAEA,11,0.9051077575400518
failed_HF_evaluations_pct,15,MF-BCL-SAEA,12,0.8897323572664474
failed_HF_evaluations_pct,15,MF-BCL-SAEA,13,0.8978725743937884
failed_HF_evaluations_pct,15,MF-BCL-SAEA,14,0.900275913573862
failed_HF_evaluations_pct,15,MF-BCL-SAEA,15,0.8969005773800716
failed_HF_evaluations_pct,15,MF-BCL-SAEA,16,0.8968559424431646
failed_HF_evaluations_pct,15,MF-BCL-SAEA,17,0.8913219864891754
failed_HF_evaluations_pct,15,MF-BCL-SAEA,18,0.8894952149153305
failed_HF_evaluations_pct,15,MF-BCL-SAEA,19,0.9013809584209227
failed_HF_evaluations_pct,15,MF-BCL-SAEA,20,0.8993329079757755
failed_HF_evaluations_pct,15,MF-EMTO,1,0.8609789411985149
failed_HF_evaluations_pct,15,MF-EMTO,2,0.8372314375124051
failed_HF_evaluations_pct,15,MF-EMTO,3,0.8498492202660716
failed_HF_evaluations_pct,15,MF-EMTO,4,0.872134464181265
failed_HF_evaluations_pct,15,MF-EMTO,5,0.8604511745942758
failed_HF_evaluations_pct,15,MF-EMTO,6,0.8600622914701513
failed_HF_evaluations_pct,15,MF-EMTO,7,0.8562370814009445
failed_HF_evaluations_pct,15,MF-EMTO,8,0.8596780073215498
failed_HF_evaluations_pct,15,MF-EMTO,9,0.861511881489618
failed_HF_evaluations_pct,15,MF-EMTO,10,0.8585845692859032
failed_HF_evaluations_pct,15,MF-EMTO,11,0.8514740544532553
failed_HF_evaluations_pct,15,MF-EMTO,12,0.8848914722876015
failed_HF_evaluations_pct,15,MF-EMTO,13,0.8669240304803635
failed_HF_evaluations_pct,15,MF-EMTO,14,0.8781897721747566
failed_HF_evaluations_pct,15,MF-EMTO,15,0.8673913595067755
failed_HF_evaluations_pct,15,MF-EMTO,16,0.8453690664830125
failed_HF_evaluations_pct,15,MF-EMTO,17,0.8607007888664234
failed_HF_evaluations_pct,15,MF-EMTO,18,0.8538464081165751
failed_HF_evaluations_pct,15,MF-EMTO,19,0.8546175797739717
failed_HF_evaluations_pct,15,MF-EMTO,20,0.8622011557300755
failed_HF_evaluations_pct,15,qNEHVI,1,0.8540238360621761
failed_HF_evaluations_pct,15,qNEHVI,2,0.8704343114937345
failed_HF_evaluations_pct,15,qNEHVI,3,0.8526961067964663
failed_HF_evaluations_pct,15,qNEHVI,4,0.8486816244644843
failed_HF_evaluations_pct,15,qNEHVI,5,0.829979824510337
failed_HF_evaluations_pct,15,qNEHVI,6,0.8513882373757905
failed_HF_evaluations_pct,15,qNEHVI,7,0.8403109412795442
failed_HF_evaluations_pct,15,qNEHVI,8,0.8541997152238956
failed_HF_evaluations_pct,15,qNEHVI,9,0.8652501043712023
failed_HF_evaluations_pct,15,qNEHVI,10,0.8491148529910105
failed_HF_evaluations_pct,15,qNEHVI,11,0.8514696895572805
failed_HF_evaluations_pct,15,qNEHVI,12,0.847133305133673
failed_HF_evaluations_pct,15,qNEHVI,13,0.8556408612097715
failed_HF_evaluations_pct,15,qNEHVI,14,0.8643632175317948
failed_HF_evaluations_pct,15,qNEHVI,15,0.8573533871271509
failed_HF_evaluations_pct,15,qNEHVI,16,0.8501254694682567
failed_HF_evaluations_pct,15,qNEHVI,17,0.8475110252908837
failed_HF_evaluations_pct,15,qNEHVI,18,0.8524637361507222
failed_HF_evaluations_pct,15,qNEHVI,19,0.848502430016541
failed_HF_evaluations_pct,15,qNEHVI,20,0.848634009670795
failed_HF_evaluations_pct,15,LC-SAEA,1,0.8411173824199707
failed_HF_evaluations_pct,15,LC-SAEA,2,0.8462287009376835
failed_HF_evaluations_pct,15,LC-SAEA,3,0.8332745024659906
failed_HF_evaluations_pct,15,LC-SAEA,4,0.8382408370595933
failed_HF_evaluations_pct,15,LC-SAEA,5,0.8570987790493725
failed_HF_evaluations_pct,15,LC-SAEA,6,0.8360486046959966
failed_HF_evaluations_pct,15,LC-SAEA,7,0.8425803878479008
failed_HF_evaluations_pct,15,LC-SAEA,8,0.8525708043422275
failed_HF_evaluations_pct,15,LC-SAEA,9,0.845027574789802
failed_HF_evaluations_pct,15,LC-SAEA,10,0.8387309055731831
failed_HF_evaluations_pct,15,LC-SAEA,11,0.8373148263393893
failed_HF_evaluations_pct,15,LC-SAEA,12,0.8543507682320026
failed_HF_evaluations_pct,15,LC-SAEA,13,0.8538749805632554
failed_HF_evaluations_pct,15,LC-SAEA,14,0.852435973121314
failed_HF_evaluations_pct,15,LC-SAEA,15,0.8430511244334083
failed_HF_evaluations_pct,15,LC-SAEA,16,0.8355262523725039
failed_HF_evaluations_pct,15,LC-SAEA,17,0.8338721249957076
failed_HF_evaluations_pct,15,LC-SAEA,18,0.849744018269396
failed_HF_evaluations_pct,15,LC-SAEA,19,0.8364419712925869
failed_HF_evaluations_pct,15,LC-SAEA,20,0.8445712446726515
failed_HF_evaluations_pct,20,MF-BCL-SAEA,1,0.8877543002115984
failed_HF_evaluations_pct,20,MF-BCL-SAEA,2,0.8921944220873114
failed_HF_evaluations_pct,20,MF-BCL-SAEA,3,0.8916879543445175
failed_HF_evaluations_pct,20,MF-BCL-SAEA,4,0.8924209663162546
failed_HF_evaluations_pct,20,MF-BCL-SAEA,5,0.8941663530218863
failed_HF_evaluations_pct,20,MF-BCL-SAEA,6,0.8904214222676373
failed_HF_evaluations_pct,20,MF-BCL-SAEA,7,0.8935536174757401
failed_HF_evaluations_pct,20,MF-BCL-SAEA,8,0.8868203178724626
failed_HF_evaluations_pct,20,MF-BCL-SAEA,9,0.8833556191879977
failed_HF_evaluations_pct,20,MF-BCL-SAEA,10,0.877125008887163
failed_HF_evaluations_pct,20,MF-BCL-SAEA,11,0.8779318887597156
failed_HF_evaluations_pct,20,MF-BCL-SAEA,12,0.8950441415896786
failed_HF_evaluations_pct,20,MF-BCL-SAEA,13,0.8815239406477949
failed_HF_evaluations_pct,20,MF-BCL-SAEA,14,0.8873363025778844
failed_HF_evaluations_pct,20,MF-BCL-SAEA,15,0.8895454801179855
failed_HF_evaluations_pct,20,MF-BCL-SAEA,16,0.890260855308173
failed_HF_evaluations_pct,20,MF-BCL-SAEA,17,0.884627631426103
failed_HF_evaluations_pct,20,MF-BCL-SAEA,18,0.8876820499985231
failed_HF_evaluations_pct,20,MF-BCL-SAEA,19,0.8947875851358953
failed_HF_evaluations_pct,20,MF-BCL-SAEA,20,0.8863822697358832
failed_HF_evaluations_pct,20,MF-EMTO,1,0.8504403662161342
failed_HF_evaluations_pct,20,MF-EMTO,2,0.8459079785884419
failed_HF_evaluations_pct,20,MF-EMTO,3,0.8502784692856168
failed_HF_evaluations_pct,20,MF-EMTO,4,0.8491293766917634
failed_HF_evaluations_pct,20,MF-EMTO,5,0.8496786715861864
failed_HF_evaluations_pct,20,MF-EMTO,6,0.8374336718106928
failed_HF_evaluations_pct,20,MF-EMTO,7,0.8576586209052383
failed_HF_evaluations_pct,20,MF-EMTO,8,0.8487088624142368
failed_HF_evaluations_pct,20,MF-EMTO,9,0.8398685348847627
failed_HF_evaluations_pct,20,MF-EMTO,10,0.8646115668506987
failed_HF_evaluations_pct,20,MF-EMTO,11,0.8368441425203637
failed_HF_evaluations_pct,20,MF-EMTO,12,0.8492132247921296
failed_HF_evaluations_pct,20,MF-EMTO,13,0.8532476350941919
failed_HF_evaluations_pct,20,MF-EMTO,14,0.8423320357159997
failed_HF_evaluations_pct,20,MF-EMTO,15,0.8345198804588263
failed_HF_evaluations_pct,20,MF-EMTO,16,0.8414123798344664
failed_HF_evaluations_pct,20,MF-EMTO,17,0.8641993788283542
failed_HF_evaluations_pct,20,MF-EMTO,18,0.8507430772187828
failed_HF_evaluations_pct,20,MF-EMTO,19,0.8555988777633593
failed_HF_evaluations_pct,20,MF-EMTO,20,0.8463386448093748
failed_HF_evaluations_pct,20,qNEHVI,1,0.8419516921672394
failed_HF_evaluations_pct,20,qNEHVI,2,0.8546974554286006
failed_HF_evaluations_pct,20,qNEHVI,3,0.8513831646521501
failed_HF_evaluations_pct,20,qNEHVI,4,0.8475860110254126
failed_HF_evaluations_pct,20,qNEHVI,5,0.8475444962851397
failed_HF_evaluations_pct,20,qNEHVI,6,0.844482945260963
failed_HF_evaluations_pct,20,qNEHVI,7,0.8404899826492432
failed_HF_evaluations_pct,20,qNEHVI,8,0.848360407643418
failed_HF_evaluations_pct,20,qNEHVI,9,0.8430405960498865
failed_HF_evaluations_pct,20,qNEHVI,10,0.8354608014179807
failed_HF_evaluations_pct,20,qNEHVI,11,0.8279520331556834
failed_HF_evaluations_pct,20,qNEHVI,12,0.8317915840738711
failed_HF_evaluations_pct,20,qNEHVI,13,0.848408469730074
failed_HF_evaluations_pct,20,qNEHVI,14,0.8496382790039572
failed_HF_evaluations_pct,20,qNEHVI,15,0.8424659718172505
failed_HF_evaluations_pct,20,qNEHVI,16,0.8412296264400809
failed_HF_evaluations_pct,20,qNEHVI,17,0.8440737620180898
failed_HF_evaluations_pct,20,qNEHVI,18,0.841690943085187
failed_HF_evaluations_pct,20,qNEHVI,19,0.8429894331545229
failed_HF_evaluations_pct,20,qNEHVI,20,0.8559032682593497
failed_HF_evaluations_pct,20,LC-SAEA,1,0.8198105141202449
failed_HF_evaluations_pct,20,LC-SAEA,2,0.8312637143905117
failed_HF_evaluations_pct,20,LC-SAEA,3,0.8226270631701389
failed_HF_evaluations_pct,20,LC-SAEA,4,0.8294330966040397
failed_HF_evaluations_pct,20,LC-SAEA,5,0.843742063518069
failed_HF_evaluations_pct,20,LC-SAEA,6,0.8211037396081804
failed_HF_evaluations_pct,20,LC-SAEA,7,0.8263310241849535
failed_HF_evaluations_pct,20,LC-SAEA,8,0.8330468351215439
failed_HF_evaluations_pct,20,LC-SAEA,9,0.8344001354976975
failed_HF_evaluations_pct,20,LC-SAEA,10,0.8403349847224958
failed_HF_evaluations_pct,20,LC-SAEA,11,0.8370555329145845
failed_HF_evaluations_pct,20,LC-SAEA,12,0.8432740493649588
failed_HF_evaluations_pct,20,LC-SAEA,13,0.8202009574893719
failed_HF_evaluations_pct,20,LC-SAEA,14,0.8404655903226761
failed_HF_evaluations_pct,20,LC-SAEA,15,0.836096419688119
failed_HF_evaluations_pct,20,LC-SAEA,16,0.8298165315070947
failed_HF_evaluations_pct,20,LC-SAEA,17,0.8370994557312053
failed_HF_evaluations_pct,20,LC-SAEA,18,0.839076307612605
failed_HF_evaluations_pct,20,LC-SAEA,19,0.8496544072001894
failed_HF_evaluations_pct,20,LC-SAEA,20,0.8293839432587973
HF_budget,50,MF-BCL-SAEA,1,0.8627779971442622
HF_budget,50,MF-BCL-SAEA,2,0.8512226071371951
HF_budget,50,MF-BCL-SAEA,3,0.8541233129750915
HF_budget,50,MF-BCL-SAEA,4,0.8537796526198417
HF_budget,50,MF-BCL-SAEA,5,0.8558668862790032
HF_budget,50,MF-BCL-SAEA,6,0.8523641388257249
HF_budget,50,MF-BCL-SAEA,7,0.8530963347132715
HF_budget,50,MF-BCL-SAEA,8,0.8540947623149129
HF_budget,50,MF-BCL-SAEA,9,0.8477109866303553
HF_budget,50,MF-BCL-SAEA,10,0.8630910857754193
HF_budget,50,MF-BCL-SAEA,11,0.856438094165779
HF_budget,50,MF-BCL-SAEA,12,0.8547729437962868
HF_budget,50,MF-BCL-SAEA,13,0.8510040449870131
HF_budget,50,MF-BCL-SAEA,14,0.8546930610928203
HF_budget,50,MF-BCL-SAEA,15,0.8490674504061699
HF_budget,50,MF-BCL-SAEA,16,0.8502975714461494
HF_budget,50,MF-BCL-SAEA,17,0.8499199270081361
HF_budget,50,MF-BCL-SAEA,18,0.8586056328556035
HF_budget,50,MF-BCL-SAEA,19,0.8469487963919009
HF_budget,50,MF-BCL-SAEA,20,0.8654456624524715
HF_budget,50,MF-EMTO,1,0.8286395079212847
HF_budget,50,MF-EMTO,2,0.81785648183179
HF_budget,50,MF-EMTO,3,0.8157852258447778
HF_budget,50,MF-EMTO,4,0.8187697728350504
HF_budget,50,MF-EMTO,5,0.8174726091123622
HF_budget,50,MF-EMTO,6,0.8191136956073831
HF_budget,50,MF-EMTO,7,0.832083755619799
HF_budget,50,MF-EMTO,8,0.8141741110292358
HF_budget,50,MF-EMTO,9,0.815548479385125
HF_budget,50,MF-EMTO,10,0.8199109572926736
HF_budget,50,MF-EMTO,11,0.807324508716807
HF_budget,50,MF-EMTO,12,0.828185615595419
HF_budget,50,MF-EMTO,13,0.819102816697606
HF_budget,50,MF-EMTO,14,0.8221018255562186
HF_budget,50,MF-EMTO,15,0.8162001270535187
HF_budget,50,MF-EMTO,16,0.815999761502045
HF_budget,50,MF-EMTO,17,0.8227737712685412
HF_budget,50,MF-EMTO,18,0.8236721701802912
HF_budget,50,MF-EMTO,19,0.8165598950375152
HF_budget,50,MF-EMTO,20,0.8154612560106719
HF_budget,50,qNEHVI,1,0.8086876917323796
HF_budget,50,qNEHVI,2,0.8091219046353711
HF_budget,50,qNEHVI,3,0.8212812612451044
HF_budget,50,qNEHVI,4,0.8165354203632758
HF_budget,50,qNEHVI,5,0.8098452367792843
HF_budget,50,qNEHVI,6,0.8245073942110903
HF_budget,50,qNEHVI,7,0.8121642399323299
HF_budget,50,qNEHVI,8,0.8090083547404227
HF_budget,50,qNEHVI,9,0.8199772657730177
HF_budget,50,qNEHVI,10,0.8264654882706061
HF_budget,50,qNEHVI,11,0.8002179007645449
HF_budget,50,qNEHVI,12,0.8248310723285353
HF_budget,50,qNEHVI,13,0.8072429516221657
HF_budget,50,qNEHVI,14,0.8242181026333263
HF_budget,50,qNEHVI,15,0.8208590110543855
HF_budget,50,qNEHVI,16,0.8122448384292208
HF_budget,50,qNEHVI,17,0.8122781744202681
HF_budget,50,qNEHVI,18,0.7985941186336223
HF_budget,50,qNEHVI,19,0.8334345433582359
HF_budget,50,qNEHVI,20,0.8056102194633279
HF_budget,50,LC-SAEA,1,0.8016509205756592
HF_budget,50,LC-SAEA,2,0.8202729534508818
HF_budget,50,LC-SAEA,3,0.7977696585993966
HF_budget,50,LC-SAEA,4,0.814523172267986
HF_budget,50,LC-SAEA,5,0.8095122434867718
HF_budget,50,LC-SAEA,6,0.803659833294633
HF_budget,50,LC-SAEA,7,0.8018394988734246
HF_budget,50,LC-SAEA,8,0.803834927389685
HF_budget,50,LC-SAEA,9,0.7897910287613225
HF_budget,50,LC-SAEA,10,0.8040219803876187
HF_budget,50,LC-SAEA,11,0.8199531684390672
HF_budget,50,LC-SAEA,12,0.7905631373157493
HF_budget,50,LC-SAEA,13,0.7963825069386337
HF_budget,50,LC-SAEA,14,0.8120049361192783
HF_budget,50,LC-SAEA,15,0.8150091504305323
HF_budget,50,LC-SAEA,16,0.7999063638236961
HF_budget,50,LC-SAEA,17,0.8090559630982767
HF_budget,50,LC-SAEA,18,0.8124037097478478
HF_budget,50,LC-SAEA,19,0.8022404894898059
HF_budget,50,LC-SAEA,20,0.8005369820383249
HF_budget,75,MF-BCL-SAEA,1,0.8662802592543973
HF_budget,75,MF-BCL-SAEA,2,0.8771671765952503
HF_budget,75,MF-BCL-SAEA,3,0.869380321786879
HF_budget,75,MF-BCL-SAEA,4,0.8704821565875407
HF_budget,75,MF-BCL-SAEA,5,0.8668908976281202
HF_budget,75,MF-BCL-SAEA,6,0.8777849309854799
HF_budget,75,MF-BCL-SAEA,7,0.8781154947979853
HF_budget,75,MF-BCL-SAEA,8,0.8762703418175078
HF_budget,75,MF-BCL-SAEA,9,0.8718665232836574
HF_budget,75,MF-BCL-SAEA,10,0.866008514481097
HF_budget,75,MF-BCL-SAEA,11,0.8624902832135394
HF_budget,75,MF-BCL-SAEA,12,0.8724431568278821
HF_budget,75,MF-BCL-SAEA,13,0.8705450948378997
HF_budget,75,MF-BCL-SAEA,14,0.8702873088038806
HF_budget,75,MF-BCL-SAEA,15,0.874288703425364
HF_budget,75,MF-BCL-SAEA,16,0.8669147665860717
HF_budget,75,MF-BCL-SAEA,17,0.8636474578305021
HF_budget,75,MF-BCL-SAEA,18,0.8694490057624271
HF_budget,75,MF-BCL-SAEA,19,0.8657075046149061
HF_budget,75,MF-BCL-SAEA,20,0.8602466706309608
HF_budget,75,MF-EMTO,1,0.8264837046581829
HF_budget,75,MF-EMTO,2,0.8288884139560708
HF_budget,75,MF-EMTO,3,0.835599692714826
HF_budget,75,MF-EMTO,4,0.8482476143091573
HF_budget,75,MF-EMTO,5,0.8251982820974311
HF_budget,75,MF-EMTO,6,0.8214846319036058
HF_budget,75,MF-EMTO,7,0.8345794153683801
HF_budget,75,MF-EMTO,8,0.8309713490841402
HF_budget,75,MF-EMTO,9,0.8257042999368989
HF_budget,75,MF-EMTO,10,0.8324012283104294
HF_budget,75,MF-EMTO,11,0.8325856657109936
HF_budget,75,MF-EMTO,12,0.8312830131837027
HF_budget,75,MF-EMTO,13,0.8358363693255563
HF_budget,75,MF-EMTO,14,0.8201535741579737
HF_budget,75,MF-EMTO,15,0.8173354201243281
HF_budget,75,MF-EMTO,16,0.8323702579974828
HF_budget,75,MF-EMTO,17,0.8326728159113403
HF_budget,75,MF-EMTO,18,0.8319037786222313
HF_budget,75,MF-EMTO,19,0.8311660346421753
HF_budget,75,MF-EMTO,20,0.8266978387905326
HF_budget,75,qNEHVI,1,0.8226044255005451
HF_budget,75,qNEHVI,2,0.8432089041327357
HF_budget,75,qNEHVI,3,0.8252033402365561
HF_budget,75,qNEHVI,4,0.8360931801453299
HF_budget,75,qNEHVI,5,0.8418450105433687
HF_budget,75,qNEHVI,6,0.8445170763420318
HF_budget,75,qNEHVI,7,0.8293502811321734
HF_budget,75,qNEHVI,8,0.8298520358410578
HF_budget,75,qNEHVI,9,0.8212747987559473
HF_budget,75,qNEHVI,10,0.8320145678855687
HF_budget,75,qNEHVI,11,0.8249509839359285
HF_budget,75,qNEHVI,12,0.8257675448737527
HF_budget,75,qNEHVI,13,0.8209534296468045
HF_budget,75,qNEHVI,14,0.8411614046475544
HF_budget,75,qNEHVI,15,0.827837904275609
HF_budget,75,qNEHVI,16,0.8339914300971457
HF_budget,75,qNEHVI,17,0.8283700535341401
HF_budget,75,qNEHVI,18,0.8179024204421653
HF_budget,75,qNEHVI,19,0.824254315851064
HF_budget,75,qNEHVI,20,0.8195911463167662
HF_budget,75,LC-SAEA,1,0.8132616067501363
HF_budget,75,LC-SAEA,2,0.829076884381359
HF_budget,75,LC-SAEA,3,0.7981488917905625
HF_budget,75,LC-SAEA,4,0.8233194381036392
HF_budget,75,LC-SAEA,5,0.8183360496297987
HF_budget,75,LC-SAEA,6,0.8284524891129319
HF_budget,75,LC-SAEA,7,0.8293284422510219
HF_budget,75,LC-SAEA,8,0.8267547260272031
HF_budget,75,LC-SAEA,9,0.8319713094303832
HF_budget,75,LC-SAEA,10,0.8174351033930134
HF_budget,75,LC-SAEA,11,0.8266309146373673
HF_budget,75,LC-SAEA,12,0.8270552876069748
HF_budget,75,LC-SAEA,13,0.827109788181724
HF_budget,75,LC-SAEA,14,0.8270452712254386
HF_budget,75,LC-SAEA,15,0.8189455715180006
HF_budget,75,LC-SAEA,16,0.8147247557009691
HF_budget,75,LC-SAEA,17,0.8167902010486722
HF_budget,75,LC-SAEA,18,0.8243615740796231
HF_budget,75,LC-SAEA,19,0.8178190300622887
HF_budget,75,LC-SAEA,20,0.8235409826553511
HF_budget,100,MF-BCL-SAEA,1,0.878862426109983
HF_budget,100,MF-BCL-SAEA,2,0.8786405510594626
HF_budget,100,MF-BCL-SAEA,3,0.8936820308842996
HF_budget,100,MF-BCL-SAEA,4,0.8842410980213492
HF_budget,100,MF-BCL-SAEA,5,0.8881137746684789
HF_budget,100,MF-BCL-SAEA,6,0.8816699185430062
HF_budget,100,MF-BCL-SAEA,7,0.8781335744043445
HF_budget,100,MF-BCL-SAEA,8,0.8792851209837661
HF_budget,100,MF-BCL-SAEA,9,0.8811030157148002
HF_budget,100,MF-BCL-SAEA,10,0.8888371039746277
HF_budget,100,MF-BCL-SAEA,11,0.8785341100408554
HF_budget,100,MF-BCL-SAEA,12,0.8878079543833822
HF_budget,100,MF-BCL-SAEA,13,0.8871140542746069
HF_budget,100,MF-BCL-SAEA,14,0.8859653005435879
HF_budget,100,MF-BCL-SAEA,15,0.8905477852674634
HF_budget,100,MF-BCL-SAEA,16,0.8810852133019735
HF_budget,100,MF-BCL-SAEA,17,0.8761839639875582
HF_budget,100,MF-BCL-SAEA,18,0.8830404246554774
HF_budget,100,MF-BCL-SAEA,19,0.8781565333598887
HF_budget,100,MF-BCL-SAEA,20,0.8871357015719725
HF_budget,100,MF-EMTO,1,0.8498348812630979
HF_budget,100,MF-EMTO,2,0.8418419039959052
HF_budget,100,MF-EMTO,3,0.8415395860616292
HF_budget,100,MF-EMTO,4,0.8529989739654278
HF_budget,100,MF-EMTO,5,0.842119338455755
HF_budget,100,MF-EMTO,6,0.8432538977389302
HF_budget,100,MF-EMTO,7,0.850795896563857
HF_budget,100,MF-EMTO,8,0.8540751255305989
HF_budget,100,MF-EMTO,9,0.8343298522615216
HF_budget,100,MF-EMTO,10,0.84390886717772
HF_budget,100,MF-EMTO,11,0.8267076378898318
HF_budget,100,MF-EMTO,12,0.841053232700812
HF_budget,100,MF-EMTO,13,0.8529938473752554
HF_budget,100,MF-EMTO,14,0.8399104064642949
HF_budget,100,MF-EMTO,15,0.8464190816118793
HF_budget,100,MF-EMTO,16,0.8507045397447013
HF_budget,100,MF-EMTO,17,0.8354921945180108
HF_budget,100,MF-EMTO,18,0.844926292390308
HF_budget,100,MF-EMTO,19,0.8547967895832645
HF_budget,100,MF-EMTO,20,0.8315128232659998
HF_budget,100,qNEHVI,1,0.8534441195931545
HF_budget,100,qNEHVI,2,0.8410894325865547
HF_budget,100,qNEHVI,3,0.8376110318142543
HF_budget,100,qNEHVI,4,0.8547020950958394
HF_budget,100,qNEHVI,5,0.8381239365163116
HF_budget,100,qNEHVI,6,0.8363266162375248
HF_budget,100,qNEHVI,7,0.8407399425971487
HF_budget,100,qNEHVI,8,0.8311228675525932
HF_budget,100,qNEHVI,9,0.8412205661153047
HF_budget,100,qNEHVI,10,0.8493927973559086
HF_budget,100,qNEHVI,11,0.8368161081294081
HF_budget,100,qNEHVI,12,0.8221248764414527
HF_budget,100,qNEHVI,13,0.8396045189228853
HF_budget,100,qNEHVI,14,0.8376179692384516
HF_budget,100,qNEHVI,15,0.8450576937713434
HF_budget,100,qNEHVI,16,0.8376269399697851
HF_budget,100,qNEHVI,17,0.8378842449226016
HF_budget,100,qNEHVI,18,0.8335611599319952
HF_budget,100,qNEHVI,19,0.8327483293888092
HF_budget,100,qNEHVI,20,0.8462041682221999
HF_budget,100,LC-SAEA,1,0.8426182245341762
HF_budget,100,LC-SAEA,2,0.8253114231608198
HF_budget,100,LC-SAEA,3,0.8331628358488289
HF_budget,100,LC-SAEA,4,0.8316853303820199
HF_budget,100,LC-SAEA,5,0.828805579005037
HF_budget,100,LC-SAEA,6,0.8477025828144225
HF_budget,100,LC-SAEA,7,0.8325982918639107
HF_budget,100,LC-SAEA,8,0.840218917231636
HF_budget,100,LC-SAEA,9,0.823345348386825
HF_budget,100,LC-SAEA,10,0.8374890411511584
HF_budget,100,LC-SAEA,11,0.8344354735152775
HF_budget,100,LC-SAEA,12,0.844626845559507
HF_budget,100,LC-SAEA,13,0.8415026231464747
HF_budget,100,LC-SAEA,14,0.8295898049265289
HF_budget,100,LC-SAEA,15,0.844912297301803
HF_budget,100,LC-SAEA,16,0.8355043118796146
HF_budget,100,LC-SAEA,17,0.8306362460150961
HF_budget,100,LC-SAEA,18,0.8399701463933983
HF_budget,100,LC-SAEA,19,0.8327885782749285
HF_budget,100,LC-SAEA,20,0.8335517130526802
HF_budget,150,MF-BCL-SAEA,1,0.9046806696794343
HF_budget,150,MF-BCL-SAEA,2,0.9061294931567143
HF_budget,150,MF-BCL-SAEA,3,0.9003177920335945
HF_budget,150,MF-BCL-SAEA,4,0.898766320355699
HF_budget,150,MF-BCL-SAEA,5,0.9045585261868905
HF_budget,150,MF-BCL-SAEA,6,0.906859377660902
HF_budget,150,MF-BCL-SAEA,7,0.8902394061644875
HF_budget,150,MF-BCL-SAEA,8,0.903546533009723
HF_budget,150,MF-BCL-SAEA,9,0.894299577883541
HF_budget,150,MF-BCL-SAEA,10,0.8984144289376726
HF_budget,150,MF-BCL-SAEA,11,0.904353270358519
HF_budget,150,MF-BCL-SAEA,12,0.8897954736859846
HF_budget,150,MF-BCL-SAEA,13,0.8924736318923748
HF_budget,150,MF-BCL-SAEA,14,0.8929317199005267
HF_budget,150,MF-BCL-SAEA,15,0.8949858253499868
HF_budget,150,MF-BCL-SAEA,16,0.9001222227933651
HF_budget,150,MF-BCL-SAEA,17,0.895501405458017
HF_budget,150,MF-BCL-SAEA,18,0.8994449164350188
HF_budget,150,MF-BCL-SAEA,19,0.8904338618190273
HF_budget,150,MF-BCL-SAEA,20,0.9004813036299656
HF_budget,150,MF-EMTO,1,0.8594065104514695
HF_budget,150,MF-EMTO,2,0.8388242568617666
HF_budget,150,MF-EMTO,3,0.8607369690155929
HF_budget,150,MF-EMTO,4,0.8616081554117678
HF_budget,150,MF-EMTO,5,0.8766916986397139
HF_budget,150,MF-EMTO,6,0.8588429496838701
HF_budget,150,MF-EMTO,7,0.8594153287378032
HF_budget,150,MF-EMTO,8,0.8741396463216602
HF_budget,150,MF-EMTO,9,0.8684434297589231
HF_budget,150,MF-EMTO,10,0.855899239567125
HF_budget,150,MF-EMTO,11,0.8604635127417108
HF_budget,150,MF-EMTO,12,0.8746975835277767
HF_budget,150,MF-EMTO,13,0.8689773033080381
HF_budget,150,MF-EMTO,14,0.8556119686798465
HF_budget,150,MF-EMTO,15,0.8622555730832987
HF_budget,150,MF-EMTO,16,0.8727364241195514
HF_budget,150,MF-EMTO,17,0.8577037256148691
HF_budget,150,MF-EMTO,18,0.862402602257448
HF_budget,150,MF-EMTO,19,0.8695166923929207
HF_budget,150,MF-EMTO,20,0.8543733836069624
HF_budget,150,qNEHVI,1,0.8474179849501442
HF_budget,150,qNEHVI,2,0.8491540278612768
HF_budget,150,qNEHVI,3,0.8432265577889486
HF_budget,150,qNEHVI,4,0.857041882190369
HF_budget,150,qNEHVI,5,0.8643549408295602
HF_budget,150,qNEHVI,6,0.8509036885247622
HF_budget,150,qNEHVI,7,0.8746176180786437
HF_budget,150,qNEHVI,8,0.8719045794272217
HF_budget,150,qNEHVI,9,0.8544663399456497
HF_budget,150,qNEHVI,10,0.862125110615627
HF_budget,150,qNEHVI,11,0.8522226865737145
HF_budget,150,qNEHVI,12,0.8555182007586345
HF_budget,150,qNEHVI,13,0.8479847866177551
HF_budget,150,qNEHVI,14,0.8553275766880196
HF_budget,150,qNEHVI,15,0.8600696456261107
HF_budget,150,qNEHVI,16,0.8543619067137007
HF_budget,150,qNEHVI,17,0.8523757983418444
HF_budget,150,qNEHVI,18,0.8366694575974479
HF_budget,150,qNEHVI,19,0.8689175871475842
HF_budget,150,qNEHVI,20,0.8508159839357925
HF_budget,150,LC-SAEA,1,0.8541782788508064
HF_budget,150,LC-SAEA,2,0.8450131323668446
HF_budget,150,LC-SAEA,3,0.8480057829074228
HF_budget,150,LC-SAEA,4,0.8448954276434637
HF_budget,150,LC-SAEA,5,0.8541434296154132
HF_budget,150,LC-SAEA,6,0.862948437389114
HF_budget,150,LC-SAEA,7,0.8460990641947396
HF_budget,150,LC-SAEA,8,0.8504354763241037
HF_budget,150,LC-SAEA,9,0.856239324582422
HF_budget,150,LC-SAEA,10,0.8547960611931832
HF_budget,150,LC-SAEA,11,0.8554967120359867
HF_budget,150,LC-SAEA,12,0.8504238069610381
HF_budget,150,LC-SAEA,13,0.860057606102445
HF_budget,150,LC-SAEA,14,0.8495180943568743
HF_budget,150,LC-SAEA,15,0.8605305966270724
HF_budget,150,LC-SAEA,16,0.8587583209420575
HF_budget,150,LC-SAEA,17,0.8551180234783595
HF_budget,150,LC-SAEA,18,0.8629929134601366
HF_budget,150,LC-SAEA,19,0.8509252052440082
HF_budget,150,LC-SAEA,20,0.8645247220027182
HF_budget,200,MF-BCL-SAEA,1,0.9036896988457223
HF_budget,200,MF-BCL-SAEA,2,0.9065066038209222
HF_budget,200,MF-BCL-SAEA,3,0.912246658582842
HF_budget,200,MF-BCL-SAEA,4,0.9102293694630709
HF_budget,200,MF-BCL-SAEA,5,0.9111213052869784
HF_budget,200,MF-BCL-SAEA,6,0.9114967136708166
HF_budget,200,MF-BCL-SAEA,7,0.9118258154207581
HF_budget,200,MF-BCL-SAEA,8,0.9054319152517329
HF_budget,200,MF-BCL-SAEA,9,0.9071971890293902
HF_budget,200,MF-BCL-SAEA,10,0.9079819774535266
HF_budget,200,MF-BCL-SAEA,11,0.9158476211890685
HF_budget,200,MF-BCL-SAEA,12,0.9064297461998335
HF_budget,200,MF-BCL-SAEA,13,0.9046449118447143
HF_budget,200,MF-BCL-SAEA,14,0.9099490228949251
HF_budget,200,MF-BCL-SAEA,15,0.9036797362232356
HF_budget,200,MF-BCL-SAEA,16,0.9099210856900407
HF_budget,200,MF-BCL-SAEA,17,0.9014532541370169
HF_budget,200,MF-BCL-SAEA,18,0.9008335791835832
HF_budget,200,MF-BCL-SAEA,19,0.9016164960699643
HF_budget,200,MF-BCL-SAEA,20,0.9124304402665087
HF_budget,200,MF-EMTO,1,0.8822044874336306
HF_budget,200,MF-EMTO,2,0.8790450499218491
HF_budget,200,MF-EMTO,3,0.8747399167993918
HF_budget,200,MF-EMTO,4,0.8610112493966342
HF_budget,200,MF-EMTO,5,0.858966335238551
HF_budget,200,MF-EMTO,6,0.8712539870674311
HF_budget,200,MF-EMTO,7,0.8598740348859493
HF_budget,200,MF-EMTO,8,0.8690856731602506
HF_budget,200,MF-EMTO,9,0.8598265190389681
HF_budget,200,MF-EMTO,10,0.8763176232915101
HF_budget,200,MF-EMTO,11,0.8815148045529774
HF_budget,200,MF-EMTO,12,0.8642263556189378
HF_budget,200,MF-EMTO,13,0.8749671629558853
HF_budget,200,MF-EMTO,14,0.8675048826101337
HF_budget,200,MF-EMTO,15,0.8764415128708978
HF_budget,200,MF-EMTO,16,0.8900727104141771
HF_budget,200,MF-EMTO,17,0.871939376589114
HF_budget,200,MF-EMTO,18,0.8794223604986476
HF_budget,200,MF-EMTO,19,0.8724566522301365
HF_budget,200,MF-EMTO,20,0.8709401288419928
HF_budget,200,qNEHVI,1,0.8697625234076045
HF_budget,200,qNEHVI,2,0.8764024925802764
HF_budget,200,qNEHVI,3,0.8654338576017044
HF_budget,200,qNEHVI,4,0.8757799464811616
HF_budget,200,qNEHVI,5,0.8731990012299796
HF_budget,200,qNEHVI,6,0.874637960955489
HF_budget,200,qNEHVI,7,0.8737484920723747
HF_budget,200,qNEHVI,8,0.8710807555349683
HF_budget,200,qNEHVI,9,0.8810589265806597
HF_budget,200,qNEHVI,10,0.8700233343039664
HF_budget,200,qNEHVI,11,0.8768348587338003
HF_budget,200,qNEHVI,12,0.862810937508292
HF_budget,200,qNEHVI,13,0.8603868625222404
HF_budget,200,qNEHVI,14,0.8612879746234401
HF_budget,200,qNEHVI,15,0.8519574745764144
HF_budget,200,qNEHVI,16,0.8824507832546471
HF_budget,200,qNEHVI,17,0.8692350322438844
HF_budget,200,qNEHVI,18,0.8677223813071054
HF_budget,200,qNEHVI,19,0.8604532879580354
HF_budget,200,qNEHVI,20,0.8646832052668945
HF_budget,200,LC-SAEA,1,0.870035427594974
HF_budget,200,LC-SAEA,2,0.8739895717159386
HF_budget,200,LC-SAEA,3,0.8621976737591279
HF_budget,200,LC-SAEA,4,0.8672178961632183
HF_budget,200,LC-SAEA,5,0.8520709789218323
HF_budget,200,LC-SAEA,6,0.8582855888060723
HF_budget,200,LC-SAEA,7,0.8698315769446634
HF_budget,200,LC-SAEA,8,0.8595525657310609
HF_budget,200,LC-SAEA,9,0.8573351464499549
HF_budget,200,LC-SAEA,10,0.8638972203851684
HF_budget,200,LC-SAEA,11,0.8588378127717042
HF_budget,200,LC-SAEA,12,0.8534939361559281
HF_budget,200,LC-SAEA,13,0.8613535246643247
HF_budget,200,LC-SAEA,14,0.8466826178418239
HF_budget,200,LC-SAEA,15,0.8601479205820305
HF_budget,200,LC-SAEA,16,0.8585885362232842
HF_budget,200,LC-SAEA,17,0.8679952888540822
HF_budget,200,LC-SAEA,18,0.8482862004180386
HF_budget,200,LC-SAEA,19,0.8517396489750934
HF_budget,200,LC-SAEA,20,0.8524647937204347
